YEAR,T_MAPCODE,BIOME,LC7_text,km2
1750,AT15,Albany Thicket,Natural,14.6008
1750,AT16,Albany Thicket,Natural,53.7692
1750,AT17,Albany Thicket,Natural,729.2028
1750,AT18,Albany Thicket,Natural,1175.6312
1750,AT19,Albany Thicket,Natural,1077.8672
1750,AT20,Albany Thicket,Natural,35.5164
1750,AT21,Albany Thicket,Natural,386.3068
1750,AT22,Albany Thicket,Natural,215.488
1750,AT23,Albany Thicket,Natural,311.1928
1750,AT24,Albany Thicket,Natural,2976.1348
1750,AT25,Albany Thicket,Natural,2128.9656
1750,AT26,Albany Thicket,Natural,40.4824
1750,AT27,Albany Thicket,Natural,1239.9792
1750,AT28,Albany Thicket,Natural,1030.5104
1750,AT29,Albany Thicket,Natural,784.614
1750,AT30,Albany Thicket,Natural,674.0584
1750,AT31,Albany Thicket,Natural,240.8016
1750,AT32,Albany Thicket,Natural,3596.184
1750,AT33,Albany Thicket,Natural,491.8056
1750,AT34,Albany Thicket,Natural,167.5268
1750,AT35,Albany Thicket,Natural,30.1476
1750,AT36,Albany Thicket,Natural,51.4116
1750,AT37,Albany Thicket,Natural,176.6464
1750,AT38,Albany Thicket,Natural,1290.854
1750,AT39,Albany Thicket,Natural,245.8596
1750,AT40,Albany Thicket,Natural,596.3172
1750,AT41,Albany Thicket,Natural,307.5216
1750,AT42,Albany Thicket,Natural,59.8564
1750,AT43,Albany Thicket,Natural,286.2032
1750,AT44,Albany Thicket,Natural,163.4576
1750,AT45,Albany Thicket,Natural,697.0252
1750,AT46,Albany Thicket,Natural,571.8576
1750,AT47,Albany Thicket,Natural,910.5756
1750,AT48,Albany Thicket,Natural,20.3768
1750,AT49,Albany Thicket,Natural,5647.1168
1750,AT50,Albany Thicket,Natural,577.5424
1750,AT51,Albany Thicket,Natural,1963.4028
1750,AT52,Albany Thicket,Natural,43.5968
1750,AT53,Albany Thicket,Natural,27.1028
1750,AT54,Albany Thicket,Natural,187.7204
1750,AT55,Albany Thicket,Natural,760.3872
1750,AT56,Albany Thicket,Natural,701.6176
1750,AT57,Albany Thicket,Natural,137.0648
1750,AT58,Albany Thicket,Natural,2252.3448
1750,AZa1,Azonal,Natural,18.7044
1750,AZa2,Azonal,Natural,350.796
1750,AZa3,Azonal,Natural,867.5872
1750,AZa4,Azonal,Natural,1787.3464
1750,AZa5,Azonal,Natural,3235.1676
1750,AZa6,Azonal,Natural,653.4064
1750,AZa7,Azonal,Natural,1274.7652
1750,AZd1,Azonal,Natural,6.4404
1750,AZd2,Azonal,Natural,13.216
1750,AZd3,Azonal,Natural,220.1216
1750,AZd4,Azonal,Natural,28.0788
1750,AZi1,Azonal,Natural,1363.9048
1750,AZi3,Azonal,Natural,1919.2856
1750,AZi5,Azonal,Natural,5176.9952
1750,AZi6,Azonal,Natural,5302.936
1750,AZi7,Azonal,Natural,2130.1056
1750,AZi8,Azonal,Natural,407.1792
1750,AZs3,Azonal,Natural,12.9664
1750,CB1,IOCB,Natural,2355.4844
1750,CB2,IOCB,Natural,1122.1012
1750,CB3,IOCB,Natural,4141.8068
1750,CB4,IOCB,Natural,1299.9024
1750,CB5,IOCB,Natural,1650.386
1750,CB6,IOCB,Natural,1121.1792
1750,Dg1,Desert,Natural,335.9332
1750,Dg10,Desert,Natural,2094.648
1750,Dg2,Desert,Natural,361.43
1750,Dg3,Desert,Natural,160.0684
1750,Dg4,Desert,Natural,107.7996
1750,Dg5,Desert,Natural,592.286
1750,Dg6,Desert,Natural,8.2236
1750,Dg7,Desert,Natural,247.0048
1750,Dg8,Desert,Natural,343.1992
1750,Dg9,Desert,Natural,1217.99
1750,Dn1,Desert,Natural,17.0928
1750,Dn2,Desert,Natural,1.5428
1750,Dn3,Desert,Natural,139.9224
1750,Dn4,Desert,Natural,217.0148
1750,Dn5,Desert,Natural,418.2756
1750,FFa1,Fynbos,Natural,180.0652
1750,FFa2,Fynbos,Natural,501.6496
1750,FFa3,Fynbos,Natural,477.154
1750,FFa4,Fynbos,Natural,35.8392
1750,FFb1,Fynbos,Natural,279.0688
1750,FFb2,Fynbos,Natural,134.5308
1750,FFb3,Fynbos,Natural,97.8776
1750,FFb4,Fynbos,Natural,61.9624
1750,FFb5,Fynbos,Natural,108.3896
1750,FFb6,Fynbos,Natural,78.0444
1750,FFc1,Fynbos,Natural,869.1648
1750,FFd1,Fynbos,Natural,1300.9768
1750,FFd10,Fynbos,Natural,151.6788
1750,FFd11,Fynbos,Natural,76.61
1750,FFd2,Fynbos,Natural,2055.6608
1750,FFd3,Fynbos,Natural,1009.5924
1750,FFd4,Fynbos,Natural,689.0436
1750,FFd5,Fynbos,Natural,556.9336
1750,FFd6,Fynbos,Natural,88.5808
1750,FFd7,Fynbos,Natural,247.4448
1750,FFd8,Fynbos,Natural,97.686
1750,FFd9,Fynbos,Natural,517.29
1750,FFf1,Fynbos,Natural,694.0016
1750,FFf2,Fynbos,Natural,40.588
1750,FFg1,Fynbos,Natural,64.8176
1750,FFg2,Fynbos,Natural,523.9892
1750,FFg3,Fynbos,Natural,91.7956
1750,FFg4,Fynbos,Natural,16.934
1750,FFg5,Fynbos,Natural,498.2224
1750,FFh1,Fynbos,Natural,427.9772
1750,FFh10,Fynbos,Natural,283.2676
1750,FFh11,Fynbos,Natural,12.6292
1750,FFh2,Fynbos,Natural,106.534
1750,FFh3,Fynbos,Natural,75.1268
1750,FFh4,Fynbos,Natural,316.876
1750,FFh5,Fynbos,Natural,84.0044
1750,FFh6,Fynbos,Natural,279.4916
1750,FFh7,Fynbos,Natural,266.618
1750,FFh8,Fynbos,Natural,186.7676
1750,FFh9,Fynbos,Natural,563.6392
1750,FFl1,Fynbos,Natural,286.9588
1750,FFl2,Fynbos,Natural,694.2568
1750,FFl3,Fynbos,Natural,791.6736
1750,FFq1,Fynbos,Natural,49.024
1750,FFq2,Fynbos,Natural,1646.1872
1750,FFq3,Fynbos,Natural,1268.0852
1750,FFq4,Fynbos,Natural,97.856
1750,FFq5,Fynbos,Natural,388.8108
1750,FFq6,Fynbos,Natural,683.2776
1750,FFs1,Fynbos,Natural,1014.1516
1750,FFs10,Fynbos,Natural,1050.6224
1750,FFs11,Fynbos,Natural,914.2348
1750,FFs12,Fynbos,Natural,1179.408
1750,FFs13,Fynbos,Natural,531.504
1750,FFs14,Fynbos,Natural,358.8828
1750,FFs15,Fynbos,Natural,993.5776
1750,FFs16,Fynbos,Natural,1215.3228
1750,FFs17,Fynbos,Natural,107.4468
1750,FFs18,Fynbos,Natural,878.8052
1750,FFs19,Fynbos,Natural,1571.0644
1750,FFs2,Fynbos,Natural,1343.1468
1750,FFs20,Fynbos,Natural,2298.4988
1750,FFs21,Fynbos,Natural,318.3396
1750,FFs22,Fynbos,Natural,388.3256
1750,FFs23,Fynbos,Natural,852.1924
1750,FFs24,Fynbos,Natural,1084.7884
1750,FFs25,Fynbos,Natural,332.5684
1750,FFs26,Fynbos,Natural,304.1844
1750,FFs27,Fynbos,Natural,2402.9412
1750,FFs28,Fynbos,Natural,4052.18
1750,FFs29,Fynbos,Natural,334.1964
1750,FFs3,Fynbos,Natural,498.2384
1750,FFs30,Fynbos,Natural,37.5252
1750,FFs31,Fynbos,Natural,50.8348
1750,FFs32,Fynbos,Natural,547.9488
1750,FFs4,Fynbos,Natural,2523.64
1750,FFs5,Fynbos,Natural,1135.986
1750,FFs6,Fynbos,Natural,422.8764
1750,FFs7,Fynbos,Natural,394.0712
1750,FFs8,Fynbos,Natural,319.7464
1750,FFs9,Fynbos,Natural,219.4464
1750,FFt1,Fynbos,Natural,404.9544
1750,FFt2,Fynbos,Natural,211.1624
1750,FOa1,Forest,Natural,132.4988
1750,FOa2,Forest,Natural,100.4988
1750,FOa3,Forest,Natural,23.8196
1750,FOz1,Forest,Natural,788.0828
1750,FOz2,Forest,Natural,214.0732
1750,FOz3,Forest,Natural,1062.2748
1750,FOz4,Forest,Natural,379.0448
1750,FOz5,Forest,Natural,825.652
1750,FOz6,Forest,Natural,185.2344
1750,FOz7,Forest,Natural,680.3208
1750,FOz8,Forest,Natural,265.4308
1750,FOz9,Forest,Natural,68.7972
1750,FRa1,Fynbos,Natural,497.676
1750,FRa2,Fynbos,Natural,63.072
1750,FRc1,Fynbos,Natural,101.0616
1750,FRc2,Fynbos,Natural,209.756
1750,FRd1,Fynbos,Natural,219.4944
1750,FRd2,Fynbos,Natural,578.926
1750,FRg1,Fynbos,Natural,305.5396
1750,FRg2,Fynbos,Natural,951.3408
1750,FRg3,Fynbos,Natural,19.1756
1750,FRl1,Fynbos,Natural,501.6888
1750,FRs1,Fynbos,Natural,207.306
1750,FRs10,Fynbos,Natural,25.2736
1750,FRs11,Fynbos,Natural,1193.6704
1750,FRs12,Fynbos,Natural,2027.506
1750,FRs13,Fynbos,Natural,2762.57
1750,FRs14,Fynbos,Natural,866.5308
1750,FRs15,Fynbos,Natural,276.4104
1750,FRs16,Fynbos,Natural,1347.8644
1750,FRs17,Fynbos,Natural,207.1384
1750,FRs18,Fynbos,Natural,118.7224
1750,FRs19,Fynbos,Natural,373.15
1750,FRs2,Fynbos,Natural,218.8368
1750,FRs20,Fynbos,Natural,46.9912
1750,FRs3,Fynbos,Natural,3217.472
1750,FRs4,Fynbos,Natural,491.7496
1750,FRs5,Fynbos,Natural,1236.5136
1750,FRs6,Fynbos,Natural,2095.8456
1750,FRs7,Fynbos,Natural,1607.8492
1750,FRs8,Fynbos,Natural,1049.7592
1750,FRs9,Fynbos,Natural,4963.7544
1750,FS1,Fynbos,Natural,354.2776
1750,FS10,Fynbos,Natural,322.876
1750,FS11,Fynbos,Natural,39.6004
1750,FS12,Fynbos,Natural,119.0592
1750,FS13,Fynbos,Natural,41.644
1750,FS14,Fynbos,Natural,96.9252
1750,FS2,Fynbos,Natural,298.8244
1750,FS3,Fynbos,Natural,1643.4048
1750,FS4,Fynbos,Natural,61.564
1750,FS5,Fynbos,Natural,342.2724
1750,FS6,Fynbos,Natural,394.2892
1750,FS7,Fynbos,Natural,46.8288
1750,FS9,Fynbos,Natural,27.99
1750,Gd1,Grassland,Natural,5026.9468
1750,Gd10,Grassland,Natural,78.8828
1750,Gd2,Grassland,Natural,158.3236
1750,Gd3,Grassland,Natural,2966.1812
1750,Gd4,Grassland,Natural,6646.0524
1750,Gd5,Grassland,Natural,1218.5104
1750,Gd6,Grassland,Natural,17.5824
1750,Gd7,Grassland,Natural,1343.4028
1750,Gd8,Grassland,Natural,4028.32
1750,Gh1,Grassland,Natural,8370.6212
1750,Gh10,Grassland,Natural,25965.724
1750,Gh11,Grassland,Natural,923.5568
1750,Gh12,Grassland,Natural,329.4952
1750,Gh13,Grassland,Natural,3766.2224
1750,Gh14,Grassland,Natural,9187.4096
1750,Gh15,Grassland,Natural,8598.4796
1750,Gh2,Grassland,Natural,7162.5576
1750,Gh3,Grassland,Natural,13392.4368
1750,Gh4,Grassland,Natural,9677.7704
1750,Gh5,Grassland,Natural,4949.5984
1750,Gh6,Grassland,Natural,16012.9004
1750,Gh7,Grassland,Natural,1571.9508
1750,Gh8,Grassland,Natural,80.4668
1750,Gh9,Grassland,Natural,7074.3048
1750,Gm1,Grassland,Natural,3571.9108
1750,Gm10,Grassland,Natural,1093.2008
1750,Gm11,Grassland,Natural,10508.8704
1750,Gm12,Grassland,Natural,12772.3408
1750,Gm13,Grassland,Natural,3927.052
1750,Gm14,Grassland,Natural,3750.41
1750,Gm15,Grassland,Natural,4216.8496
1750,Gm16,Grassland,Natural,6124.0568
1750,Gm17,Grassland,Natural,1087.416
1750,Gm19,Grassland,Natural,1380.852
1750,Gm2,Grassland,Natural,720.6988
1750,Gm20,Grassland,Natural,20.3384
1750,Gm21,Grassland,Natural,1551.0772
1750,Gm22,Grassland,Natural,939.1744
1750,Gm23,Grassland,Natural,1373.9432
1750,Gm24,Grassland,Natural,10.0012
1750,Gm25,Grassland,Natural,430.6344
1750,Gm26,Grassland,Natural,260.5796
1750,Gm27,Grassland,Natural,268.0664
1750,Gm28,Grassland,Natural,93.8756
1750,Gm29,Grassland,Natural,523.222
1750,Gm3,Grassland,Natural,14029.2096
1750,Gm30,Grassland,Natural,3858.6324
1750,Gm31,Grassland,Natural,1048.1812
1750,Gm4,Grassland,Natural,11278.5632
1750,Gm5,Grassland,Natural,1777.134
1750,Gm6,Grassland,Natural,9891.6532
1750,Gm7,Grassland,Natural,30.0484
1750,Gm8,Grassland,Natural,14492.9396
1750,Gm9,Grassland,Natural,1313.2256
1750,Gs1,Grassland,Natural,539.2132
1750,Gs10,Grassland,Natural,10944.6128
1750,Gs11,Grassland,Natural,2342.158
1750,Gs12,Grassland,Natural,8728.1252
1750,Gs13,Grassland,Natural,492.96
1750,Gs14,Grassland,Natural,5281.672
1750,Gs15,Grassland,Natural,6137.2616
1750,Gs16,Grassland,Natural,3606.2944
1750,Gs17,Grassland,Natural,4242.1876
1750,Gs18,Grassland,Natural,1433.932
1750,Gs19,Grassland,Natural,3024.2364
1750,Gs2,Grassland,Natural,1058.0116
1750,Gs20,Grassland,Natural,6280.594
1750,Gs3,Grassland,Natural,1742.278
1750,Gs4,Grassland,Natural,7440.426
1750,Gs6,Grassland,Natural,5227.4684
1750,Gs7,Grassland,Natural,4653.6068
1750,Gs8,Grassland,Natural,2862.4156
1750,Gs9,Grassland,Natural,6972.2336
1750,NKb1,Nama-Karoo,Natural,4671.0664
1750,NKb2,Nama-Karoo,Natural,607.488
1750,NKb3,Nama-Karoo,Natural,41251.818
1750,NKb4,Nama-Karoo,Natural,2677.2
1750,NKb5,Nama-Karoo,Natural,8634.3688
1750,NKb6,Nama-Karoo,Natural,41250.6684
1750,NKl1,Nama-Karoo,Natural,20205.9452
1750,NKl2,Nama-Karoo,Natural,8321.3632
1750,NKl4,Nama-Karoo,Natural,742.6932
1750,NKu1,Nama-Karoo,Natural,17149.5756
1750,NKu2,Nama-Karoo,Natural,11734.2756
1750,NKu3,Nama-Karoo,Natural,42273.7272
1750,NKu4,Nama-Karoo,Natural,49834.4344
1750,NOTVEG,NOTVEG,Natural,989.6556
1750,SKk1,Succulent Karoo,Natural,1673.774
1750,SKk2,Succulent Karoo,Natural,129.9056
1750,SKk3,Succulent Karoo,Natural,1320.886
1750,SKk4,Succulent Karoo,Natural,983.548
1750,SKk5,Succulent Karoo,Natural,988.53
1750,SKk6,Succulent Karoo,Natural,59.8264
1750,SKk7,Succulent Karoo,Natural,185.2136
1750,SKk8,Succulent Karoo,Natural,2.86
1750,SKk9,Succulent Karoo,Natural,142.7656
1750,SKn1,Succulent Karoo,Natural,7582.1624
1750,SKn2,Succulent Karoo,Natural,539.3324
1750,SKn3,Succulent Karoo,Natural,3107.996
1750,SKn4,Succulent Karoo,Natural,5040.6136
1750,SKn5,Succulent Karoo,Natural,653.3436
1750,SKn6,Succulent Karoo,Natural,396.7944
1750,SKn7,Succulent Karoo,Natural,997.1488
1750,SKr1,Succulent Karoo,Natural,1200.4012
1750,SKr10,Succulent Karoo,Natural,127.5696
1750,SKr11,Succulent Karoo,Natural,129.2752
1750,SKr12,Succulent Karoo,Natural,612.1464
1750,SKr13,Succulent Karoo,Natural,722.676
1750,SKr14,Succulent Karoo,Natural,365.5632
1750,SKr15,Succulent Karoo,Natural,241.7792
1750,SKr16,Succulent Karoo,Natural,432.8448
1750,SKr17,Succulent Karoo,Natural,260.7456
1750,SKr18,Succulent Karoo,Natural,817.7808
1750,SKr19,Succulent Karoo,Natural,371.9632
1750,SKr2,Succulent Karoo,Natural,192.1136
1750,SKr3,Succulent Karoo,Natural,170.7744
1750,SKr4,Succulent Karoo,Natural,836.2248
1750,SKr5,Succulent Karoo,Natural,18.3652
1750,SKr6,Succulent Karoo,Natural,65.8728
1750,SKr7,Succulent Karoo,Natural,327.1496
1750,SKr8,Succulent Karoo,Natural,50.5576
1750,SKr9,Succulent Karoo,Natural,3.2652
1750,SKs1,Succulent Karoo,Natural,508.0212
1750,SKs10,Succulent Karoo,Natural,136.4288
1750,SKs11,Succulent Karoo,Natural,286.9792
1750,SKs12,Succulent Karoo,Natural,469.9288
1750,SKs13,Succulent Karoo,Natural,201.1296
1750,SKs14,Succulent Karoo,Natural,838.9456
1750,SKs2,Succulent Karoo,Natural,536.1004
1750,SKs3,Succulent Karoo,Natural,331.4
1750,SKs4,Succulent Karoo,Natural,449.044
1750,SKs5,Succulent Karoo,Natural,566.1096
1750,SKs6,Succulent Karoo,Natural,123.302
1750,SKs7,Succulent Karoo,Natural,3151.7932
1750,SKs8,Succulent Karoo,Natural,868.0312
1750,SKs9,Succulent Karoo,Natural,917.3924
1750,SKt1,Succulent Karoo,Natural,101.7792
1750,SKt2,Succulent Karoo,Natural,7632.554
1750,SKt3,Succulent Karoo,Natural,5357.996
1750,SKv1,Succulent Karoo,Natural,540.74
1750,SKv10,Succulent Karoo,Natural,240.126
1750,SKv11,Succulent Karoo,Natural,1578.5704
1750,SKv13,Succulent Karoo,Natural,2555.2608
1750,SKv14,Succulent Karoo,Natural,793.3056
1750,SKv2,Succulent Karoo,Natural,559.3864
1750,SKv3,Succulent Karoo,Natural,928.5724
1750,SKv4,Succulent Karoo,Natural,1318.3684
1750,SKv5,Succulent Karoo,Natural,6988.3064
1750,SKv6,Succulent Karoo,Natural,4714.4892
1750,SKv7,Succulent Karoo,Natural,653.3552
1750,SKv8,Succulent Karoo,Natural,4109.0248
1750,SVcb1,Savanna,Natural,6645.4948
1750,SVcb10,Savanna,Natural,1442.1488
1750,SVcb11,Savanna,Natural,3285.6364
1750,SVcb12,Savanna,Natural,17384.092
1750,SVcb13,Savanna,Natural,2066.3028
1750,SVcb14,Savanna,Natural,759.892
1750,SVcb15,Savanna,Natural,7198.2152
1750,SVcb16,Savanna,Natural,12074.1312
1750,SVcb17,Savanna,Natural,8901.2312
1750,SVcb18,Savanna,Natural,6496.36
1750,SVcb19,Savanna,Natural,12012.4968
1750,SVcb2,Savanna,Natural,1107.4924
1750,SVcb20,Savanna,Natural,10110.8896
1750,SVcb21,Savanna,Natural,4147.7392
1750,SVcb22,Savanna,Natural,0.602
1750,SVcb23,Savanna,Natural,4445.3284
1750,SVcb24,Savanna,Natural,666.91
1750,SVcb25,Savanna,Natural,891.324
1750,SVcb26,Savanna,Natural,2000.0168
1750,SVcb27,Savanna,Natural,2522.834
1750,SVcb28,Savanna,Natural,2316.1448
1750,SVcb29,Savanna,Natural,388.1768
1750,SVcb3,Savanna,Natural,1331.3268
1750,SVcb4,Savanna,Natural,4119.6272
1750,SVcb5,Savanna,Natural,367.1036
1750,SVcb6,Savanna,Natural,2285.098
1750,SVcb7,Savanna,Natural,491.3284
1750,SVcb8,Savanna,Natural,1833.3936
1750,SVcb9,Savanna,Natural,3103.5984
1750,SVk1,Savanna,Natural,15427.0416
1750,SVk10,Savanna,Natural,5838.9756
1750,SVk11,Savanna,Natural,13886.1856
1750,SVk12,Savanna,Natural,7452.5748
1750,SVk13,Savanna,Natural,8517.6948
1750,SVk14,Savanna,Natural,929.224
1750,SVk15,Savanna,Natural,1620.8448
1750,SVk16,Savanna,Natural,7918.5928
1750,SVk17,Savanna,Natural,7197.9932
1750,SVk18,Savanna,Natural,999.6036
1750,SVk2,Savanna,Natural,4206.5528
1750,SVk3,Savanna,Natural,1366.9324
1750,SVk4,Savanna,Natural,16649.7672
1750,SVk5,Savanna,Natural,1457.8836
1750,SVk6,Savanna,Natural,5313.8536
1750,SVk7,Savanna,Natural,13360.5836
1750,SVk8,Savanna,Natural,3363.508
1750,SVk9,Savanna,Natural,5779.5996
1750,SVkd1,Savanna,Natural,37063.7256
1750,SVkd2,Savanna,Natural,2242.3668
1750,SVkd3,Savanna,Natural,2898.1244
1750,SVkd4,Savanna,Natural,762.4428
1750,SVl1,Savanna,Natural,2090.6908
1750,SVl10,Savanna,Natural,942.7836
1750,SVl11,Savanna,Natural,630.6152
1750,SVl12,Savanna,Natural,464.2436
1750,SVl13,Savanna,Natural,109.4832
1750,SVl14,Savanna,Natural,1381.2076
1750,SVl15,Savanna,Natural,1335.0152
1750,SVl16,Savanna,Natural,1301.9288
1750,SVl17,Savanna,Natural,127.3504
1750,SVl18,Savanna,Natural,1124.2472
1750,SVl19,Savanna,Natural,152.9456
1750,SVl2,Savanna,Natural,181.636
1750,SVl20,Savanna,Natural,1645.004
1750,SVl21,Savanna,Natural,335.058
1750,SVl22,Savanna,Natural,4770.6844
1750,SVl23,Savanna,Natural,7094.574
1750,SVl24,Savanna,Natural,694.624
1750,SVl25,Savanna,Natural,660.6068
1750,SVl26,Savanna,Natural,703.5132
1750,SVl27,Savanna,Natural,539.908
1750,SVl3,Savanna,Natural,15822.7516
1750,SVl4,Savanna,Natural,786.1288
1750,SVl5,Savanna,Natural,2853.3876
1750,SVl6,Savanna,Natural,760.2468
1750,SVl7,Savanna,Natural,323.4536
1750,SVl8,Savanna,Natural,3399.5656
1750,SVl9,Savanna,Natural,3562.4732
1750,SVmp1,Savanna,Natural,8796.3576
1750,SVmp2,Savanna,Natural,2779.8908
1750,SVmp3,Savanna,Natural,277.0592
1750,SVmp4,Savanna,Natural,2804.706
1750,SVmp5,Savanna,Natural,5315.1356
1750,SVmp6,Savanna,Natural,3154.1124
1750,SVmp7,Savanna,Natural,2225.5536
1750,SVmp8,Savanna,Natural,310.438
1750,SVs1,Savanna,Natural,2706.5924
1750,SVs2,Savanna,Natural,2215.6012
1750,SVs3,Savanna,Natural,1533.5048
1750,SVs4,Savanna,Natural,803.1036
1750,SVs5,Savanna,Natural,1812.6008
1750,SVs6,Savanna,Natural,10185.4844
1750,SVs7,Savanna,Natural,7762.2768
1750,SVs8,Savanna,Natural,1527.7652
1990,AT15,Albany Thicket,Natural,14.5868
1990,AT16,Albany Thicket,Natural,51.6708
1990,AT17,Albany Thicket,Natural,596.6388
1990,AT18,Albany Thicket,Natural,1053.0648
1990,AT19,Albany Thicket,Natural,1066.2648
1990,AT20,Albany Thicket,Natural,22.214
1990,AT21,Albany Thicket,Natural,321.126
1990,AT22,Albany Thicket,Natural,109.5176
1990,AT23,Albany Thicket,Natural,272.4976
1990,AT24,Albany Thicket,Natural,2631.7344
1990,AT25,Albany Thicket,Natural,2116.8632
1990,AT26,Albany Thicket,Natural,32.3728
1990,AT27,Albany Thicket,Natural,1234.4484
1990,AT28,Albany Thicket,Natural,920.2624
1990,AT29,Albany Thicket,Natural,771.7464
1990,AT30,Albany Thicket,Natural,633.7716
1990,AT31,Albany Thicket,Natural,212.2452
1990,AT32,Albany Thicket,Natural,3489.004
1990,AT33,Albany Thicket,Natural,486.4956
1990,AT34,Albany Thicket,Natural,163.5256
1990,AT35,Albany Thicket,Natural,19.5128
1990,AT36,Albany Thicket,Natural,33.5308
1990,AT37,Albany Thicket,Natural,122.4728
1990,AT38,Albany Thicket,Natural,909.3172
1990,AT39,Albany Thicket,Natural,225.77
1990,AT40,Albany Thicket,Natural,502.0212
1990,AT41,Albany Thicket,Natural,220.4128
1990,AT42,Albany Thicket,Natural,54.6732
1990,AT43,Albany Thicket,Natural,270.7712
1990,AT44,Albany Thicket,Natural,88.7144
1990,AT45,Albany Thicket,Natural,451.4752
1990,AT46,Albany Thicket,Natural,557.298
1990,AT47,Albany Thicket,Natural,894.258
1990,AT48,Albany Thicket,Natural,12.304
1990,AT49,Albany Thicket,Natural,5561.6916
1990,AT50,Albany Thicket,Natural,526.6208
1990,AT51,Albany Thicket,Natural,1789.8828
1990,AT52,Albany Thicket,Natural,31.8148
1990,AT53,Albany Thicket,Natural,19.4924
1990,AT54,Albany Thicket,Natural,185.6204
1990,AT55,Albany Thicket,Natural,749.5344
1990,AT56,Albany Thicket,Natural,499.2812
1990,AT57,Albany Thicket,Natural,112.0368
1990,AT58,Albany Thicket,Natural,2231.5716
1990,AZa1,Azonal,Natural,18.3164
1990,AZa2,Azonal,Natural,156.8812
1990,AZa3,Azonal,Natural,593.3988
1990,AZa4,Azonal,Natural,1364.7744
1990,AZa5,Azonal,Natural,2284.7876
1990,AZa6,Azonal,Natural,339.1896
1990,AZa7,Azonal,Natural,955.916
1990,AZd1,Azonal,Natural,0.6076
1990,AZd2,Azonal,Natural,10.9352
1990,AZd3,Azonal,Natural,216.7732
1990,AZd4,Azonal,Natural,26.8056
1990,AZi1,Azonal,Natural,1228.31
1990,AZi3,Azonal,Natural,1916.4824
1990,AZi5,Azonal,Natural,4872.7072
1990,AZi6,Azonal,Natural,4679.0044
1990,AZi7,Azonal,Natural,2001.3092
1990,AZi8,Azonal,Natural,181.9356
1990,AZs3,Azonal,Natural,12.0748
1990,CB1,IOCB,Natural,1049.2892
1990,CB2,IOCB,Natural,501.3016
1990,CB3,IOCB,Natural,1125.1684
1990,CB4,IOCB,Natural,708.1036
1990,CB5,IOCB,Natural,1016.9328
1990,CB6,IOCB,Natural,483.28
1990,Dg1,Desert,Natural,335.6452
1990,Dg10,Desert,Natural,2091.7496
1990,Dg2,Desert,Natural,361.4276
1990,Dg3,Desert,Natural,159.6936
1990,Dg4,Desert,Natural,107.52
1990,Dg5,Desert,Natural,592.286
1990,Dg6,Desert,Natural,8.2236
1990,Dg7,Desert,Natural,246.0048
1990,Dg8,Desert,Natural,343.1836
1990,Dg9,Desert,Natural,1211.024
1990,Dn1,Desert,Natural,2.2132
1990,Dn2,Desert,Natural,1.2484
1990,Dn3,Desert,Natural,127.49
1990,Dn4,Desert,Natural,201.1044
1990,Dn5,Desert,Natural,392.2988
1990,FFa1,Fynbos,Natural,72.1232
1990,FFa2,Fynbos,Natural,235.0628
1990,FFa3,Fynbos,Natural,189.6844
1990,FFa4,Fynbos,Natural,13.1088
1990,FFb1,Fynbos,Natural,263.648
1990,FFb2,Fynbos,Natural,129.2912
1990,FFb3,Fynbos,Natural,97.8124
1990,FFb4,Fynbos,Natural,55.4492
1990,FFb5,Fynbos,Natural,97.3924
1990,FFb6,Fynbos,Natural,34.536
1990,FFc1,Fynbos,Natural,472.4052
1990,FFd1,Fynbos,Natural,1127.1256
1990,FFd10,Fynbos,Natural,37.8832
1990,FFd11,Fynbos,Natural,65.0364
1990,FFd2,Fynbos,Natural,1027.738
1990,FFd3,Fynbos,Natural,705.8824
1990,FFd4,Fynbos,Natural,372.9324
1990,FFd5,Fynbos,Natural,172.2464
1990,FFd6,Fynbos,Natural,60.2156
1990,FFd7,Fynbos,Natural,133.0232
1990,FFd8,Fynbos,Natural,46.9772
1990,FFd9,Fynbos,Natural,295.608
1990,FFf1,Fynbos,Natural,280.7784
1990,FFf2,Fynbos,Natural,21.1192
1990,FFg1,Fynbos,Natural,64.1628
1990,FFg2,Fynbos,Natural,323.228
1990,FFg3,Fynbos,Natural,37.632
1990,FFg4,Fynbos,Natural,14.7308
1990,FFg5,Fynbos,Natural,235.242
1990,FFh1,Fynbos,Natural,229.4964
1990,FFh10,Fynbos,Natural,278.9864
1990,FFh11,Fynbos,Natural,6.1292
1990,FFh2,Fynbos,Natural,102.0516
1990,FFh3,Fynbos,Natural,65.6788
1990,FFh4,Fynbos,Natural,230.734
1990,FFh5,Fynbos,Natural,41.6704
1990,FFh6,Fynbos,Natural,98.46
1990,FFh7,Fynbos,Natural,165.4496
1990,FFh8,Fynbos,Natural,150.8172
1990,FFh9,Fynbos,Natural,296.6856
1990,FFl1,Fynbos,Natural,264.8408
1990,FFl2,Fynbos,Natural,668.6096
1990,FFl3,Fynbos,Natural,651.548
1990,FFq1,Fynbos,Natural,49.024
1990,FFq2,Fynbos,Natural,1624.1432
1990,FFq3,Fynbos,Natural,1252.3672
1990,FFq4,Fynbos,Natural,92.78
1990,FFq5,Fynbos,Natural,388.4992
1990,FFq6,Fynbos,Natural,673.2128
1990,FFs1,Fynbos,Natural,847.4148
1990,FFs10,Fynbos,Natural,1015.8664
1990,FFs11,Fynbos,Natural,780.0604
1990,FFs12,Fynbos,Natural,1074.5392
1990,FFs13,Fynbos,Natural,523.9964
1990,FFs14,Fynbos,Natural,338.6644
1990,FFs15,Fynbos,Natural,926.69
1990,FFs16,Fynbos,Natural,1181.2892
1990,FFs17,Fynbos,Natural,101.5704
1990,FFs18,Fynbos,Natural,753.5552
1990,FFs19,Fynbos,Natural,1101.832
1990,FFs2,Fynbos,Natural,1030.8712
1990,FFs20,Fynbos,Natural,1658.1356
1990,FFs21,Fynbos,Natural,318.2476
1990,FFs22,Fynbos,Natural,385.8332
1990,FFs23,Fynbos,Natural,847.862
1990,FFs24,Fynbos,Natural,1083.5444
1990,FFs25,Fynbos,Natural,331.2896
1990,FFs26,Fynbos,Natural,290.0796
1990,FFs27,Fynbos,Natural,2197.2576
1990,FFs28,Fynbos,Natural,3752.0192
1990,FFs29,Fynbos,Natural,164.0824
1990,FFs3,Fynbos,Natural,474.1984
1990,FFs30,Fynbos,Natural,37.5252
1990,FFs31,Fynbos,Natural,50.8348
1990,FFs32,Fynbos,Natural,412.8172
1990,FFs4,Fynbos,Natural,2284.3552
1990,FFs5,Fynbos,Natural,1065.9308
1990,FFs6,Fynbos,Natural,383.2364
1990,FFs7,Fynbos,Natural,375.8132
1990,FFs8,Fynbos,Natural,316.99
1990,FFs9,Fynbos,Natural,206.5656
1990,FFt1,Fynbos,Natural,397.7252
1990,FFt2,Fynbos,Natural,184.3552
1990,FOa1,Forest,Natural,106.6088
1990,FOa2,Forest,Natural,78.1504
1990,FOa3,Forest,Natural,21.5984
1990,FOz1,Forest,Natural,639.3076
1990,FOz2,Forest,Natural,185.4848
1990,FOz3,Forest,Natural,893.0796
1990,FOz4,Forest,Natural,281.7224
1990,FOz5,Forest,Natural,760.9376
1990,FOz6,Forest,Natural,153.5564
1990,FOz7,Forest,Natural,560.2936
1990,FOz8,Forest,Natural,251.3768
1990,FOz9,Forest,Natural,68.692
1990,FRa1,Fynbos,Natural,236.7732
1990,FRa2,Fynbos,Natural,40.868
1990,FRc1,Fynbos,Natural,20.6876
1990,FRc2,Fynbos,Natural,42.454
1990,FRd1,Fynbos,Natural,202.4236
1990,FRd2,Fynbos,Natural,566.6
1990,FRg1,Fynbos,Natural,262.0808
1990,FRg2,Fynbos,Natural,232.6704
1990,FRg3,Fynbos,Natural,18.9984
1990,FRl1,Fynbos,Natural,446.2368
1990,FRs1,Fynbos,Natural,200.3152
1990,FRs10,Fynbos,Natural,4.1324
1990,FRs11,Fynbos,Natural,234.0652
1990,FRs12,Fynbos,Natural,311.8648
1990,FRs13,Fynbos,Natural,605.7076
1990,FRs14,Fynbos,Natural,402.4664
1990,FRs15,Fynbos,Natural,266.4712
1990,FRs16,Fynbos,Natural,1138.6972
1990,FRs17,Fynbos,Natural,81.99
1990,FRs18,Fynbos,Natural,118.688
1990,FRs19,Fynbos,Natural,177.624
1990,FRs2,Fynbos,Natural,118.3448
1990,FRs20,Fynbos,Natural,16.0672
1990,FRs3,Fynbos,Natural,3162.512
1990,FRs4,Fynbos,Natural,254.0312
1990,FRs5,Fynbos,Natural,1202.46
1990,FRs6,Fynbos,Natural,1840.392
1990,FRs7,Fynbos,Natural,1342.7576
1990,FRs8,Fynbos,Natural,677.6008
1990,FRs9,Fynbos,Natural,805.8872
1990,FS1,Fynbos,Natural,269.7356
1990,FS10,Fynbos,Natural,311.78
1990,FS11,Fynbos,Natural,39.5996
1990,FS12,Fynbos,Natural,98.6836
1990,FS13,Fynbos,Natural,36.5936
1990,FS14,Fynbos,Natural,90.4544
1990,FS2,Fynbos,Natural,96.7788
1990,FS3,Fynbos,Natural,681.9708
1990,FS4,Fynbos,Natural,51.0856
1990,FS5,Fynbos,Natural,305.9408
1990,FS6,Fynbos,Natural,265.5116
1990,FS7,Fynbos,Natural,39.3972
1990,FS9,Fynbos,Natural,14.8516
1990,Gd1,Grassland,Natural,4397.3812
1990,Gd10,Grassland,Natural,78.8828
1990,Gd2,Grassland,Natural,156.1032
1990,Gd3,Grassland,Natural,2479.3892
1990,Gd4,Grassland,Natural,6156.1888
1990,Gd5,Grassland,Natural,1120.936
1990,Gd6,Grassland,Natural,17.5632
1990,Gd7,Grassland,Natural,1342.932
1990,Gd8,Grassland,Natural,3981.1824
1990,Gh1,Grassland,Natural,8182.4556
1990,Gh10,Grassland,Natural,7280.0324
1990,Gh11,Grassland,Natural,478.7988
1990,Gh12,Grassland,Natural,245.7636
1990,Gh13,Grassland,Natural,2306.3724
1990,Gh14,Grassland,Natural,4187.3196
1990,Gh15,Grassland,Natural,5950.2648
1990,Gh2,Grassland,Natural,5890.6936
1990,Gh3,Grassland,Natural,12579.0656
1990,Gh4,Grassland,Natural,9336.4172
1990,Gh5,Grassland,Natural,2822.7828
1990,Gh6,Grassland,Natural,11245.462
1990,Gh7,Grassland,Natural,1336.1324
1990,Gh8,Grassland,Natural,70.7332
1990,Gh9,Grassland,Natural,5532.5328
1990,Gm1,Grassland,Natural,2675.9812
1990,Gm10,Grassland,Natural,320.5488
1990,Gm11,Grassland,Natural,5015.5244
1990,Gm12,Grassland,Natural,4776.8264
1990,Gm13,Grassland,Natural,2316.5632
1990,Gm14,Grassland,Natural,3144.5436
1990,Gm15,Grassland,Natural,2624.2452
1990,Gm16,Grassland,Natural,3102.0248
1990,Gm17,Grassland,Natural,672.5432
1990,Gm19,Grassland,Natural,893.0368
1990,Gm2,Grassland,Natural,636.454
1990,Gm20,Grassland,Natural,19.43
1990,Gm21,Grassland,Natural,1249.0212
1990,Gm22,Grassland,Natural,395.5192
1990,Gm23,Grassland,Natural,794.8396
1990,Gm24,Grassland,Natural,9.4036
1990,Gm25,Grassland,Natural,130.226
1990,Gm26,Grassland,Natural,245.3736
1990,Gm27,Grassland,Natural,262.4448
1990,Gm28,Grassland,Natural,91.9744
1990,Gm29,Grassland,Natural,506.6884
1990,Gm3,Grassland,Natural,6568.6792
1990,Gm30,Grassland,Natural,2921.2116
1990,Gm31,Grassland,Natural,581.3352
1990,Gm4,Grassland,Natural,6896.2648
1990,Gm5,Grassland,Natural,1534.996
1990,Gm6,Grassland,Natural,6028.4972
1990,Gm7,Grassland,Natural,28.2304
1990,Gm8,Grassland,Natural,6431.328
1990,Gm9,Grassland,Natural,552.0528
1990,Gs1,Grassland,Natural,341.3452
1990,Gs10,Grassland,Natural,8268.448
1990,Gs11,Grassland,Natural,1215.3212
1990,Gs12,Grassland,Natural,5261.9836
1990,Gs13,Grassland,Natural,186.8456
1990,Gs14,Grassland,Natural,2477.8336
1990,Gs15,Grassland,Natural,3958.2016
1990,Gs16,Grassland,Natural,3100.884
1990,Gs17,Grassland,Natural,4185.8024
1990,Gs18,Grassland,Natural,1414.8308
1990,Gs19,Grassland,Natural,1551.1112
1990,Gs2,Grassland,Natural,876.2868
1990,Gs20,Grassland,Natural,2644.1768
1990,Gs3,Grassland,Natural,1606.7372
1990,Gs4,Grassland,Natural,4805.9292
1990,Gs6,Grassland,Natural,3638.4548
1990,Gs7,Grassland,Natural,2693.4696
1990,Gs8,Grassland,Natural,1978.5956
1990,Gs9,Grassland,Natural,2600.4864
1990,NKb1,Nama-Karoo,Natural,4657.1556
1990,NKb2,Nama-Karoo,Natural,604.1708
1990,NKb3,Nama-Karoo,Natural,41147.5544
1990,NKb4,Nama-Karoo,Natural,2674.3028
1990,NKb5,Nama-Karoo,Natural,8592.3176
1990,NKb6,Nama-Karoo,Natural,41047.6776
1990,NKl1,Nama-Karoo,Natural,20140.7108
1990,NKl2,Nama-Karoo,Natural,8214.252
1990,NKl4,Nama-Karoo,Natural,702.2056
1990,NKu1,Nama-Karoo,Natural,17026.1972
1990,NKu2,Nama-Karoo,Natural,11718.6936
1990,NKu3,Nama-Karoo,Natural,40549.5272
1990,NKu4,Nama-Karoo,Natural,48419.9436
1990,NOTVEG,NOTVEG,Natural,937.9624
1990,SKk1,Succulent Karoo,Natural,1671.1736
1990,SKk2,Succulent Karoo,Natural,129.4136
1990,SKk3,Succulent Karoo,Natural,1305.072
1990,SKk4,Succulent Karoo,Natural,981.674
1990,SKk5,Succulent Karoo,Natural,858.4188
1990,SKk6,Succulent Karoo,Natural,58.2204
1990,SKk7,Succulent Karoo,Natural,144.2304
1990,SKk8,Succulent Karoo,Natural,0.8512
1990,SKk9,Succulent Karoo,Natural,142.1436
1990,SKn1,Succulent Karoo,Natural,7372.6292
1990,SKn2,Succulent Karoo,Natural,535.4192
1990,SKn3,Succulent Karoo,Natural,2918.6092
1990,SKn4,Succulent Karoo,Natural,4632.4888
1990,SKn5,Succulent Karoo,Natural,652.7544
1990,SKn6,Succulent Karoo,Natural,392.6292
1990,SKn7,Succulent Karoo,Natural,919.9676
1990,SKr1,Succulent Karoo,Natural,1200.1916
1990,SKr10,Succulent Karoo,Natural,127.5328
1990,SKr11,Succulent Karoo,Natural,128.9884
1990,SKr12,Succulent Karoo,Natural,612.072
1990,SKr13,Succulent Karoo,Natural,722.4456
1990,SKr14,Succulent Karoo,Natural,365.4176
1990,SKr15,Succulent Karoo,Natural,202.4592
1990,SKr16,Succulent Karoo,Natural,432.6108
1990,SKr17,Succulent Karoo,Natural,260.4776
1990,SKr18,Succulent Karoo,Natural,815.864
1990,SKr19,Succulent Karoo,Natural,370.912
1990,SKr2,Succulent Karoo,Natural,191.7488
1990,SKr3,Succulent Karoo,Natural,170.7744
1990,SKr4,Succulent Karoo,Natural,828.5832
1990,SKr5,Succulent Karoo,Natural,18.3652
1990,SKr6,Succulent Karoo,Natural,65.8684
1990,SKr7,Succulent Karoo,Natural,327.1344
1990,SKr8,Succulent Karoo,Natural,50.5576
1990,SKr9,Succulent Karoo,Natural,3.2652
1990,SKs1,Succulent Karoo,Natural,352.32
1990,SKs10,Succulent Karoo,Natural,134.3972
1990,SKs11,Succulent Karoo,Natural,286.9536
1990,SKs12,Succulent Karoo,Natural,427.9568
1990,SKs13,Succulent Karoo,Natural,130.9596
1990,SKs14,Succulent Karoo,Natural,664.4676
1990,SKs2,Succulent Karoo,Natural,528.9556
1990,SKs3,Succulent Karoo,Natural,309.1804
1990,SKs4,Succulent Karoo,Natural,443.7568
1990,SKs5,Succulent Karoo,Natural,566.0364
1990,SKs6,Succulent Karoo,Natural,123.1816
1990,SKs7,Succulent Karoo,Natural,2613.5344
1990,SKs8,Succulent Karoo,Natural,757.7072
1990,SKs9,Succulent Karoo,Natural,905.496
1990,SKt1,Succulent Karoo,Natural,101.7668
1990,SKt2,Succulent Karoo,Natural,7358.9948
1990,SKt3,Succulent Karoo,Natural,5253.1516
1990,SKv1,Succulent Karoo,Natural,470.4456
1990,SKv10,Succulent Karoo,Natural,230.8348
1990,SKv11,Succulent Karoo,Natural,1414.1236
1990,SKv13,Succulent Karoo,Natural,2526.6976
1990,SKv14,Succulent Karoo,Natural,776.2044
1990,SKv2,Succulent Karoo,Natural,558.9492
1990,SKv3,Succulent Karoo,Natural,907.3396
1990,SKv4,Succulent Karoo,Natural,1314.9408
1990,SKv5,Succulent Karoo,Natural,6945.2932
1990,SKv6,Succulent Karoo,Natural,4690.214
1990,SKv7,Succulent Karoo,Natural,530.5384
1990,SKv8,Succulent Karoo,Natural,3974.3536
1990,SVcb1,Savanna,Natural,5423.3136
1990,SVcb10,Savanna,Natural,1053.1924
1990,SVcb11,Savanna,Natural,2650.2292
1990,SVcb12,Savanna,Natural,12067.9568
1990,SVcb13,Savanna,Natural,1955.3468
1990,SVcb14,Savanna,Natural,461.8772
1990,SVcb15,Savanna,Natural,3327.4904
1990,SVcb16,Savanna,Natural,10217.15
1990,SVcb17,Savanna,Natural,8338.4096
1990,SVcb18,Savanna,Natural,5388.504
1990,SVcb19,Savanna,Natural,11171.1888
1990,SVcb2,Savanna,Natural,1085.108
1990,SVcb20,Savanna,Natural,7031.6548
1990,SVcb21,Savanna,Natural,3261.85
1990,SVcb22,Savanna,Natural,0.5788
1990,SVcb23,Savanna,Natural,2891.3464
1990,SVcb24,Savanna,Natural,607.1328
1990,SVcb25,Savanna,Natural,843.1932
1990,SVcb26,Savanna,Natural,1812.8404
1990,SVcb27,Savanna,Natural,1614.5176
1990,SVcb28,Savanna,Natural,1971.638
1990,SVcb29,Savanna,Natural,376.3516
1990,SVcb3,Savanna,Natural,948.6744
1990,SVcb4,Savanna,Natural,3746.2624
1990,SVcb5,Savanna,Natural,360.9004
1990,SVcb6,Savanna,Natural,977.564
1990,SVcb7,Savanna,Natural,414.9032
1990,SVcb8,Savanna,Natural,1027.864
1990,SVcb9,Savanna,Natural,2706.974
1990,SVk1,Savanna,Natural,12284.8132
1990,SVk10,Savanna,Natural,5606.1396
1990,SVk11,Savanna,Natural,13662.976
1990,SVk12,Savanna,Natural,7345.568
1990,SVk13,Savanna,Natural,8458.742
1990,SVk14,Savanna,Natural,898.9548
1990,SVk15,Savanna,Natural,1618.61
1990,SVk16,Savanna,Natural,7912.924
1990,SVk17,Savanna,Natural,4050.0096
1990,SVk18,Savanna,Natural,967.8296
1990,SVk2,Savanna,Natural,3349.3636
1990,SVk3,Savanna,Natural,632.7872
1990,SVk4,Savanna,Natural,13102.4916
1990,SVk5,Savanna,Natural,1432.3584
1990,SVk6,Savanna,Natural,4398.9956
1990,SVk7,Savanna,Natural,13200.418
1990,SVk8,Savanna,Natural,3263.79
1990,SVk9,Savanna,Natural,5624.214
1990,SVkd1,Savanna,Natural,37040.0648
1990,SVkd2,Savanna,Natural,2242.0984
1990,SVkd3,Savanna,Natural,2897.932
1990,SVkd4,Savanna,Natural,762.3372
1990,SVl1,Savanna,Natural,1703.552
1990,SVl10,Savanna,Natural,672.2176
1990,SVl11,Savanna,Natural,611.7144
1990,SVl12,Savanna,Natural,380.6988
1990,SVl13,Savanna,Natural,76.1768
1990,SVl14,Savanna,Natural,1115.466
1990,SVl15,Savanna,Natural,1334.6324
1990,SVl16,Savanna,Natural,1112.6936
1990,SVl17,Savanna,Natural,50.4984
1990,SVl18,Savanna,Natural,932.5992
1990,SVl19,Savanna,Natural,97.448
1990,SVl2,Savanna,Natural,181.6164
1990,SVl20,Savanna,Natural,876.9988
1990,SVl21,Savanna,Natural,289.8676
1990,SVl22,Savanna,Natural,3544.1368
1990,SVl23,Savanna,Natural,4903.4256
1990,SVl24,Savanna,Natural,234.4816
1990,SVl25,Savanna,Natural,520.7136
1990,SVl26,Savanna,Natural,601.252
1990,SVl27,Savanna,Natural,442.2076
1990,SVl3,Savanna,Natural,12776.6564
1990,SVl4,Savanna,Natural,651.4172
1990,SVl5,Savanna,Natural,2601.4012
1990,SVl6,Savanna,Natural,758.7256
1990,SVl7,Savanna,Natural,293.2524
1990,SVl8,Savanna,Natural,1997.3848
1990,SVl9,Savanna,Natural,1337.354
1990,SVmp1,Savanna,Natural,8406.836
1990,SVmp2,Savanna,Natural,2741.032
1990,SVmp3,Savanna,Natural,276.9384
1990,SVmp4,Savanna,Natural,2800.6376
1990,SVmp5,Savanna,Natural,4833.8992
1990,SVmp6,Savanna,Natural,2563.3996
1990,SVmp7,Savanna,Natural,2094.296
1990,SVmp8,Savanna,Natural,310.3024
1990,SVs1,Savanna,Natural,2083.5492
1990,SVs2,Savanna,Natural,1724.7276
1990,SVs3,Savanna,Natural,1109.0464
1990,SVs4,Savanna,Natural,369.5864
1990,SVs5,Savanna,Natural,375.5448
1990,SVs6,Savanna,Natural,7324.1972
1990,SVs7,Savanna,Natural,5224.1444
1990,SVs8,Savanna,Natural,962.1904
2014,AT15,Albany Thicket,Natural,14.5868
2014,AT16,Albany Thicket,Natural,51.5376
2014,AT17,Albany Thicket,Natural,583.9288
2014,AT18,Albany Thicket,Natural,1042.0532
2014,AT19,Albany Thicket,Natural,1064.7868
2014,AT20,Albany Thicket,Natural,21.0356
2014,AT21,Albany Thicket,Natural,315.4696
2014,AT22,Albany Thicket,Natural,97.942
2014,AT23,Albany Thicket,Natural,270.6884
2014,AT24,Albany Thicket,Natural,2617.014
2014,AT25,Albany Thicket,Natural,2115.7348
2014,AT26,Albany Thicket,Natural,30.8656
2014,AT27,Albany Thicket,Natural,1233.2544
2014,AT28,Albany Thicket,Natural,913.5756
2014,AT29,Albany Thicket,Natural,770.276
2014,AT30,Albany Thicket,Natural,629.7036
2014,AT31,Albany Thicket,Natural,211.38
2014,AT32,Albany Thicket,Natural,3466.9484
2014,AT33,Albany Thicket,Natural,485.7588
2014,AT34,Albany Thicket,Natural,162.9968
2014,AT35,Albany Thicket,Natural,18.71
2014,AT36,Albany Thicket,Natural,31.96
2014,AT37,Albany Thicket,Natural,112.8844
2014,AT38,Albany Thicket,Natural,870.3608
2014,AT39,Albany Thicket,Natural,222.4484
2014,AT40,Albany Thicket,Natural,493.1304
2014,AT41,Albany Thicket,Natural,212.6232
2014,AT42,Albany Thicket,Natural,53.8604
2014,AT43,Albany Thicket,Natural,268.8528
2014,AT44,Albany Thicket,Natural,73.2196
2014,AT45,Albany Thicket,Natural,437.408
2014,AT46,Albany Thicket,Natural,555.9052
2014,AT47,Albany Thicket,Natural,891.6608
2014,AT48,Albany Thicket,Natural,12.0464
2014,AT49,Albany Thicket,Natural,5550.6368
2014,AT50,Albany Thicket,Natural,519.1616
2014,AT51,Albany Thicket,Natural,1728.866
2014,AT52,Albany Thicket,Natural,30.648
2014,AT53,Albany Thicket,Natural,17.572
2014,AT54,Albany Thicket,Natural,185.0972
2014,AT55,Albany Thicket,Natural,746.7232
2014,AT56,Albany Thicket,Natural,480.4896
2014,AT57,Albany Thicket,Natural,108.8788
2014,AT58,Albany Thicket,Natural,2228.192
2014,AZa1,Azonal,Natural,18.306
2014,AZa2,Azonal,Natural,130.0756
2014,AZa3,Azonal,Natural,564.7208
2014,AZa4,Azonal,Natural,1289.2596
2014,AZa5,Azonal,Natural,2203.942
2014,AZa6,Azonal,Natural,301.0136
2014,AZa7,Azonal,Natural,889.9532
2014,AZd1,Azonal,Natural,0.568
2014,AZd2,Azonal,Natural,10.844
2014,AZd3,Azonal,Natural,216.07
2014,AZd4,Azonal,Natural,26.68
2014,AZi1,Azonal,Natural,1215.0272
2014,AZi3,Azonal,Natural,1916.2628
2014,AZi5,Azonal,Natural,4846.1312
2014,AZi6,Azonal,Natural,4604.9892
2014,AZi7,Azonal,Natural,1995.2164
2014,AZi8,Azonal,Natural,164.8276
2014,AZs3,Azonal,Natural,12.0156
2014,CB1,IOCB,Natural,917.1276
2014,CB2,IOCB,Natural,434.8344
2014,CB3,IOCB,Natural,807.47
2014,CB4,IOCB,Natural,667.2452
2014,CB5,IOCB,Natural,929.7136
2014,CB6,IOCB,Natural,440.6516
2014,Dg1,Desert,Natural,335.6452
2014,Dg10,Desert,Natural,2090.4224
2014,Dg2,Desert,Natural,361.4276
2014,Dg3,Desert,Natural,159.6936
2014,Dg4,Desert,Natural,107.5172
2014,Dg5,Desert,Natural,592.286
2014,Dg6,Desert,Natural,8.2236
2014,Dg7,Desert,Natural,245.4416
2014,Dg8,Desert,Natural,343.1836
2014,Dg9,Desert,Natural,1203.2272
2014,Dn1,Desert,Natural,2.1032
2014,Dn2,Desert,Natural,1.2336
2014,Dn3,Desert,Natural,126.932
2014,Dn4,Desert,Natural,200.7652
2014,Dn5,Desert,Natural,389.8536
2014,FFa1,Fynbos,Natural,61.3016
2014,FFa2,Fynbos,Natural,192.3232
2014,FFa3,Fynbos,Natural,164.1436
2014,FFa4,Fynbos,Natural,7.9916
2014,FFb1,Fynbos,Natural,260.9748
2014,FFb2,Fynbos,Natural,128.8256
2014,FFb3,Fynbos,Natural,97.808
2014,FFb4,Fynbos,Natural,54.5776
2014,FFb5,Fynbos,Natural,96.5404
2014,FFb6,Fynbos,Natural,31.1996
2014,FFc1,Fynbos,Natural,417.9464
2014,FFd1,Fynbos,Natural,1113.306
2014,FFd10,Fynbos,Natural,34.2408
2014,FFd11,Fynbos,Natural,62.1544
2014,FFd2,Fynbos,Natural,818.9028
2014,FFd3,Fynbos,Natural,659.6652
2014,FFd4,Fynbos,Natural,358.52
2014,FFd5,Fynbos,Natural,132.548
2014,FFd6,Fynbos,Natural,56.2124
2014,FFd7,Fynbos,Natural,128.0444
2014,FFd8,Fynbos,Natural,45.5852
2014,FFd9,Fynbos,Natural,282.4656
2014,FFf1,Fynbos,Natural,258.8616
2014,FFf2,Fynbos,Natural,20.0152
2014,FFg1,Fynbos,Natural,64.0716
2014,FFg2,Fynbos,Natural,297.9936
2014,FFg3,Fynbos,Natural,34.3492
2014,FFg4,Fynbos,Natural,14.2204
2014,FFg5,Fynbos,Natural,202.7332
2014,FFh1,Fynbos,Natural,212.8908
2014,FFh10,Fynbos,Natural,278.5096
2014,FFh11,Fynbos,Natural,6.0388
2014,FFh2,Fynbos,Natural,101.7328
2014,FFh3,Fynbos,Natural,65.1164
2014,FFh4,Fynbos,Natural,211.3012
2014,FFh5,Fynbos,Natural,38.8444
2014,FFh6,Fynbos,Natural,82.848
2014,FFh7,Fynbos,Natural,156.1416
2014,FFh8,Fynbos,Natural,147.262
2014,FFh9,Fynbos,Natural,269.4576
2014,FFl1,Fynbos,Natural,262.9836
2014,FFl2,Fynbos,Natural,667.2504
2014,FFl3,Fynbos,Natural,641.656
2014,FFq1,Fynbos,Natural,49.024
2014,FFq2,Fynbos,Natural,1621.35
2014,FFq3,Fynbos,Natural,1251.4956
2014,FFq4,Fynbos,Natural,92.0184
2014,FFq5,Fynbos,Natural,388.4596
2014,FFq6,Fynbos,Natural,671.7848
2014,FFs1,Fynbos,Natural,809.5972
2014,FFs10,Fynbos,Natural,1012.8076
2014,FFs11,Fynbos,Natural,770.7732
2014,FFs12,Fynbos,Natural,1066.5108
2014,FFs13,Fynbos,Natural,522.7864
2014,FFs14,Fynbos,Natural,335.4396
2014,FFs15,Fynbos,Natural,915.4812
2014,FFs16,Fynbos,Natural,1177.8348
2014,FFs17,Fynbos,Natural,101.0436
2014,FFs18,Fynbos,Natural,744.0512
2014,FFs19,Fynbos,Natural,1077.3556
2014,FFs2,Fynbos,Natural,975.6896
2014,FFs20,Fynbos,Natural,1598.6864
2014,FFs21,Fynbos,Natural,318.214
2014,FFs22,Fynbos,Natural,385.8232
2014,FFs23,Fynbos,Natural,847.2812
2014,FFs24,Fynbos,Natural,1083.3672
2014,FFs25,Fynbos,Natural,331.1432
2014,FFs26,Fynbos,Natural,288.5168
2014,FFs27,Fynbos,Natural,2182.932
2014,FFs28,Fynbos,Natural,3721.6912
2014,FFs29,Fynbos,Natural,144.5876
2014,FFs3,Fynbos,Natural,472.0324
2014,FFs30,Fynbos,Natural,37.5252
2014,FFs31,Fynbos,Natural,50.8348
2014,FFs32,Fynbos,Natural,366.306
2014,FFs4,Fynbos,Natural,2259.062
2014,FFs5,Fynbos,Natural,1059.318
2014,FFs6,Fynbos,Natural,377.4512
2014,FFs7,Fynbos,Natural,373.3496
2014,FFs8,Fynbos,Natural,316.5036
2014,FFs9,Fynbos,Natural,204.9768
2014,FFt1,Fynbos,Natural,396.6444
2014,FFt2,Fynbos,Natural,183.2752
2014,FOa1,Forest,Natural,91.3832
2014,FOa2,Forest,Natural,73.7624
2014,FOa3,Forest,Natural,20.992
2014,FOz1,Forest,Natural,635.1924
2014,FOz2,Forest,Natural,182.878
2014,FOz3,Forest,Natural,885.7284
2014,FOz4,Forest,Natural,279.5604
2014,FOz5,Forest,Natural,754.6424
2014,FOz6,Forest,Natural,151.6972
2014,FOz7,Forest,Natural,523.4512
2014,FOz8,Forest,Natural,245.148
2014,FOz9,Forest,Natural,68.6872
2014,FRa1,Fynbos,Natural,197.936
2014,FRa2,Fynbos,Natural,39.2772
2014,FRc1,Fynbos,Natural,16.0828
2014,FRc2,Fynbos,Natural,32.1036
2014,FRd1,Fynbos,Natural,198.6048
2014,FRd2,Fynbos,Natural,565.9832
2014,FRg1,Fynbos,Natural,255.3204
2014,FRg2,Fynbos,Natural,194.9908
2014,FRg3,Fynbos,Natural,18.8536
2014,FRl1,Fynbos,Natural,439.4828
2014,FRs1,Fynbos,Natural,196.9488
2014,FRs10,Fynbos,Natural,3.7092
2014,FRs11,Fynbos,Natural,185.01
2014,FRs12,Fynbos,Natural,240.3904
2014,FRs13,Fynbos,Natural,455.82
2014,FRs14,Fynbos,Natural,349.238
2014,FRs15,Fynbos,Natural,265.6312
2014,FRs16,Fynbos,Natural,1121.8012
2014,FRs17,Fynbos,Natural,73.4424
2014,FRs18,Fynbos,Natural,118.6804
2014,FRs19,Fynbos,Natural,162.5376
2014,FRs2,Fynbos,Natural,106.4268
2014,FRs20,Fynbos,Natural,13.2532
2014,FRs3,Fynbos,Natural,3154.8108
2014,FRs4,Fynbos,Natural,232.4208
2014,FRs5,Fynbos,Natural,1201.8516
2014,FRs6,Fynbos,Natural,1825.8288
2014,FRs7,Fynbos,Natural,1320.1652
2014,FRs8,Fynbos,Natural,636.6988
2014,FRs9,Fynbos,Natural,616.038
2014,FS1,Fynbos,Natural,248.5536
2014,FS10,Fynbos,Natural,309.2904
2014,FS11,Fynbos,Natural,39.5996
2014,FS12,Fynbos,Natural,94.8068
2014,FS13,Fynbos,Natural,35.8892
2014,FS14,Fynbos,Natural,85.8384
2014,FS2,Fynbos,Natural,85.3932
2014,FS3,Fynbos,Natural,615.7756
2014,FS4,Fynbos,Natural,50.4092
2014,FS5,Fynbos,Natural,297.7072
2014,FS6,Fynbos,Natural,222.0696
2014,FS7,Fynbos,Natural,38.3944
2014,FS9,Fynbos,Natural,13.5296
2014,Gd1,Grassland,Natural,4294.7836
2014,Gd10,Grassland,Natural,78.8828
2014,Gd2,Grassland,Natural,154.554
2014,Gd3,Grassland,Natural,2437.634
2014,Gd4,Grassland,Natural,6057.256
2014,Gd5,Grassland,Natural,1115.2956
2014,Gd6,Grassland,Natural,17.5608
2014,Gd7,Grassland,Natural,1342.7628
2014,Gd8,Grassland,Natural,3974.572
2014,Gh1,Grassland,Natural,8162.5608
2014,Gh10,Grassland,Natural,6322.368
2014,Gh11,Grassland,Natural,439.9816
2014,Gh12,Grassland,Natural,232.8736
2014,Gh13,Grassland,Natural,2208.18
2014,Gh14,Grassland,Natural,3888.9904
2014,Gh15,Grassland,Natural,5659.708
2014,Gh2,Grassland,Natural,5755.3604
2014,Gh3,Grassland,Natural,12474.4728
2014,Gh4,Grassland,Natural,9302.0416
2014,Gh5,Grassland,Natural,2657.3024
2014,Gh6,Grassland,Natural,10771.5056
2014,Gh7,Grassland,Natural,1312.8352
2014,Gh8,Grassland,Natural,69.058
2014,Gh9,Grassland,Natural,5409.5324
2014,Gm1,Grassland,Natural,2590.474
2014,Gm10,Grassland,Natural,244.8032
2014,Gm11,Grassland,Natural,4524.9156
2014,Gm12,Grassland,Natural,4201.6852
2014,Gm13,Grassland,Natural,2222.6736
2014,Gm14,Grassland,Natural,3055.6776
2014,Gm15,Grassland,Natural,2151.1392
2014,Gm16,Grassland,Natural,2702.444
2014,Gm17,Grassland,Natural,624.7184
2014,Gm19,Grassland,Natural,873.7352
2014,Gm2,Grassland,Natural,634.118
2014,Gm20,Grassland,Natural,19.1876
2014,Gm21,Grassland,Natural,1223.2004
2014,Gm22,Grassland,Natural,367.038
2014,Gm23,Grassland,Natural,774.3048
2014,Gm24,Grassland,Natural,9.3932
2014,Gm25,Grassland,Natural,117.5052
2014,Gm26,Grassland,Natural,244.3972
2014,Gm27,Grassland,Natural,262.156
2014,Gm28,Grassland,Natural,91.866
2014,Gm29,Grassland,Natural,505.58
2014,Gm3,Grassland,Natural,5913.0016
2014,Gm30,Grassland,Natural,2753.9672
2014,Gm31,Grassland,Natural,554.292
2014,Gm4,Grassland,Natural,6474.186
2014,Gm5,Grassland,Natural,1504.3788
2014,Gm6,Grassland,Natural,5633.9672
2014,Gm7,Grassland,Natural,27.9176
2014,Gm8,Grassland,Natural,5912.7288
2014,Gm9,Grassland,Natural,482.5004
2014,Gs1,Grassland,Natural,298.9824
2014,Gs10,Grassland,Natural,7843.228
2014,Gs11,Grassland,Natural,1076.9832
2014,Gs12,Grassland,Natural,4910.9228
2014,Gs13,Grassland,Natural,170.0176
2014,Gs14,Grassland,Natural,2259.068
2014,Gs15,Grassland,Natural,3806.1988
2014,Gs16,Grassland,Natural,3030.7144
2014,Gs17,Grassland,Natural,4178.7004
2014,Gs18,Grassland,Natural,1411.5748
2014,Gs19,Grassland,Natural,1426.8328
2014,Gs2,Grassland,Natural,837.6664
2014,Gs20,Grassland,Natural,2413.7704
2014,Gs3,Grassland,Natural,1582.5852
2014,Gs4,Grassland,Natural,4442.0148
2014,Gs6,Grassland,Natural,3421.2016
2014,Gs7,Grassland,Natural,2459.5172
2014,Gs8,Grassland,Natural,1746.3828
2014,Gs9,Grassland,Natural,2225.3264
2014,NKb1,Nama-Karoo,Natural,4647.2656
2014,NKb2,Nama-Karoo,Natural,602.918
2014,NKb3,Nama-Karoo,Natural,41077.7868
2014,NKb4,Nama-Karoo,Natural,2674.2168
2014,NKb5,Nama-Karoo,Natural,8582.7128
2014,NKb6,Nama-Karoo,Natural,41035.2476
2014,NKl1,Nama-Karoo,Natural,20132.7076
2014,NKl2,Nama-Karoo,Natural,8199.0052
2014,NKl4,Nama-Karoo,Natural,690.7232
2014,NKu1,Nama-Karoo,Natural,17018.182
2014,NKu2,Nama-Karoo,Natural,11717.4996
2014,NKu3,Nama-Karoo,Natural,40230.2988
2014,NKu4,Nama-Karoo,Natural,48257.9664
2014,NOTVEG,NOTVEG,Natural,926.2032
2014,SKk1,Succulent Karoo,Natural,1670.7816
2014,SKk2,Succulent Karoo,Natural,129.4096
2014,SKk3,Succulent Karoo,Natural,1303.0764
2014,SKk4,Succulent Karoo,Natural,981.4312
2014,SKk5,Succulent Karoo,Natural,841.0544
2014,SKk6,Succulent Karoo,Natural,57.8168
2014,SKk7,Succulent Karoo,Natural,138.4624
2014,SKk8,Succulent Karoo,Natural,0.6144
2014,SKk9,Succulent Karoo,Natural,140.5024
2014,SKn1,Succulent Karoo,Natural,7358.7072
2014,SKn2,Succulent Karoo,Natural,535.1212
2014,SKn3,Succulent Karoo,Natural,2905.4704
2014,SKn4,Succulent Karoo,Natural,4606.0996
2014,SKn5,Succulent Karoo,Natural,652.5144
2014,SKn6,Succulent Karoo,Natural,391.8628
2014,SKn7,Succulent Karoo,Natural,911.934
2014,SKr1,Succulent Karoo,Natural,1200.1508
2014,SKr10,Succulent Karoo,Natural,127.5288
2014,SKr11,Succulent Karoo,Natural,128.9684
2014,SKr12,Succulent Karoo,Natural,612.0708
2014,SKr13,Succulent Karoo,Natural,722.4356
2014,SKr14,Succulent Karoo,Natural,365.3908
2014,SKr15,Succulent Karoo,Natural,201.5128
2014,SKr16,Succulent Karoo,Natural,432.6104
2014,SKr17,Succulent Karoo,Natural,260.4216
2014,SKr18,Succulent Karoo,Natural,815.808
2014,SKr19,Succulent Karoo,Natural,370.8944
2014,SKr2,Succulent Karoo,Natural,191.7144
2014,SKr3,Succulent Karoo,Natural,170.7744
2014,SKr4,Succulent Karoo,Natural,828.5516
2014,SKr5,Succulent Karoo,Natural,18.3652
2014,SKr6,Succulent Karoo,Natural,65.8684
2014,SKr7,Succulent Karoo,Natural,327.1344
2014,SKr8,Succulent Karoo,Natural,50.5576
2014,SKr9,Succulent Karoo,Natural,3.2652
2014,SKs1,Succulent Karoo,Natural,347.6924
2014,SKs10,Succulent Karoo,Natural,134.3972
2014,SKs11,Succulent Karoo,Natural,286.9512
2014,SKs12,Succulent Karoo,Natural,426.5624
2014,SKs13,Succulent Karoo,Natural,115.4816
2014,SKs14,Succulent Karoo,Natural,651.2588
2014,SKs2,Succulent Karoo,Natural,528.7648
2014,SKs3,Succulent Karoo,Natural,308.0868
2014,SKs4,Succulent Karoo,Natural,443.2376
2014,SKs5,Succulent Karoo,Natural,565.8908
2014,SKs6,Succulent Karoo,Natural,123.1816
2014,SKs7,Succulent Karoo,Natural,2571.8156
2014,SKs8,Succulent Karoo,Natural,752.856
2014,SKs9,Succulent Karoo,Natural,891.826
2014,SKt1,Succulent Karoo,Natural,101.7668
2014,SKt2,Succulent Karoo,Natural,7340.0296
2014,SKt3,Succulent Karoo,Natural,5242.878
2014,SKv1,Succulent Karoo,Natural,455.6388
2014,SKv10,Succulent Karoo,Natural,229.7436
2014,SKv11,Succulent Karoo,Natural,1397.6464
2014,SKv13,Succulent Karoo,Natural,2523.454
2014,SKv14,Succulent Karoo,Natural,773.9996
2014,SKv2,Succulent Karoo,Natural,557.3936
2014,SKv3,Succulent Karoo,Natural,905.4444
2014,SKv4,Succulent Karoo,Natural,1314.8412
2014,SKv5,Succulent Karoo,Natural,6941.7856
2014,SKv6,Succulent Karoo,Natural,4687.19
2014,SKv7,Succulent Karoo,Natural,512.3764
2014,SKv8,Succulent Karoo,Natural,3959.0424
2014,SVcb1,Savanna,Natural,5224.8812
2014,SVcb10,Savanna,Natural,995.874
2014,SVcb11,Savanna,Natural,2567.892
2014,SVcb12,Savanna,Natural,11320.8516
2014,SVcb13,Savanna,Natural,1938.8292
2014,SVcb14,Savanna,Natural,452.4796
2014,SVcb15,Savanna,Natural,3020.6896
2014,SVcb16,Savanna,Natural,10025.0308
2014,SVcb17,Savanna,Natural,8275.2484
2014,SVcb18,Savanna,Natural,5198.8472
2014,SVcb19,Savanna,Natural,10882.3284
2014,SVcb2,Savanna,Natural,1078.78
2014,SVcb20,Savanna,Natural,6494.3228
2014,SVcb21,Savanna,Natural,3099.3548
2014,SVcb22,Savanna,Natural,0.5368
2014,SVcb23,Savanna,Natural,2695.04
2014,SVcb24,Savanna,Natural,601.4828
2014,SVcb25,Savanna,Natural,833.5616
2014,SVcb26,Savanna,Natural,1771.4836
2014,SVcb27,Savanna,Natural,1304.0228
2014,SVcb28,Savanna,Natural,1859.362
2014,SVcb29,Savanna,Natural,374.9828
2014,SVcb3,Savanna,Natural,916.2432
2014,SVcb4,Savanna,Natural,3706.9364
2014,SVcb5,Savanna,Natural,360.3868
2014,SVcb6,Savanna,Natural,822.2152
2014,SVcb7,Savanna,Natural,387.7748
2014,SVcb8,Savanna,Natural,933.0252
2014,SVcb9,Savanna,Natural,2653.656
2014,SVk1,Savanna,Natural,12112.0972
2014,SVk10,Savanna,Natural,5574.8024
2014,SVk11,Savanna,Natural,13654.7532
2014,SVk12,Savanna,Natural,7325.6152
2014,SVk13,Savanna,Natural,8451.1444
2014,SVk14,Savanna,Natural,894.902
2014,SVk15,Savanna,Natural,1618.5168
2014,SVk16,Savanna,Natural,7912.8692
2014,SVk17,Savanna,Natural,3862.59
2014,SVk18,Savanna,Natural,963.8112
2014,SVk2,Savanna,Natural,3284.0676
2014,SVk3,Savanna,Natural,599.2416
2014,SVk4,Savanna,Natural,12716.5448
2014,SVk5,Savanna,Natural,1427.704
2014,SVk6,Savanna,Natural,4302.784
2014,SVk7,Savanna,Natural,13182.0172
2014,SVk8,Savanna,Natural,3256.5296
2014,SVk9,Savanna,Natural,5568.2308
2014,SVkd1,Savanna,Natural,37036.0064
2014,SVkd2,Savanna,Natural,2242.096
2014,SVkd3,Savanna,Natural,2897.932
2014,SVkd4,Savanna,Natural,762.3372
2014,SVl1,Savanna,Natural,1607.7448
2014,SVl10,Savanna,Natural,638.034
2014,SVl11,Savanna,Natural,602.654
2014,SVl12,Savanna,Natural,368.686
2014,SVl13,Savanna,Natural,73.9276
2014,SVl14,Savanna,Natural,1054.2112
2014,SVl15,Savanna,Natural,1334.5932
2014,SVl16,Savanna,Natural,1059.6724
2014,SVl17,Savanna,Natural,39.2508
2014,SVl18,Savanna,Natural,885.522
2014,SVl19,Savanna,Natural,88.1284
2014,SVl2,Savanna,Natural,181.6164
2014,SVl20,Savanna,Natural,695.0616
2014,SVl21,Savanna,Natural,275.1308
2014,SVl22,Savanna,Natural,3422.3676
2014,SVl23,Savanna,Natural,4626.1504
2014,SVl24,Savanna,Natural,196.7136
2014,SVl25,Savanna,Natural,492.0456
2014,SVl26,Savanna,Natural,538.3892
2014,SVl27,Savanna,Natural,436.782
2014,SVl3,Savanna,Natural,12189.7188
2014,SVl4,Savanna,Natural,600.7868
2014,SVl5,Savanna,Natural,2496.7888
2014,SVl6,Savanna,Natural,758.638
2014,SVl7,Savanna,Natural,288.9228
2014,SVl8,Savanna,Natural,1815.4912
2014,SVl9,Savanna,Natural,1193.8972
2014,SVmp1,Savanna,Natural,8233.5284
2014,SVmp2,Savanna,Natural,2726.9184
2014,SVmp3,Savanna,Natural,276.928
2014,SVmp4,Savanna,Natural,2800.5668
2014,SVmp5,Savanna,Natural,4752.448
2014,SVmp6,Savanna,Natural,2471.538
2014,SVmp7,Savanna,Natural,2045.8584
2014,SVmp8,Savanna,Natural,310.3008
2014,SVs1,Savanna,Natural,2043.156
2014,SVs2,Savanna,Natural,1681.9944
2014,SVs3,Savanna,Natural,1056.9168
2014,SVs4,Savanna,Natural,343.7804
2014,SVs5,Savanna,Natural,287.8528
2014,SVs6,Savanna,Natural,7169.2912
2014,SVs7,Savanna,Natural,4931.6712
2014,SVs8,Savanna,Natural,903.9
2018,AT15,Albany Thicket,Natural,14.5808
2018,AT16,Albany Thicket,Natural,51.228
2018,AT17,Albany Thicket,Natural,577.5332
2018,AT18,Albany Thicket,Natural,1036.318
2018,AT19,Albany Thicket,Natural,1062.4632
2018,AT20,Albany Thicket,Natural,20.066
2018,AT21,Albany Thicket,Natural,311.724
2018,AT22,Albany Thicket,Natural,93.6752
2018,AT23,Albany Thicket,Natural,268.592
2018,AT24,Albany Thicket,Natural,2601.7712
2018,AT25,Albany Thicket,Natural,2111.2128
2018,AT26,Albany Thicket,Natural,30.3004
2018,AT27,Albany Thicket,Natural,1231.6208
2018,AT28,Albany Thicket,Natural,909.176
2018,AT29,Albany Thicket,Natural,768.554
2018,AT30,Albany Thicket,Natural,626.7168
2018,AT31,Albany Thicket,Natural,210.2988
2018,AT32,Albany Thicket,Natural,3455.1392
2018,AT33,Albany Thicket,Natural,484.4204
2018,AT34,Albany Thicket,Natural,161.8124
2018,AT35,Albany Thicket,Natural,18.4276
2018,AT36,Albany Thicket,Natural,29.9712
2018,AT37,Albany Thicket,Natural,106.6108
2018,AT38,Albany Thicket,Natural,854.3688
2018,AT39,Albany Thicket,Natural,218.4864
2018,AT40,Albany Thicket,Natural,465.11
2018,AT41,Albany Thicket,Natural,208.9188
2018,AT42,Albany Thicket,Natural,52.9968
2018,AT43,Albany Thicket,Natural,266.2556
2018,AT44,Albany Thicket,Natural,64.7528
2018,AT45,Albany Thicket,Natural,431.6956
2018,AT46,Albany Thicket,Natural,552.8852
2018,AT47,Albany Thicket,Natural,887.6752
2018,AT48,Albany Thicket,Natural,11.8832
2018,AT49,Albany Thicket,Natural,5535.572
2018,AT50,Albany Thicket,Natural,516.202
2018,AT51,Albany Thicket,Natural,1703.0044
2018,AT52,Albany Thicket,Natural,30.2872
2018,AT53,Albany Thicket,Natural,16.8096
2018,AT54,Albany Thicket,Natural,184.9368
2018,AT55,Albany Thicket,Natural,742.8236
2018,AT56,Albany Thicket,Natural,470.056
2018,AT57,Albany Thicket,Natural,106.1196
2018,AT58,Albany Thicket,Natural,2223.332
2018,AZa1,Azonal,Natural,18.2216
2018,AZa2,Azonal,Natural,117.42
2018,AZa3,Azonal,Natural,546.6908
2018,AZa4,Azonal,Natural,1260.6492
2018,AZa5,Azonal,Natural,2150.5292
2018,AZa6,Azonal,Natural,289.3776
2018,AZa7,Azonal,Natural,884.0252
2018,AZd1,Azonal,Natural,0.3532
2018,AZd2,Azonal,Natural,9.6756
2018,AZd3,Azonal,Natural,215.3868
2018,AZd4,Azonal,Natural,26.32
2018,AZi1,Azonal,Natural,1202.8604
2018,AZi3,Azonal,Natural,1918.3268
2018,AZi5,Azonal,Natural,4829.3608
2018,AZi6,Azonal,Natural,4554.0108
2018,AZi7,Azonal,Natural,1985.2444
2018,AZi8,Azonal,Natural,146.2984
2018,AZs3,Azonal,Natural,11.976
2018,CB1,IOCB,Natural,862.2444
2018,CB2,IOCB,Natural,411.364
2018,CB3,IOCB,Natural,684.6244
2018,CB4,IOCB,Natural,646.3276
2018,CB5,IOCB,Natural,903.3732
2018,CB6,IOCB,Natural,414.2556
2018,Dg1,Desert,Natural,333.036
2018,Dg10,Desert,Natural,2084.7316
2018,Dg2,Desert,Natural,361.418
2018,Dg3,Desert,Natural,156.5212
2018,Dg4,Desert,Natural,107.2488
2018,Dg5,Desert,Natural,592.016
2018,Dg6,Desert,Natural,8.1068
2018,Dg7,Desert,Natural,244.1796
2018,Dg8,Desert,Natural,342.9408
2018,Dg9,Desert,Natural,1198.7404
2018,Dn1,Desert,Natural,1.3744
2018,Dn2,Desert,Natural,1.0276
2018,Dn3,Desert,Natural,122.9108
2018,Dn4,Desert,Natural,195.1304
2018,Dn5,Desert,Natural,384.9772
2018,FFa1,Fynbos,Natural,54.1184
2018,FFa2,Fynbos,Natural,171.872
2018,FFa3,Fynbos,Natural,140.9892
2018,FFa4,Fynbos,Natural,5.288
2018,FFb1,Fynbos,Natural,258.6304
2018,FFb2,Fynbos,Natural,128.3692
2018,FFb3,Fynbos,Natural,97.7444
2018,FFb4,Fynbos,Natural,54.188
2018,FFb5,Fynbos,Natural,96.0748
2018,FFb6,Fynbos,Natural,29.7744
2018,FFc1,Fynbos,Natural,391.334
2018,FFd1,Fynbos,Natural,1107.9184
2018,FFd10,Fynbos,Natural,31.0504
2018,FFd11,Fynbos,Natural,60.1604
2018,FFd2,Fynbos,Natural,771.7904
2018,FFd3,Fynbos,Natural,642.314
2018,FFd4,Fynbos,Natural,335.8012
2018,FFd5,Fynbos,Natural,93.2976
2018,FFd6,Fynbos,Natural,52.3056
2018,FFd7,Fynbos,Natural,120.5756
2018,FFd8,Fynbos,Natural,43.8228
2018,FFd9,Fynbos,Natural,265.0924
2018,FFf1,Fynbos,Natural,236.0696
2018,FFf2,Fynbos,Natural,19.4436
2018,FFg1,Fynbos,Natural,64.0356
2018,FFg2,Fynbos,Natural,282.3864
2018,FFg3,Fynbos,Natural,31.4272
2018,FFg4,Fynbos,Natural,14.1388
2018,FFg5,Fynbos,Natural,180.4428
2018,FFh1,Fynbos,Natural,200.652
2018,FFh10,Fynbos,Natural,278.0868
2018,FFh11,Fynbos,Natural,5.5004
2018,FFh2,Fynbos,Natural,101.306
2018,FFh3,Fynbos,Natural,63.7652
2018,FFh4,Fynbos,Natural,204.5084
2018,FFh5,Fynbos,Natural,36.4568
2018,FFh6,Fynbos,Natural,69.446
2018,FFh7,Fynbos,Natural,148.8364
2018,FFh8,Fynbos,Natural,144.684
2018,FFh9,Fynbos,Natural,247.882
2018,FFl1,Fynbos,Natural,258.1172
2018,FFl2,Fynbos,Natural,662.2
2018,FFl3,Fynbos,Natural,623.1776
2018,FFq1,Fynbos,Natural,49.024
2018,FFq2,Fynbos,Natural,1617.9196
2018,FFq3,Fynbos,Natural,1250.0196
2018,FFq4,Fynbos,Natural,91.4272
2018,FFq5,Fynbos,Natural,388.3716
2018,FFq6,Fynbos,Natural,669.6812
2018,FFs1,Fynbos,Natural,801.8964
2018,FFs10,Fynbos,Natural,1009.646
2018,FFs11,Fynbos,Natural,765.004
2018,FFs12,Fynbos,Natural,1052.188
2018,FFs13,Fynbos,Natural,521.0416
2018,FFs14,Fynbos,Natural,333.4736
2018,FFs15,Fynbos,Natural,907.226
2018,FFs16,Fynbos,Natural,1173.9212
2018,FFs17,Fynbos,Natural,100.3672
2018,FFs18,Fynbos,Natural,733.4592
2018,FFs19,Fynbos,Natural,1052.866
2018,FFs2,Fynbos,Natural,947.7932
2018,FFs20,Fynbos,Natural,1575.6908
2018,FFs21,Fynbos,Natural,318.086
2018,FFs22,Fynbos,Natural,385.4152
2018,FFs23,Fynbos,Natural,846.3536
2018,FFs24,Fynbos,Natural,1082.5308
2018,FFs25,Fynbos,Natural,330.9492
2018,FFs26,Fynbos,Natural,287.234
2018,FFs27,Fynbos,Natural,2164.1368
2018,FFs28,Fynbos,Natural,3703.386
2018,FFs29,Fynbos,Natural,133.2308
2018,FFs3,Fynbos,Natural,470.1596
2018,FFs30,Fynbos,Natural,37.4912
2018,FFs31,Fynbos,Natural,50.828
2018,FFs32,Fynbos,Natural,360.442
2018,FFs4,Fynbos,Natural,2238.5196
2018,FFs5,Fynbos,Natural,1051.976
2018,FFs6,Fynbos,Natural,371.6348
2018,FFs7,Fynbos,Natural,371.3628
2018,FFs8,Fynbos,Natural,315.9276
2018,FFs9,Fynbos,Natural,203.54
2018,FFt1,Fynbos,Natural,395.8584
2018,FFt2,Fynbos,Natural,182.4516
2018,FOa1,Forest,Natural,90.3344
2018,FOa2,Forest,Natural,73.0152
2018,FOa3,Forest,Natural,20.7156
2018,FOz1,Forest,Natural,632.7956
2018,FOz2,Forest,Natural,182.4964
2018,FOz3,Forest,Natural,884.67
2018,FOz4,Forest,Natural,279.1596
2018,FOz5,Forest,Natural,753.43
2018,FOz6,Forest,Natural,151.0108
2018,FOz7,Forest,Natural,517.5788
2018,FOz8,Forest,Natural,244.6808
2018,FOz9,Forest,Natural,68.6872
2018,FRa1,Fynbos,Natural,178.5072
2018,FRa2,Fynbos,Natural,36.7452
2018,FRc1,Fynbos,Natural,13.0508
2018,FRc2,Fynbos,Natural,28.7568
2018,FRd1,Fynbos,Natural,197.4632
2018,FRd2,Fynbos,Natural,565.3716
2018,FRg1,Fynbos,Natural,253.2452
2018,FRg2,Fynbos,Natural,157.524
2018,FRg3,Fynbos,Natural,18.8348
2018,FRl1,Fynbos,Natural,433.6192
2018,FRs1,Fynbos,Natural,196.2448
2018,FRs10,Fynbos,Natural,2.6216
2018,FRs11,Fynbos,Natural,155.7532
2018,FRs12,Fynbos,Natural,199.5524
2018,FRs13,Fynbos,Natural,401.7824
2018,FRs14,Fynbos,Natural,328.2744
2018,FRs15,Fynbos,Natural,264.466
2018,FRs16,Fynbos,Natural,1106.1484
2018,FRs17,Fynbos,Natural,64.9092
2018,FRs18,Fynbos,Natural,118.6776
2018,FRs19,Fynbos,Natural,158.1052
2018,FRs2,Fynbos,Natural,104.63
2018,FRs20,Fynbos,Natural,11.6716
2018,FRs3,Fynbos,Natural,3149.6392
2018,FRs4,Fynbos,Natural,213.4232
2018,FRs5,Fynbos,Natural,1199.5956
2018,FRs6,Fynbos,Natural,1811.7352
2018,FRs7,Fynbos,Natural,1295.5628
2018,FRs8,Fynbos,Natural,618.6968
2018,FRs9,Fynbos,Natural,498.2292
2018,FS1,Fynbos,Natural,236.9268
2018,FS10,Fynbos,Natural,306.1472
2018,FS11,Fynbos,Natural,39.51
2018,FS12,Fynbos,Natural,91.7228
2018,FS13,Fynbos,Natural,35.256
2018,FS14,Fynbos,Natural,85.1672
2018,FS2,Fynbos,Natural,78.9872
2018,FS3,Fynbos,Natural,587.502
2018,FS4,Fynbos,Natural,49.6488
2018,FS5,Fynbos,Natural,294.3276
2018,FS6,Fynbos,Natural,192.13
2018,FS7,Fynbos,Natural,37.5808
2018,FS9,Fynbos,Natural,12.4376
2018,Gd1,Grassland,Natural,4241.9476
2018,Gd10,Grassland,Natural,78.7052
2018,Gd2,Grassland,Natural,153.9484
2018,Gd3,Grassland,Natural,2414.0252
2018,Gd4,Grassland,Natural,6006.6376
2018,Gd5,Grassland,Natural,1109.5612
2018,Gd6,Grassland,Natural,17.56
2018,Gd7,Grassland,Natural,1342.5696
2018,Gd8,Grassland,Natural,3969.7064
2018,Gh1,Grassland,Natural,8145.6308
2018,Gh10,Grassland,Natural,5956.364
2018,Gh11,Grassland,Natural,423.7476
2018,Gh12,Grassland,Natural,224.0544
2018,Gh13,Grassland,Natural,2145.5384
2018,Gh14,Grassland,Natural,3732.7136
2018,Gh15,Grassland,Natural,5517.9052
2018,Gh2,Grassland,Natural,5684.4648
2018,Gh3,Grassland,Natural,12395.2932
2018,Gh4,Grassland,Natural,9263.8896
2018,Gh5,Grassland,Natural,2601.1916
2018,Gh6,Grassland,Natural,10567.0592
2018,Gh7,Grassland,Natural,1292.1448
2018,Gh8,Grassland,Natural,66.4928
2018,Gh9,Grassland,Natural,5344.7948
2018,Gm1,Grassland,Natural,2549.3492
2018,Gm10,Grassland,Natural,191.496
2018,Gm11,Grassland,Natural,4291.7392
2018,Gm12,Grassland,Natural,3851.0776
2018,Gm13,Grassland,Natural,2149.9184
2018,Gm14,Grassland,Natural,2986.1004
2018,Gm15,Grassland,Natural,2005.8116
2018,Gm16,Grassland,Natural,2505.73
2018,Gm17,Grassland,Natural,613.024
2018,Gm19,Grassland,Natural,856.5124
2018,Gm2,Grassland,Natural,628.1524
2018,Gm20,Grassland,Natural,18.9768
2018,Gm21,Grassland,Natural,1203.0184
2018,Gm22,Grassland,Natural,354.1212
2018,Gm23,Grassland,Natural,762.3952
2018,Gm24,Grassland,Natural,9.338
2018,Gm25,Grassland,Natural,107.2648
2018,Gm26,Grassland,Natural,242.6696
2018,Gm27,Grassland,Natural,261.5852
2018,Gm28,Grassland,Natural,91.6264
2018,Gm29,Grassland,Natural,504.4908
2018,Gm3,Grassland,Natural,5708.6432
2018,Gm30,Grassland,Natural,2639.05
2018,Gm31,Grassland,Natural,539.4976
2018,Gm4,Grassland,Natural,6280.856
2018,Gm5,Grassland,Natural,1482.1212
2018,Gm6,Grassland,Natural,5509.6956
2018,Gm7,Grassland,Natural,27.7012
2018,Gm8,Grassland,Natural,5621.0652
2018,Gm9,Grassland,Natural,445.0712
2018,Gs1,Grassland,Natural,283.1792
2018,Gs10,Grassland,Natural,7637.4216
2018,Gs11,Grassland,Natural,1027.9996
2018,Gs12,Grassland,Natural,4746.6104
2018,Gs13,Grassland,Natural,154.5836
2018,Gs14,Grassland,Natural,2168.1408
2018,Gs15,Grassland,Natural,3728.6372
2018,Gs16,Grassland,Natural,2995.0192
2018,Gs17,Grassland,Natural,4172.418
2018,Gs18,Grassland,Natural,1409.0108
2018,Gs19,Grassland,Natural,1352.3572
2018,Gs2,Grassland,Natural,821.7156
2018,Gs20,Grassland,Natural,2281.9068
2018,Gs3,Grassland,Natural,1568.3444
2018,Gs4,Grassland,Natural,4293.0084
2018,Gs6,Grassland,Natural,3328.7696
2018,Gs7,Grassland,Natural,2389.8856
2018,Gs8,Grassland,Natural,1680.63
2018,Gs9,Grassland,Natural,2050.0268
2018,NKb1,Nama-Karoo,Natural,4639.002
2018,NKb2,Nama-Karoo,Natural,601.45
2018,NKb3,Nama-Karoo,Natural,40950.256
2018,NKb4,Nama-Karoo,Natural,2671.6808
2018,NKb5,Nama-Karoo,Natural,8551.6056
2018,NKb6,Nama-Karoo,Natural,40932.062
2018,NKl1,Nama-Karoo,Natural,20086.0432
2018,NKl2,Nama-Karoo,Natural,8173.906
2018,NKl4,Nama-Karoo,Natural,684.3444
2018,NKu1,Nama-Karoo,Natural,16973.3548
2018,NKu2,Nama-Karoo,Natural,11709.3512
2018,NKu3,Nama-Karoo,Natural,40081.0524
2018,NKu4,Nama-Karoo,Natural,48142.5248
2018,NOTVEG,NOTVEG,Natural,917.7008
2018,SKk1,Succulent Karoo,Natural,1667.568
2018,SKk2,Succulent Karoo,Natural,129.2048
2018,SKk3,Succulent Karoo,Natural,1299.5728
2018,SKk4,Succulent Karoo,Natural,979.5732
2018,SKk5,Succulent Karoo,Natural,832.2764
2018,SKk6,Succulent Karoo,Natural,57.1404
2018,SKk7,Succulent Karoo,Natural,132.458
2018,SKk8,Succulent Karoo,Natural,0.646
2018,SKk9,Succulent Karoo,Natural,140.3324
2018,SKn1,Succulent Karoo,Natural,7343.7548
2018,SKn2,Succulent Karoo,Natural,534.2448
2018,SKn3,Succulent Karoo,Natural,2893.0444
2018,SKn4,Succulent Karoo,Natural,4584.9324
2018,SKn5,Succulent Karoo,Natural,650.838
2018,SKn6,Succulent Karoo,Natural,391.562
2018,SKn7,Succulent Karoo,Natural,908.4916
2018,SKr1,Succulent Karoo,Natural,1199.7908
2018,SKr10,Succulent Karoo,Natural,127.1652
2018,SKr11,Succulent Karoo,Natural,128.19
2018,SKr12,Succulent Karoo,Natural,611.9304
2018,SKr13,Succulent Karoo,Natural,722.0072
2018,SKr14,Succulent Karoo,Natural,365.2504
2018,SKr15,Succulent Karoo,Natural,200.3552
2018,SKr16,Succulent Karoo,Natural,432.43
2018,SKr17,Succulent Karoo,Natural,259.9504
2018,SKr18,Succulent Karoo,Natural,814.6328
2018,SKr19,Succulent Karoo,Natural,369.4556
2018,SKr2,Succulent Karoo,Natural,191.3576
2018,SKr3,Succulent Karoo,Natural,170.7484
2018,SKr4,Succulent Karoo,Natural,827.2752
2018,SKr5,Succulent Karoo,Natural,18.3652
2018,SKr6,Succulent Karoo,Natural,65.8632
2018,SKr7,Succulent Karoo,Natural,326.5972
2018,SKr8,Succulent Karoo,Natural,50.5336
2018,SKr9,Succulent Karoo,Natural,3.2652
2018,SKs1,Succulent Karoo,Natural,315.38
2018,SKs10,Succulent Karoo,Natural,134.0656
2018,SKs11,Succulent Karoo,Natural,286.7372
2018,SKs12,Succulent Karoo,Natural,423.9252
2018,SKs13,Succulent Karoo,Natural,110.2904
2018,SKs14,Succulent Karoo,Natural,645.5372
2018,SKs2,Succulent Karoo,Natural,525.67
2018,SKs3,Succulent Karoo,Natural,303.8476
2018,SKs4,Succulent Karoo,Natural,441.8632
2018,SKs5,Succulent Karoo,Natural,565.7144
2018,SKs6,Succulent Karoo,Natural,122.832
2018,SKs7,Succulent Karoo,Natural,2545.486
2018,SKs8,Succulent Karoo,Natural,734.138
2018,SKs9,Succulent Karoo,Natural,886.9968
2018,SKt1,Succulent Karoo,Natural,101.3432
2018,SKt2,Succulent Karoo,Natural,7316.6456
2018,SKt3,Succulent Karoo,Natural,5226.1568
2018,SKv1,Succulent Karoo,Natural,451.1516
2018,SKv10,Succulent Karoo,Natural,226.6016
2018,SKv11,Succulent Karoo,Natural,1374.506
2018,SKv13,Succulent Karoo,Natural,2515.8504
2018,SKv14,Succulent Karoo,Natural,771.1804
2018,SKv2,Succulent Karoo,Natural,557.2216
2018,SKv3,Succulent Karoo,Natural,903.2952
2018,SKv4,Succulent Karoo,Natural,1313.9288
2018,SKv5,Succulent Karoo,Natural,6926.9688
2018,SKv6,Succulent Karoo,Natural,4677.1048
2018,SKv7,Succulent Karoo,Natural,499.6652
2018,SKv8,Succulent Karoo,Natural,3936.3552
2018,SVcb1,Savanna,Natural,5179.6104
2018,SVcb10,Savanna,Natural,940.7776
2018,SVcb11,Savanna,Natural,2515.0816
2018,SVcb12,Savanna,Natural,11061.4828
2018,SVcb13,Savanna,Natural,1926.792
2018,SVcb14,Savanna,Natural,446.516
2018,SVcb15,Savanna,Natural,2939.9372
2018,SVcb16,Savanna,Natural,9946.0684
2018,SVcb17,Savanna,Natural,8242.6824
2018,SVcb18,Savanna,Natural,5146.278
2018,SVcb19,Savanna,Natural,10786.6888
2018,SVcb2,Savanna,Natural,1076.9268
2018,SVcb20,Savanna,Natural,6348.794
2018,SVcb21,Savanna,Natural,3070.8684
2018,SVcb22,Savanna,Natural,0.5368
2018,SVcb23,Savanna,Natural,2621.8656
2018,SVcb24,Savanna,Natural,598.2148
2018,SVcb25,Savanna,Natural,828.3392
2018,SVcb26,Savanna,Natural,1758.338
2018,SVcb27,Savanna,Natural,1260.134
2018,SVcb28,Savanna,Natural,1826.5564
2018,SVcb29,Savanna,Natural,374.0792
2018,SVcb3,Savanna,Natural,897.5916
2018,SVcb4,Savanna,Natural,3674.8456
2018,SVcb5,Savanna,Natural,359.8996
2018,SVcb6,Savanna,Natural,731.9276
2018,SVcb7,Savanna,Natural,369.8612
2018,SVcb8,Savanna,Natural,857.7332
2018,SVcb9,Savanna,Natural,2603.7752
2018,SVk1,Savanna,Natural,12026.2352
2018,SVk10,Savanna,Natural,5550.5652
2018,SVk11,Savanna,Natural,13628.6656
2018,SVk12,Savanna,Natural,7272.4276
2018,SVk13,Savanna,Natural,8420.5712
2018,SVk14,Savanna,Natural,885.446
2018,SVk15,Savanna,Natural,1617.3084
2018,SVk16,Savanna,Natural,7906.5756
2018,SVk17,Savanna,Natural,3803.3468
2018,SVk18,Savanna,Natural,954.3788
2018,SVk2,Savanna,Natural,3244.9464
2018,SVk3,Savanna,Natural,583.794
2018,SVk4,Savanna,Natural,12546.004
2018,SVk5,Savanna,Natural,1422.3936
2018,SVk6,Savanna,Natural,4247.0232
2018,SVk7,Savanna,Natural,13142.274
2018,SVk8,Savanna,Natural,3243.4308
2018,SVk9,Savanna,Natural,5531.512
2018,SVkd1,Savanna,Natural,37012.5328
2018,SVkd2,Savanna,Natural,2239.9764
2018,SVkd3,Savanna,Natural,2898.1824
2018,SVkd4,Savanna,Natural,762.2864
2018,SVl1,Savanna,Natural,1596.0408
2018,SVl10,Savanna,Natural,621.6892
2018,SVl11,Savanna,Natural,599.1152
2018,SVl12,Savanna,Natural,364.9072
2018,SVl13,Savanna,Natural,72.67
2018,SVl14,Savanna,Natural,1036.6208
2018,SVl15,Savanna,Natural,1344.7112
2018,SVl16,Savanna,Natural,1049.2664
2018,SVl17,Savanna,Natural,36.8552
2018,SVl18,Savanna,Natural,872.2916
2018,SVl19,Savanna,Natural,83.7092
2018,SVl2,Savanna,Natural,183.834
2018,SVl20,Savanna,Natural,660.594
2018,SVl21,Savanna,Natural,271.8556
2018,SVl22,Savanna,Natural,3367.5224
2018,SVl23,Savanna,Natural,4531.1656
2018,SVl24,Savanna,Natural,184.52
2018,SVl25,Savanna,Natural,477.2796
2018,SVl26,Savanna,Natural,523.9772
2018,SVl27,Savanna,Natural,428.3168
2018,SVl3,Savanna,Natural,12020.9552
2018,SVl4,Savanna,Natural,593.6316
2018,SVl5,Savanna,Natural,2484.8368
2018,SVl6,Savanna,Natural,757.8224
2018,SVl7,Savanna,Natural,287.4316
2018,SVl8,Savanna,Natural,1783.0972
2018,SVl9,Savanna,Natural,1128.4212
2018,SVmp1,Savanna,Natural,8203.8444
2018,SVmp2,Savanna,Natural,2727.6976
2018,SVmp3,Savanna,Natural,276.912
2018,SVmp4,Savanna,Natural,2801.104
2018,SVmp5,Savanna,Natural,4742.5676
2018,SVmp6,Savanna,Natural,2452.8868
2018,SVmp7,Savanna,Natural,2035.4956
2018,SVmp8,Savanna,Natural,310.294
2018,SVs1,Savanna,Natural,1979.2948
2018,SVs2,Savanna,Natural,1636.8384
2018,SVs3,Savanna,Natural,1020.0856
2018,SVs4,Savanna,Natural,332.116
2018,SVs5,Savanna,Natural,255.7072
2018,SVs6,Savanna,Natural,7063.0464
2018,SVs7,Savanna,Natural,4828.0532
2018,SVs8,Savanna,Natural,866.9884
2020,AT15,Albany Thicket,Natural,14.5756
2020,AT16,Albany Thicket,Natural,51.1812
2020,AT17,Albany Thicket,Natural,576.8664
2020,AT18,Albany Thicket,Natural,1035.1504
2020,AT19,Albany Thicket,Natural,1061.9932
2020,AT20,Albany Thicket,Natural,20.0452
2020,AT21,Albany Thicket,Natural,311.3724
2020,AT22,Albany Thicket,Natural,93.084
2020,AT23,Albany Thicket,Natural,268.436
2020,AT24,Albany Thicket,Natural,2600.252
2020,AT25,Albany Thicket,Natural,2110.1224
2020,AT26,Albany Thicket,Natural,30.2088
2020,AT27,Albany Thicket,Natural,1231.184
2020,AT28,Albany Thicket,Natural,908.47
2020,AT29,Albany Thicket,Natural,768.3452
2020,AT30,Albany Thicket,Natural,626.088
2020,AT31,Albany Thicket,Natural,210.2132
2020,AT32,Albany Thicket,Natural,3452.8
2020,AT33,Albany Thicket,Natural,484.2196
2020,AT34,Albany Thicket,Natural,161.734
2020,AT35,Albany Thicket,Natural,18.378
2020,AT36,Albany Thicket,Natural,29.8592
2020,AT37,Albany Thicket,Natural,106.2076
2020,AT38,Albany Thicket,Natural,851.5792
2020,AT39,Albany Thicket,Natural,217.718
2020,AT40,Albany Thicket,Natural,463.9972
2020,AT41,Albany Thicket,Natural,208.1496
2020,AT42,Albany Thicket,Natural,52.8664
2020,AT43,Albany Thicket,Natural,265.994
2020,AT44,Albany Thicket,Natural,64.3312
2020,AT45,Albany Thicket,Natural,430.7936
2020,AT46,Albany Thicket,Natural,552.4164
2020,AT47,Albany Thicket,Natural,887.002
2020,AT48,Albany Thicket,Natural,11.72
2020,AT49,Albany Thicket,Natural,5530.824
2020,AT50,Albany Thicket,Natural,515.7564
2020,AT51,Albany Thicket,Natural,1698.5728
2020,AT52,Albany Thicket,Natural,30.246
2020,AT53,Albany Thicket,Natural,16.684
2020,AT54,Albany Thicket,Natural,184.9032
2020,AT55,Albany Thicket,Natural,742.1788
2020,AT56,Albany Thicket,Natural,468.1268
2020,AT57,Albany Thicket,Natural,105.7808
2020,AT58,Albany Thicket,Natural,2222.5008
2020,AZa1,Azonal,Natural,18.1956
2020,AZa2,Azonal,Natural,116.5116
2020,AZa3,Azonal,Natural,543.8828
2020,AZa4,Azonal,Natural,1253.78
2020,AZa5,Azonal,Natural,2132.8992
2020,AZa6,Azonal,Natural,287.1932
2020,AZa7,Azonal,Natural,875.1724
2020,AZd1,Azonal,Natural,0.3532
2020,AZd2,Azonal,Natural,9.6724
2020,AZd3,Azonal,Natural,215.3684
2020,AZd4,Azonal,Natural,26.306
2020,AZi1,Azonal,Natural,1201.3252
2020,AZi3,Azonal,Natural,1915.0608
2020,AZi5,Azonal,Natural,4825.7488
2020,AZi6,Azonal,Natural,4543.3332
2020,AZi7,Azonal,Natural,1984.6736
2020,AZi8,Azonal,Natural,144.5692
2020,AZs3,Azonal,Natural,11.9752
2020,CB1,IOCB,Natural,848.6136
2020,CB2,IOCB,Natural,407.9236
2020,CB3,IOCB,Natural,677.9888
2020,CB4,IOCB,Natural,643.7312
2020,CB5,IOCB,Natural,901.496
2020,CB6,IOCB,Natural,412.7432
2020,Dg1,Desert,Natural,333.016
2020,Dg10,Desert,Natural,2084.4008
2020,Dg2,Desert,Natural,361.398
2020,Dg3,Desert,Natural,156.5132
2020,Dg4,Desert,Natural,107.242
2020,Dg5,Desert,Natural,591.9524
2020,Dg6,Desert,Natural,8.1068
2020,Dg7,Desert,Natural,244.1176
2020,Dg8,Desert,Natural,342.932
2020,Dg9,Desert,Natural,1198.4944
2020,Dn1,Desert,Natural,1.3716
2020,Dn2,Desert,Natural,1.0224
2020,Dn3,Desert,Natural,122.8844
2020,Dn4,Desert,Natural,195.1072
2020,Dn5,Desert,Natural,384.9532
2020,FFa1,Fynbos,Natural,53.1612
2020,FFa2,Fynbos,Natural,169.6896
2020,FFa3,Fynbos,Natural,139.3292
2020,FFa4,Fynbos,Natural,5.176
2020,FFb1,Fynbos,Natural,258.3268
2020,FFb2,Fynbos,Natural,128.2904
2020,FFb3,Fynbos,Natural,97.72
2020,FFb4,Fynbos,Natural,54.0752
2020,FFb5,Fynbos,Natural,95.86
2020,FFb6,Fynbos,Natural,29.3304
2020,FFc1,Fynbos,Natural,389.0884
2020,FFd1,Fynbos,Natural,1107.2972
2020,FFd10,Fynbos,Natural,30.6976
2020,FFd11,Fynbos,Natural,60.0304
2020,FFd2,Fynbos,Natural,760.3436
2020,FFd3,Fynbos,Natural,639.8112
2020,FFd4,Fynbos,Natural,333.228
2020,FFd5,Fynbos,Natural,91.812
2020,FFd6,Fynbos,Natural,51.6908
2020,FFd7,Fynbos,Natural,119.77
2020,FFd8,Fynbos,Natural,43.4952
2020,FFd9,Fynbos,Natural,264.364
2020,FFf1,Fynbos,Natural,233.9056
2020,FFf2,Fynbos,Natural,19.4044
2020,FFg1,Fynbos,Natural,64.024
2020,FFg2,Fynbos,Natural,280.9016
2020,FFg3,Fynbos,Natural,31.3424
2020,FFg4,Fynbos,Natural,14.1352
2020,FFg5,Fynbos,Natural,178.5104
2020,FFh1,Fynbos,Natural,199.2624
2020,FFh10,Fynbos,Natural,278.0152
2020,FFh11,Fynbos,Natural,5.3908
2020,FFh2,Fynbos,Natural,101.2844
2020,FFh3,Fynbos,Natural,63.714
2020,FFh4,Fynbos,Natural,203.862
2020,FFh5,Fynbos,Natural,36.1088
2020,FFh6,Fynbos,Natural,67.5152
2020,FFh7,Fynbos,Natural,148.3028
2020,FFh8,Fynbos,Natural,144.5036
2020,FFh9,Fynbos,Natural,245.5312
2020,FFl1,Fynbos,Natural,257.5984
2020,FFl2,Fynbos,Natural,661.8244
2020,FFl3,Fynbos,Natural,622.448
2020,FFq1,Fynbos,Natural,49.024
2020,FFq2,Fynbos,Natural,1617.482
2020,FFq3,Fynbos,Natural,1249.8856
2020,FFq4,Fynbos,Natural,91.3576
2020,FFq5,Fynbos,Natural,388.3248
2020,FFq6,Fynbos,Natural,669.522
2020,FFs1,Fynbos,Natural,801.0928
2020,FFs10,Fynbos,Natural,1009.1724
2020,FFs11,Fynbos,Natural,764.088
2020,FFs12,Fynbos,Natural,1050.5472
2020,FFs13,Fynbos,Natural,520.8932
2020,FFs14,Fynbos,Natural,333.2388
2020,FFs15,Fynbos,Natural,906.6148
2020,FFs16,Fynbos,Natural,1173.596
2020,FFs17,Fynbos,Natural,100.3344
2020,FFs18,Fynbos,Natural,732.74
2020,FFs19,Fynbos,Natural,1050.336
2020,FFs2,Fynbos,Natural,939.6116
2020,FFs20,Fynbos,Natural,1569.6316
2020,FFs21,Fynbos,Natural,318.0468
2020,FFs22,Fynbos,Natural,385.3908
2020,FFs23,Fynbos,Natural,846.1904
2020,FFs24,Fynbos,Natural,1082.396
2020,FFs25,Fynbos,Natural,330.9168
2020,FFs26,Fynbos,Natural,287.0992
2020,FFs27,Fynbos,Natural,2161.7728
2020,FFs28,Fynbos,Natural,3698.8704
2020,FFs29,Fynbos,Natural,132.838
2020,FFs3,Fynbos,Natural,469.4724
2020,FFs30,Fynbos,Natural,37.4848
2020,FFs31,Fynbos,Natural,50.7904
2020,FFs32,Fynbos,Natural,357.5984
2020,FFs4,Fynbos,Natural,2233.7616
2020,FFs5,Fynbos,Natural,1051.2628
2020,FFs6,Fynbos,Natural,370.938
2020,FFs7,Fynbos,Natural,371.17
2020,FFs8,Fynbos,Natural,315.8412
2020,FFs9,Fynbos,Natural,203.404
2020,FFt1,Fynbos,Natural,395.7816
2020,FFt2,Fynbos,Natural,181.6072
2020,FOa1,Forest,Natural,90.1304
2020,FOa2,Forest,Natural,72.8896
2020,FOa3,Forest,Natural,20.6628
2020,FOz1,Forest,Natural,632.4848
2020,FOz2,Forest,Natural,182.454
2020,FOz3,Forest,Natural,884.4928
2020,FOz4,Forest,Natural,279.0976
2020,FOz5,Forest,Natural,753.1684
2020,FOz6,Forest,Natural,150.932
2020,FOz7,Forest,Natural,516.17
2020,FOz8,Forest,Natural,244.4464
2020,FOz9,Forest,Natural,68.6804
2020,FRa1,Fynbos,Natural,175.2748
2020,FRa2,Fynbos,Natural,36.5952
2020,FRc1,Fynbos,Natural,12.8756
2020,FRc2,Fynbos,Natural,28.5356
2020,FRd1,Fynbos,Natural,197.3924
2020,FRd2,Fynbos,Natural,565.3448
2020,FRg1,Fynbos,Natural,252.86
2020,FRg2,Fynbos,Natural,154.9304
2020,FRg3,Fynbos,Natural,18.8336
2020,FRl1,Fynbos,Natural,433.0896
2020,FRs1,Fynbos,Natural,196.1052
2020,FRs10,Fynbos,Natural,2.5512
2020,FRs11,Fynbos,Natural,153.548
2020,FRs12,Fynbos,Natural,196.234
2020,FRs13,Fynbos,Natural,398.3344
2020,FRs14,Fynbos,Natural,326.7788
2020,FRs15,Fynbos,Natural,264.3352
2020,FRs16,Fynbos,Natural,1104.8436
2020,FRs17,Fynbos,Natural,64.3528
2020,FRs18,Fynbos,Natural,118.6768
2020,FRs19,Fynbos,Natural,156.052
2020,FRs2,Fynbos,Natural,104.4872
2020,FRs20,Fynbos,Natural,11.5236
2020,FRs3,Fynbos,Natural,3148.9484
2020,FRs4,Fynbos,Natural,211.8412
2020,FRs5,Fynbos,Natural,1199.3404
2020,FRs6,Fynbos,Natural,1810.7776
2020,FRs7,Fynbos,Natural,1294.2568
2020,FRs8,Fynbos,Natural,617.2852
2020,FRs9,Fynbos,Natural,489.5764
2020,FS1,Fynbos,Natural,236.1392
2020,FS10,Fynbos,Natural,306.0088
2020,FS11,Fynbos,Natural,39.4644
2020,FS12,Fynbos,Natural,91.3728
2020,FS13,Fynbos,Natural,35.23
2020,FS14,Fynbos,Natural,85.0996
2020,FS2,Fynbos,Natural,78.6932
2020,FS3,Fynbos,Natural,583.5696
2020,FS4,Fynbos,Natural,49.5944
2020,FS5,Fynbos,Natural,293.57
2020,FS6,Fynbos,Natural,189.02
2020,FS7,Fynbos,Natural,37.5596
2020,FS9,Fynbos,Natural,12.3868
2020,Gd1,Grassland,Natural,4226.5148
2020,Gd10,Grassland,Natural,78.6212
2020,Gd2,Grassland,Natural,153.858
2020,Gd3,Grassland,Natural,2411.2724
2020,Gd4,Grassland,Natural,5998.6672
2020,Gd5,Grassland,Natural,1108.7348
2020,Gd6,Grassland,Natural,17.56
2020,Gd7,Grassland,Natural,1342.5216
2020,Gd8,Grassland,Natural,3969.1032
2020,Gh1,Grassland,Natural,8141.3984
2020,Gh10,Grassland,Natural,5872.66
2020,Gh11,Grassland,Natural,420.0992
2020,Gh12,Grassland,Natural,221.954
2020,Gh13,Grassland,Natural,2131.164
2020,Gh14,Grassland,Natural,3700.264
2020,Gh15,Grassland,Natural,5492.8644
2020,Gh2,Grassland,Natural,5668.9204
2020,Gh3,Grassland,Natural,12378.9708
2020,Gh4,Grassland,Natural,9258.3208
2020,Gh5,Grassland,Natural,2587.7776
2020,Gh6,Grassland,Natural,10518.8544
2020,Gh7,Grassland,Natural,1287.8068
2020,Gh8,Grassland,Natural,66.2432
2020,Gh9,Grassland,Natural,5322.0924
2020,Gm1,Grassland,Natural,2540.946
2020,Gm10,Grassland,Natural,187.4896
2020,Gm11,Grassland,Natural,4240.3376
2020,Gm12,Grassland,Natural,3774.9456
2020,Gm13,Grassland,Natural,2135.0956
2020,Gm14,Grassland,Natural,2961.5316
2020,Gm15,Grassland,Natural,1983.8856
2020,Gm16,Grassland,Natural,2480.3412
2020,Gm17,Grassland,Natural,612.2564
2020,Gm19,Grassland,Natural,848.8632
2020,Gm2,Grassland,Natural,627.7752
2020,Gm20,Grassland,Natural,18.3856
2020,Gm21,Grassland,Natural,1195.0992
2020,Gm22,Grassland,Natural,352.8536
2020,Gm23,Grassland,Natural,760.7508
2020,Gm24,Grassland,Natural,9.336
2020,Gm25,Grassland,Natural,104.8692
2020,Gm26,Grassland,Natural,242.4308
2020,Gm27,Grassland,Natural,261.2656
2020,Gm28,Grassland,Natural,91.572
2020,Gm29,Grassland,Natural,502.8124
2020,Gm3,Grassland,Natural,5662.1628
2020,Gm30,Grassland,Natural,2628.6144
2020,Gm31,Grassland,Natural,538.338
2020,Gm4,Grassland,Natural,6242.9668
2020,Gm5,Grassland,Natural,1478.3324
2020,Gm6,Grassland,Natural,5480.8668
2020,Gm7,Grassland,Natural,27.6636
2020,Gm8,Grassland,Natural,5561.5276
2020,Gm9,Grassland,Natural,440.6508
2020,Gs1,Grassland,Natural,282.2376
2020,Gs10,Grassland,Natural,7606.1784
2020,Gs11,Grassland,Natural,1024.5988
2020,Gs12,Grassland,Natural,4722.0004
2020,Gs13,Grassland,Natural,153.1612
2020,Gs14,Grassland,Natural,2152.5728
2020,Gs15,Grassland,Natural,3718.7268
2020,Gs16,Grassland,Natural,2990.1632
2020,Gs17,Grassland,Natural,4171.49
2020,Gs18,Grassland,Natural,1408.2936
2020,Gs19,Grassland,Natural,1342.1664
2020,Gs2,Grassland,Natural,820.1364
2020,Gs20,Grassland,Natural,2266.1492
2020,Gs3,Grassland,Natural,1565.438
2020,Gs4,Grassland,Natural,4260.2476
2020,Gs6,Grassland,Natural,3316.8892
2020,Gs7,Grassland,Natural,2374.6972
2020,Gs8,Grassland,Natural,1671.1672
2020,Gs9,Grassland,Natural,2035.464
2020,NKb1,Nama-Karoo,Natural,4638.2116
2020,NKb2,Nama-Karoo,Natural,601.4232
2020,NKb3,Nama-Karoo,Natural,40930.486
2020,NKb4,Nama-Karoo,Natural,2670.6484
2020,NKb5,Nama-Karoo,Natural,8549.1188
2020,NKb6,Nama-Karoo,Natural,40926.38
2020,NKl1,Nama-Karoo,Natural,20080.0552
2020,NKl2,Nama-Karoo,Natural,8169.664
2020,NKl4,Nama-Karoo,Natural,683.5496
2020,NKu1,Nama-Karoo,Natural,16969.9452
2020,NKu2,Nama-Karoo,Natural,11707.8832
2020,NKu3,Nama-Karoo,Natural,40036.994
2020,NKu4,Nama-Karoo,Natural,48120.434
2020,NOTVEG,NOTVEG,Natural,916.7296
2020,SKk1,Succulent Karoo,Natural,1667.2184
2020,SKk2,Succulent Karoo,Natural,129.1948
2020,SKk3,Succulent Karoo,Natural,1299.2172
2020,SKk4,Succulent Karoo,Natural,979.4672
2020,SKk5,Succulent Karoo,Natural,831.094
2020,SKk6,Succulent Karoo,Natural,57.1048
2020,SKk7,Succulent Karoo,Natural,131.1172
2020,SKk8,Succulent Karoo,Natural,0.6348
2020,SKk9,Succulent Karoo,Natural,140.2672
2020,SKn1,Succulent Karoo,Natural,7342.5008
2020,SKn2,Succulent Karoo,Natural,534.226
2020,SKn3,Succulent Karoo,Natural,2891.3408
2020,SKn4,Succulent Karoo,Natural,4582.5824
2020,SKn5,Succulent Karoo,Natural,650.5632
2020,SKn6,Succulent Karoo,Natural,391.5216
2020,SKn7,Succulent Karoo,Natural,908.0956
2020,SKr1,Succulent Karoo,Natural,1199.756
2020,SKr10,Succulent Karoo,Natural,127.1584
2020,SKr11,Succulent Karoo,Natural,128.16
2020,SKr12,Succulent Karoo,Natural,611.9092
2020,SKr13,Succulent Karoo,Natural,721.8784
2020,SKr14,Succulent Karoo,Natural,365.2304
2020,SKr15,Succulent Karoo,Natural,200.304
2020,SKr16,Succulent Karoo,Natural,432.3712
2020,SKr17,Succulent Karoo,Natural,259.7872
2020,SKr18,Succulent Karoo,Natural,812.5508
2020,SKr19,Succulent Karoo,Natural,368.4908
2020,SKr2,Succulent Karoo,Natural,191.3456
2020,SKr3,Succulent Karoo,Natural,170.7448
2020,SKr4,Succulent Karoo,Natural,827.26
2020,SKr5,Succulent Karoo,Natural,18.3652
2020,SKr6,Succulent Karoo,Natural,65.824
2020,SKr7,Succulent Karoo,Natural,326.588
2020,SKr8,Succulent Karoo,Natural,50.5152
2020,SKr9,Succulent Karoo,Natural,3.2652
2020,SKs1,Succulent Karoo,Natural,314.8356
2020,SKs10,Succulent Karoo,Natural,134.0148
2020,SKs11,Succulent Karoo,Natural,286.7088
2020,SKs12,Succulent Karoo,Natural,423.6604
2020,SKs13,Succulent Karoo,Natural,108.2648
2020,SKs14,Succulent Karoo,Natural,644.9832
2020,SKs2,Succulent Karoo,Natural,525.4884
2020,SKs3,Succulent Karoo,Natural,303.662
2020,SKs4,Succulent Karoo,Natural,441.7228
2020,SKs5,Succulent Karoo,Natural,565.7124
2020,SKs6,Succulent Karoo,Natural,122.8264
2020,SKs7,Succulent Karoo,Natural,2543.0388
2020,SKs8,Succulent Karoo,Natural,732.4448
2020,SKs9,Succulent Karoo,Natural,886.2784
2020,SKt1,Succulent Karoo,Natural,101.332
2020,SKt2,Succulent Karoo,Natural,7315.4296
2020,SKt3,Succulent Karoo,Natural,5224.4604
2020,SKv1,Succulent Karoo,Natural,449.6388
2020,SKv10,Succulent Karoo,Natural,226.396
2020,SKv11,Succulent Karoo,Natural,1371.4312
2020,SKv13,Succulent Karoo,Natural,2514.8576
2020,SKv14,Succulent Karoo,Natural,770.3592
2020,SKv2,Succulent Karoo,Natural,557.1876
2020,SKv3,Succulent Karoo,Natural,903.1684
2020,SKv4,Succulent Karoo,Natural,1313.738
2020,SKv5,Succulent Karoo,Natural,6925.5768
2020,SKv6,Succulent Karoo,Natural,4676.0152
2020,SKv7,Succulent Karoo,Natural,497.4968
2020,SKv8,Succulent Karoo,Natural,3933.6204
2020,SVcb1,Savanna,Natural,5125.75
2020,SVcb10,Savanna,Natural,929.834
2020,SVcb11,Savanna,Natural,2506.7716
2020,SVcb12,Savanna,Natural,10912.8008
2020,SVcb13,Savanna,Natural,1922.6168
2020,SVcb14,Savanna,Natural,441.63
2020,SVcb15,Savanna,Natural,2868.9324
2020,SVcb16,Savanna,Natural,9917.0488
2020,SVcb17,Savanna,Natural,8216.7028
2020,SVcb18,Savanna,Natural,5109.2956
2020,SVcb19,Savanna,Natural,10702.0624
2020,SVcb2,Savanna,Natural,1076.1928
2020,SVcb20,Savanna,Natural,6254.0464
2020,SVcb21,Savanna,Natural,3053.2376
2020,SVcb22,Savanna,Natural,0.5316
2020,SVcb23,Savanna,Natural,2531.0024
2020,SVcb24,Savanna,Natural,596.9996
2020,SVcb25,Savanna,Natural,826.5452
2020,SVcb26,Savanna,Natural,1749.4692
2020,SVcb27,Savanna,Natural,1222.812
2020,SVcb28,Savanna,Natural,1815.7768
2020,SVcb29,Savanna,Natural,373.954
2020,SVcb3,Savanna,Natural,894.2568
2020,SVcb4,Savanna,Natural,3666.788
2020,SVcb5,Savanna,Natural,359.854
2020,SVcb6,Savanna,Natural,723.2408
2020,SVcb7,Savanna,Natural,366.7404
2020,SVcb8,Savanna,Natural,849.2756
2020,SVcb9,Savanna,Natural,2597.3956
2020,SVk1,Savanna,Natural,12010.6232
2020,SVk10,Savanna,Natural,5543.8588
2020,SVk11,Savanna,Natural,13625.8592
2020,SVk12,Savanna,Natural,7260.162
2020,SVk13,Savanna,Natural,8416.2852
2020,SVk14,Savanna,Natural,883.5132
2020,SVk15,Savanna,Natural,1617.2448
2020,SVk16,Savanna,Natural,7905.9664
2020,SVk17,Savanna,Natural,3767.4136
2020,SVk18,Savanna,Natural,953.4352
2020,SVk2,Savanna,Natural,3233.6
2020,SVk3,Savanna,Natural,577.6448
2020,SVk4,Savanna,Natural,12495.5028
2020,SVk5,Savanna,Natural,1421.0436
2020,SVk6,Savanna,Natural,4233.5024
2020,SVk7,Savanna,Natural,13132.408
2020,SVk8,Savanna,Natural,3241.1848
2020,SVk9,Savanna,Natural,5519.2396
2020,SVkd1,Savanna,Natural,37007.9424
2020,SVkd2,Savanna,Natural,2239.5172
2020,SVkd3,Savanna,Natural,2898.1208
2020,SVkd4,Savanna,Natural,762.2544
2020,SVl1,Savanna,Natural,1585.8384
2020,SVl10,Savanna,Natural,618.5128
2020,SVl11,Savanna,Natural,598.9264
2020,SVl12,Savanna,Natural,364.7788
2020,SVl13,Savanna,Natural,72.5552
2020,SVl14,Savanna,Natural,1034.704
2020,SVl15,Savanna,Natural,1344.0928
2020,SVl16,Savanna,Natural,1045.9548
2020,SVl17,Savanna,Natural,36.4032
2020,SVl18,Savanna,Natural,866.8908
2020,SVl19,Savanna,Natural,81.0864
2020,SVl2,Savanna,Natural,183.83
2020,SVl20,Savanna,Natural,651.9608
2020,SVl21,Savanna,Natural,270.8504
2020,SVl22,Savanna,Natural,3360.528
2020,SVl23,Savanna,Natural,4508.066
2020,SVl24,Savanna,Natural,182.8452
2020,SVl25,Savanna,Natural,475.112
2020,SVl26,Savanna,Natural,518.7536
2020,SVl27,Savanna,Natural,428.0332
2020,SVl3,Savanna,Natural,11956.6164
2020,SVl4,Savanna,Natural,592.8424
2020,SVl5,Savanna,Natural,2480.3104
2020,SVl6,Savanna,Natural,757.7924
2020,SVl7,Savanna,Natural,286.722
2020,SVl8,Savanna,Natural,1757.1012
2020,SVl9,Savanna,Natural,1121.308
2020,SVmp1,Savanna,Natural,8158.2776
2020,SVmp2,Savanna,Natural,2720.6736
2020,SVmp3,Savanna,Natural,276.8908
2020,SVmp4,Savanna,Natural,2801.0552
2020,SVmp5,Savanna,Natural,4730.6428
2020,SVmp6,Savanna,Natural,2444.4892
2020,SVmp7,Savanna,Natural,2030.1208
2020,SVmp8,Savanna,Natural,310.2928
2020,SVs1,Savanna,Natural,1975.5564
2020,SVs2,Savanna,Natural,1633.782
2020,SVs3,Savanna,Natural,1016.3196
2020,SVs4,Savanna,Natural,327.4648
2020,SVs5,Savanna,Natural,252.3812
2020,SVs6,Savanna,Natural,7044.2944
2020,SVs7,Savanna,Natural,4803.496
2020,SVs8,Savanna,Natural,857.2884
2022,AT15,Albany Thicket,Natural,14.5748
2022,AT16,Albany Thicket,Natural,51.1648
2022,AT17,Albany Thicket,Natural,576.74
2022,AT18,Albany Thicket,Natural,1034.7104
2022,AT19,Albany Thicket,Natural,1061.8264
2022,AT20,Albany Thicket,Natural,20.0016
2022,AT21,Albany Thicket,Natural,310.8976
2022,AT22,Albany Thicket,Natural,92.3968
2022,AT23,Albany Thicket,Natural,268.2796
2022,AT24,Albany Thicket,Natural,2598.0464
2022,AT25,Albany Thicket,Natural,2109.2204
2022,AT26,Albany Thicket,Natural,30.174
2022,AT27,Albany Thicket,Natural,1230.8536
2022,AT28,Albany Thicket,Natural,908.232
2022,AT29,Albany Thicket,Natural,768.056
2022,AT30,Albany Thicket,Natural,625.3256
2022,AT31,Albany Thicket,Natural,210.196
2022,AT32,Albany Thicket,Natural,3450.6652
2022,AT33,Albany Thicket,Natural,484.0704
2022,AT34,Albany Thicket,Natural,161.674
2022,AT35,Albany Thicket,Natural,18.3744
2022,AT36,Albany Thicket,Natural,29.7644
2022,AT37,Albany Thicket,Natural,106.1272
2022,AT38,Albany Thicket,Natural,849.7652
2022,AT39,Albany Thicket,Natural,216.984
2022,AT40,Albany Thicket,Natural,463.16
2022,AT41,Albany Thicket,Natural,207.8656
2022,AT42,Albany Thicket,Natural,51.7304
2022,AT43,Albany Thicket,Natural,265.86
2022,AT44,Albany Thicket,Natural,63.2552
2022,AT45,Albany Thicket,Natural,430.4944
2022,AT46,Albany Thicket,Natural,552.0688
2022,AT47,Albany Thicket,Natural,886.1536
2022,AT48,Albany Thicket,Natural,11.6912
2022,AT49,Albany Thicket,Natural,5524.0148
2022,AT50,Albany Thicket,Natural,515.4424
2022,AT51,Albany Thicket,Natural,1693.7084
2022,AT52,Albany Thicket,Natural,30.2416
2022,AT53,Albany Thicket,Natural,16.5496
2022,AT54,Albany Thicket,Natural,184.8992
2022,AT55,Albany Thicket,Natural,741.5976
2022,AT56,Albany Thicket,Natural,465.9492
2022,AT57,Albany Thicket,Natural,105.5096
2022,AT58,Albany Thicket,Natural,2221.2952
2022,AZa1,Azonal,Natural,18.1868
2022,AZa2,Azonal,Natural,116.1724
2022,AZa3,Azonal,Natural,530.9836
2022,AZa4,Azonal,Natural,1248.4128
2022,AZa5,Azonal,Natural,2106.648
2022,AZa6,Azonal,Natural,286.0296
2022,AZa7,Azonal,Natural,859.3644
2022,AZd1,Azonal,Natural,0.3172
2022,AZd2,Azonal,Natural,9.5168
2022,AZd3,Azonal,Natural,215.2172
2022,AZd4,Azonal,Natural,26.27
2022,AZi1,Azonal,Natural,1200.1276
2022,AZi3,Azonal,Natural,1914.6164
2022,AZi5,Azonal,Natural,4815.0392
2022,AZi6,Azonal,Natural,4534.9768
2022,AZi7,Azonal,Natural,1983.6596
2022,AZi8,Azonal,Natural,143.7668
2022,AZs3,Azonal,Natural,11.972
2022,CB1,IOCB,Natural,832.548
2022,CB2,IOCB,Natural,401.0516
2022,CB3,IOCB,Natural,672.314
2022,CB4,IOCB,Natural,641.0904
2022,CB5,IOCB,Natural,899.2332
2022,CB6,IOCB,Natural,411.5112
2022,Dg1,Desert,Natural,332.8976
2022,Dg10,Desert,Natural,2084.2796
2022,Dg2,Desert,Natural,361.3932
2022,Dg3,Desert,Natural,156.4688
2022,Dg4,Desert,Natural,107.1928
2022,Dg5,Desert,Natural,591.9344
2022,Dg6,Desert,Natural,8.1068
2022,Dg7,Desert,Natural,244.0452
2022,Dg8,Desert,Natural,342.9244
2022,Dg9,Desert,Natural,1198.2608
2022,Dn1,Desert,Natural,1.3532
2022,Dn2,Desert,Natural,1.01
2022,Dn3,Desert,Natural,122.5984
2022,Dn4,Desert,Natural,194.7612
2022,Dn5,Desert,Natural,384.4044
2022,FFa1,Fynbos,Natural,52.9628
2022,FFa2,Fynbos,Natural,168.948
2022,FFa3,Fynbos,Natural,136.9996
2022,FFa4,Fynbos,Natural,5.122
2022,FFb1,Fynbos,Natural,258.2252
2022,FFb2,Fynbos,Natural,128.2068
2022,FFb3,Fynbos,Natural,97.7068
2022,FFb4,Fynbos,Natural,54.0568
2022,FFb5,Fynbos,Natural,95.8256
2022,FFb6,Fynbos,Natural,29.268
2022,FFc1,Fynbos,Natural,388.6148
2022,FFd1,Fynbos,Natural,1106.6752
2022,FFd10,Fynbos,Natural,29.776
2022,FFd11,Fynbos,Natural,60.0188
2022,FFd2,Fynbos,Natural,756.9556
2022,FFd3,Fynbos,Natural,638.2968
2022,FFd4,Fynbos,Natural,330.844
2022,FFd5,Fynbos,Natural,88.866
2022,FFd6,Fynbos,Natural,51.4168
2022,FFd7,Fynbos,Natural,119.5484
2022,FFd8,Fynbos,Natural,43.4192
2022,FFd9,Fynbos,Natural,264.1432
2022,FFf1,Fynbos,Natural,233.5072
2022,FFf2,Fynbos,Natural,19.376
2022,FFg1,Fynbos,Natural,64.0224
2022,FFg2,Fynbos,Natural,279.5672
2022,FFg3,Fynbos,Natural,31.2132
2022,FFg4,Fynbos,Natural,14.1344
2022,FFg5,Fynbos,Natural,177.678
2022,FFh1,Fynbos,Natural,198.7996
2022,FFh10,Fynbos,Natural,277.9484
2022,FFh11,Fynbos,Natural,5.3668
2022,FFh2,Fynbos,Natural,101.2808
2022,FFh3,Fynbos,Natural,63.6852
2022,FFh4,Fynbos,Natural,203.6124
2022,FFh5,Fynbos,Natural,35.8028
2022,FFh6,Fynbos,Natural,67.108
2022,FFh7,Fynbos,Natural,148.176
2022,FFh8,Fynbos,Natural,144.4432
2022,FFh9,Fynbos,Natural,243.7668
2022,FFl1,Fynbos,Natural,257.4524
2022,FFl2,Fynbos,Natural,661.6104
2022,FFl3,Fynbos,Natural,622.3644
2022,FFq1,Fynbos,Natural,49.024
2022,FFq2,Fynbos,Natural,1617.4104
2022,FFq3,Fynbos,Natural,1249.804
2022,FFq4,Fynbos,Natural,91.3208
2022,FFq5,Fynbos,Natural,388.316
2022,FFq6,Fynbos,Natural,668.574
2022,FFs1,Fynbos,Natural,800.52
2022,FFs10,Fynbos,Natural,1008.654
2022,FFs11,Fynbos,Natural,763.5196
2022,FFs12,Fynbos,Natural,1049.864
2022,FFs13,Fynbos,Natural,520.876
2022,FFs14,Fynbos,Natural,333.1052
2022,FFs15,Fynbos,Natural,906.3568
2022,FFs16,Fynbos,Natural,1173.312
2022,FFs17,Fynbos,Natural,100.296
2022,FFs18,Fynbos,Natural,732.3164
2022,FFs19,Fynbos,Natural,1047.7296
2022,FFs2,Fynbos,Natural,937.778
2022,FFs20,Fynbos,Natural,1567.7116
2022,FFs21,Fynbos,Natural,318.0388
2022,FFs22,Fynbos,Natural,385.3768
2022,FFs23,Fynbos,Natural,846.108
2022,FFs24,Fynbos,Natural,1082.2572
2022,FFs25,Fynbos,Natural,330.9052
2022,FFs26,Fynbos,Natural,287.084
2022,FFs27,Fynbos,Natural,2155.9756
2022,FFs28,Fynbos,Natural,3696.5036
2022,FFs29,Fynbos,Natural,131.6812
2022,FFs3,Fynbos,Natural,469.3428
2022,FFs30,Fynbos,Natural,37.4804
2022,FFs31,Fynbos,Natural,50.79
2022,FFs32,Fynbos,Natural,354.3128
2022,FFs4,Fynbos,Natural,2232.7588
2022,FFs5,Fynbos,Natural,1051.0576
2022,FFs6,Fynbos,Natural,370.706
2022,FFs7,Fynbos,Natural,371.0828
2022,FFs8,Fynbos,Natural,315.7336
2022,FFs9,Fynbos,Natural,203.276
2022,FFt1,Fynbos,Natural,395.7416
2022,FFt2,Fynbos,Natural,181.5708
2022,FOa1,Forest,Natural,89.8388
2022,FOa2,Forest,Natural,72.8692
2022,FOa3,Forest,Natural,20.558
2022,FOz1,Forest,Natural,632.212
2022,FOz2,Forest,Natural,182.4208
2022,FOz3,Forest,Natural,884.3512
2022,FOz4,Forest,Natural,279.0384
2022,FOz5,Forest,Natural,753.0296
2022,FOz6,Forest,Natural,150.9288
2022,FOz7,Forest,Natural,514.9484
2022,FOz8,Forest,Natural,244.2452
2022,FOz9,Forest,Natural,68.6804
2022,FRa1,Fynbos,Natural,174.4068
2022,FRa2,Fynbos,Natural,36.5332
2022,FRc1,Fynbos,Natural,12.802
2022,FRc2,Fynbos,Natural,28.494
2022,FRd1,Fynbos,Natural,197.2376
2022,FRd2,Fynbos,Natural,565.3256
2022,FRg1,Fynbos,Natural,252.788
2022,FRg2,Fynbos,Natural,153.8836
2022,FRg3,Fynbos,Natural,18.8332
2022,FRl1,Fynbos,Natural,432.6812
2022,FRs1,Fynbos,Natural,196.0464
2022,FRs10,Fynbos,Natural,2.5132
2022,FRs11,Fynbos,Natural,153.0492
2022,FRs12,Fynbos,Natural,195.7052
2022,FRs13,Fynbos,Natural,397.7656
2022,FRs14,Fynbos,Natural,326.5452
2022,FRs15,Fynbos,Natural,264.244
2022,FRs16,Fynbos,Natural,1104.1168
2022,FRs17,Fynbos,Natural,64.1688
2022,FRs18,Fynbos,Natural,118.6764
2022,FRs19,Fynbos,Natural,155.8908
2022,FRs2,Fynbos,Natural,104.3384
2022,FRs20,Fynbos,Natural,11.4372
2022,FRs3,Fynbos,Natural,3148.2664
2022,FRs4,Fynbos,Natural,211.3784
2022,FRs5,Fynbos,Natural,1199.1376
2022,FRs6,Fynbos,Natural,1809.988
2022,FRs7,Fynbos,Natural,1293.4608
2022,FRs8,Fynbos,Natural,616.4812
2022,FRs9,Fynbos,Natural,486.2376
2022,FS1,Fynbos,Natural,235.792
2022,FS10,Fynbos,Natural,305.542
2022,FS11,Fynbos,Natural,39.448
2022,FS12,Fynbos,Natural,91.0064
2022,FS13,Fynbos,Natural,35.1444
2022,FS14,Fynbos,Natural,84.9324
2022,FS2,Fynbos,Natural,78.3044
2022,FS3,Fynbos,Natural,580.8488
2022,FS4,Fynbos,Natural,49.5296
2022,FS5,Fynbos,Natural,293.0008
2022,FS6,Fynbos,Natural,183.1524
2022,FS7,Fynbos,Natural,37.4948
2022,FS9,Fynbos,Natural,12.3604
2022,Gd1,Grassland,Natural,4202.9276
2022,Gd10,Grassland,Natural,76.8228
2022,Gd2,Grassland,Natural,153.586
2022,Gd3,Grassland,Natural,2409.262
2022,Gd4,Grassland,Natural,5993.1016
2022,Gd5,Grassland,Natural,1108.2288
2022,Gd6,Grassland,Natural,17.5596
2022,Gd7,Grassland,Natural,1342.4628
2022,Gd8,Grassland,Natural,3968.614
2022,Gh1,Grassland,Natural,8138.5332
2022,Gh10,Grassland,Natural,5813.4168
2022,Gh11,Grassland,Natural,416.9716
2022,Gh12,Grassland,Natural,221.1288
2022,Gh13,Grassland,Natural,2123.7648
2022,Gh14,Grassland,Natural,3675.5048
2022,Gh15,Grassland,Natural,5468.9772
2022,Gh2,Grassland,Natural,5659.8684
2022,Gh3,Grassland,Natural,12357.1816
2022,Gh4,Grassland,Natural,9249.242
2022,Gh5,Grassland,Natural,2576.7764
2022,Gh6,Grassland,Natural,10488.0812
2022,Gh7,Grassland,Natural,1286.1452
2022,Gh8,Grassland,Natural,66.1308
2022,Gh9,Grassland,Natural,5306.9972
2022,Gm1,Grassland,Natural,2534.3228
2022,Gm10,Grassland,Natural,183.1432
2022,Gm11,Grassland,Natural,4209.3672
2022,Gm12,Grassland,Natural,3707.4124
2022,Gm13,Grassland,Natural,2126.2596
2022,Gm14,Grassland,Natural,2950.1124
2022,Gm15,Grassland,Natural,1967.0736
2022,Gm16,Grassland,Natural,2455.7828
2022,Gm17,Grassland,Natural,611.008
2022,Gm19,Grassland,Natural,847.0616
2022,Gm2,Grassland,Natural,627.636
2022,Gm20,Grassland,Natural,18.3784
2022,Gm21,Grassland,Natural,1192.6756
2022,Gm22,Grassland,Natural,352.086
2022,Gm23,Grassland,Natural,759.7868
2022,Gm24,Grassland,Natural,9.3328
2022,Gm25,Grassland,Natural,103.7852
2022,Gm26,Grassland,Natural,242.2212
2022,Gm27,Grassland,Natural,261.144
2022,Gm28,Grassland,Natural,91.556
2022,Gm29,Grassland,Natural,502.7088
2022,Gm3,Grassland,Natural,5639.0196
2022,Gm30,Grassland,Natural,2611.3308
2022,Gm31,Grassland,Natural,536.1616
2022,Gm4,Grassland,Natural,6209.7068
2022,Gm5,Grassland,Natural,1475.3816
2022,Gm6,Grassland,Natural,5464.9784
2022,Gm7,Grassland,Natural,27.6196
2022,Gm8,Grassland,Natural,5504.348
2022,Gm9,Grassland,Natural,435.8432
2022,Gs1,Grassland,Natural,281.4492
2022,Gs10,Grassland,Natural,7576.2196
2022,Gs11,Grassland,Natural,1020.7256
2022,Gs12,Grassland,Natural,4698.084
2022,Gs13,Grassland,Natural,148.2664
2022,Gs14,Grassland,Natural,2135.8588
2022,Gs15,Grassland,Natural,3708.014
2022,Gs16,Grassland,Natural,2980.22
2022,Gs17,Grassland,Natural,4170.7988
2022,Gs18,Grassland,Natural,1407.3916
2022,Gs19,Grassland,Natural,1334.6488
2022,Gs2,Grassland,Natural,818.9024
2022,Gs20,Grassland,Natural,2257.522
2022,Gs3,Grassland,Natural,1563.8912
2022,Gs4,Grassland,Natural,4242.93
2022,Gs6,Grassland,Natural,3303.6124
2022,Gs7,Grassland,Natural,2366.6848
2022,Gs8,Grassland,Natural,1664.26
2022,Gs9,Grassland,Natural,2020.0288
2022,NKb1,Nama-Karoo,Natural,4637.4332
2022,NKb2,Nama-Karoo,Natural,601.392
2022,NKb3,Nama-Karoo,Natural,40919.9956
2022,NKb4,Nama-Karoo,Natural,2670.3192
2022,NKb5,Nama-Karoo,Natural,8543.5324
2022,NKb6,Nama-Karoo,Natural,40909.9712
2022,NKl1,Nama-Karoo,Natural,20074.7364
2022,NKl2,Nama-Karoo,Natural,8164.2908
2022,NKl4,Nama-Karoo,Natural,683.2128
2022,NKu1,Nama-Karoo,Natural,16965.0208
2022,NKu2,Nama-Karoo,Natural,11706.3608
2022,NKu3,Nama-Karoo,Natural,40004.2396
2022,NKu4,Nama-Karoo,Natural,48084.2452
2022,NOTVEG,NOTVEG,Natural,915.9504
2022,SKk1,Succulent Karoo,Natural,1666.85
2022,SKk2,Succulent Karoo,Natural,129.1548
2022,SKk3,Succulent Karoo,Natural,1298.8296
2022,SKk4,Succulent Karoo,Natural,979.3724
2022,SKk5,Succulent Karoo,Natural,829.1768
2022,SKk6,Succulent Karoo,Natural,57.032
2022,SKk7,Succulent Karoo,Natural,130.8612
2022,SKk8,Succulent Karoo,Natural,0.6316
2022,SKk9,Succulent Karoo,Natural,140.2268
2022,SKn1,Succulent Karoo,Natural,7342.0048
2022,SKn2,Succulent Karoo,Natural,534.2036
2022,SKn3,Succulent Karoo,Natural,2891.024
2022,SKn4,Succulent Karoo,Natural,4581.266
2022,SKn5,Succulent Karoo,Natural,650.5384
2022,SKn6,Succulent Karoo,Natural,391.506
2022,SKn7,Succulent Karoo,Natural,907.9312
2022,SKr1,Succulent Karoo,Natural,1199.7416
2022,SKr10,Succulent Karoo,Natural,127.1424
2022,SKr11,Succulent Karoo,Natural,128.1204
2022,SKr12,Succulent Karoo,Natural,611.8968
2022,SKr13,Succulent Karoo,Natural,721.8316
2022,SKr14,Succulent Karoo,Natural,365.2156
2022,SKr15,Succulent Karoo,Natural,200.304
2022,SKr16,Succulent Karoo,Natural,432.3352
2022,SKr17,Succulent Karoo,Natural,259.666
2022,SKr18,Succulent Karoo,Natural,812.362
2022,SKr19,Succulent Karoo,Natural,367.7144
2022,SKr2,Succulent Karoo,Natural,191.3312
2022,SKr3,Succulent Karoo,Natural,170.7376
2022,SKr4,Succulent Karoo,Natural,827.1612
2022,SKr5,Succulent Karoo,Natural,18.3652
2022,SKr6,Succulent Karoo,Natural,65.8232
2022,SKr7,Succulent Karoo,Natural,326.5544
2022,SKr8,Succulent Karoo,Natural,50.5104
2022,SKr9,Succulent Karoo,Natural,3.2652
2022,SKs1,Succulent Karoo,Natural,311.0076
2022,SKs10,Succulent Karoo,Natural,133.9984
2022,SKs11,Succulent Karoo,Natural,286.6852
2022,SKs12,Succulent Karoo,Natural,423.524
2022,SKs13,Succulent Karoo,Natural,108.1508
2022,SKs14,Succulent Karoo,Natural,644.0144
2022,SKs2,Succulent Karoo,Natural,524.9028
2022,SKs3,Succulent Karoo,Natural,302.72
2022,SKs4,Succulent Karoo,Natural,441.4408
2022,SKs5,Succulent Karoo,Natural,565.6908
2022,SKs6,Succulent Karoo,Natural,122.7916
2022,SKs7,Succulent Karoo,Natural,2540.0112
2022,SKs8,Succulent Karoo,Natural,727.288
2022,SKs9,Succulent Karoo,Natural,884.7432
2022,SKt1,Succulent Karoo,Natural,101.3284
2022,SKt2,Succulent Karoo,Natural,7313.0976
2022,SKt3,Succulent Karoo,Natural,5222.7172
2022,SKv1,Succulent Karoo,Natural,447.9824
2022,SKv10,Succulent Karoo,Natural,226.2656
2022,SKv11,Succulent Karoo,Natural,1369.166
2022,SKv13,Succulent Karoo,Natural,2513.968
2022,SKv14,Succulent Karoo,Natural,769.2448
2022,SKv2,Succulent Karoo,Natural,557.15
2022,SKv3,Succulent Karoo,Natural,902.9904
2022,SKv4,Succulent Karoo,Natural,1313.5804
2022,SKv5,Succulent Karoo,Natural,6923.8212
2022,SKv6,Succulent Karoo,Natural,4674.8652
2022,SKv7,Succulent Karoo,Natural,496.252
2022,SKv8,Succulent Karoo,Natural,3931.7928
2022,SVcb1,Savanna,Natural,5108.8792
2022,SVcb10,Savanna,Natural,919.6632
2022,SVcb11,Savanna,Natural,2493.6388
2022,SVcb12,Savanna,Natural,10862.8848
2022,SVcb13,Savanna,Natural,1920.4356
2022,SVcb14,Savanna,Natural,441.2272
2022,SVcb15,Savanna,Natural,2856.3324
2022,SVcb16,Savanna,Natural,9880.8072
2022,SVcb17,Savanna,Natural,8214.646
2022,SVcb18,Savanna,Natural,5101.8224
2022,SVcb19,Savanna,Natural,10665.7168
2022,SVcb2,Savanna,Natural,1075.8564
2022,SVcb20,Savanna,Natural,6219.6988
2022,SVcb21,Savanna,Natural,3045.662
2022,SVcb22,Savanna,Natural,0.5316
2022,SVcb23,Savanna,Natural,2519.1048
2022,SVcb24,Savanna,Natural,596.7168
2022,SVcb25,Savanna,Natural,823.9772
2022,SVcb26,Savanna,Natural,1747.8652
2022,SVcb27,Savanna,Natural,1210.104
2022,SVcb28,Savanna,Natural,1809.8568
2022,SVcb29,Savanna,Natural,373.6608
2022,SVcb3,Savanna,Natural,889.586
2022,SVcb4,Savanna,Natural,3661.8716
2022,SVcb5,Savanna,Natural,359.8116
2022,SVcb6,Savanna,Natural,708.9796
2022,SVcb7,Savanna,Natural,360.9508
2022,SVcb8,Savanna,Natural,843.362
2022,SVcb9,Savanna,Natural,2593.0128
2022,SVk1,Savanna,Natural,12001.9708
2022,SVk10,Savanna,Natural,5539.6844
2022,SVk11,Savanna,Natural,13624.6808
2022,SVk12,Savanna,Natural,7252.688
2022,SVk13,Savanna,Natural,8409.2552
2022,SVk14,Savanna,Natural,880.8224
2022,SVk15,Savanna,Natural,1617.2148
2022,SVk16,Savanna,Natural,7905.7652
2022,SVk17,Savanna,Natural,3751.572
2022,SVk18,Savanna,Natural,953.0492
2022,SVk2,Savanna,Natural,3227.4224
2022,SVk3,Savanna,Natural,576.2632
2022,SVk4,Savanna,Natural,12455.3472
2022,SVk5,Savanna,Natural,1418.3416
2022,SVk6,Savanna,Natural,4220.3792
2022,SVk7,Savanna,Natural,13112.6348
2022,SVk8,Savanna,Natural,3235.7984
2022,SVk9,Savanna,Natural,5504.2496
2022,SVkd1,Savanna,Natural,37004.7196
2022,SVkd2,Savanna,Natural,2239.5116
2022,SVkd3,Savanna,Natural,2898.1184
2022,SVkd4,Savanna,Natural,762.2544
2022,SVl1,Savanna,Natural,1579.2596
2022,SVl10,Savanna,Natural,615.1964
2022,SVl11,Savanna,Natural,596.5872
2022,SVl12,Savanna,Natural,364.6696
2022,SVl13,Savanna,Natural,72.4612
2022,SVl14,Savanna,Natural,1033.4924
2022,SVl15,Savanna,Natural,1343.736
2022,SVl16,Savanna,Natural,1045.0056
2022,SVl17,Savanna,Natural,36.3308
2022,SVl18,Savanna,Natural,865.0132
2022,SVl19,Savanna,Natural,80.776
2022,SVl2,Savanna,Natural,183.8284
2022,SVl20,Savanna,Natural,648.6476
2022,SVl21,Savanna,Natural,268.5708
2022,SVl22,Savanna,Natural,3358.0616
2022,SVl23,Savanna,Natural,4497.7396
2022,SVl24,Savanna,Natural,182.28
2022,SVl25,Savanna,Natural,472.9328
2022,SVl26,Savanna,Natural,510.344
2022,SVl27,Savanna,Natural,426.688
2022,SVl3,Savanna,Natural,11896.1492
2022,SVl4,Savanna,Natural,591.676
2022,SVl5,Savanna,Natural,2478.2988
2022,SVl6,Savanna,Natural,757.7016
2022,SVl7,Savanna,Natural,286.2132
2022,SVl8,Savanna,Natural,1748.3556
2022,SVl9,Savanna,Natural,1115.6136
2022,SVmp1,Savanna,Natural,8133.022
2022,SVmp2,Savanna,Natural,2718.2392
2022,SVmp3,Savanna,Natural,276.878
2022,SVmp4,Savanna,Natural,2800.2144
2022,SVmp5,Savanna,Natural,4722.0828
2022,SVmp6,Savanna,Natural,2431.4684
2022,SVmp7,Savanna,Natural,2027.626
2022,SVmp8,Savanna,Natural,310.2836
2022,SVs1,Savanna,Natural,1972.284
2022,SVs2,Savanna,Natural,1631.75
2022,SVs3,Savanna,Natural,1014.296
2022,SVs4,Savanna,Natural,325.9052
2022,SVs5,Savanna,Natural,250.3336
2022,SVs6,Savanna,Natural,7037.5756
2022,SVs7,Savanna,Natural,4782.816
2022,SVs8,Savanna,Natural,848.6824
1990,AT15,Albany Thicket,Secondary-natural,0
1990,AT16,Albany Thicket,Secondary-natural,0.7204
1990,AT17,Albany Thicket,Secondary-natural,22.2112
1990,AT18,Albany Thicket,Secondary-natural,26.762
1990,AT19,Albany Thicket,Secondary-natural,0.7028
1990,AT20,Albany Thicket,Secondary-natural,0.0308
1990,AT21,Albany Thicket,Secondary-natural,10.402
1990,AT22,Albany Thicket,Secondary-natural,19.952
1990,AT23,Albany Thicket,Secondary-natural,14.702
1990,AT24,Albany Thicket,Secondary-natural,128.7212
1990,AT25,Albany Thicket,Secondary-natural,1.4064
1990,AT26,Albany Thicket,Secondary-natural,0.442
1990,AT27,Albany Thicket,Secondary-natural,0.8004
1990,AT28,Albany Thicket,Secondary-natural,38.6336
1990,AT29,Albany Thicket,Secondary-natural,1.3192
1990,AT30,Albany Thicket,Secondary-natural,4.3956
1990,AT31,Albany Thicket,Secondary-natural,19.2832
1990,AT32,Albany Thicket,Secondary-natural,17.3404
1990,AT33,Albany Thicket,Secondary-natural,0.926
1990,AT34,Albany Thicket,Secondary-natural,0.4176
1990,AT35,Albany Thicket,Secondary-natural,3.2424
1990,AT36,Albany Thicket,Secondary-natural,0.144
1990,AT37,Albany Thicket,Secondary-natural,6.4784
1990,AT38,Albany Thicket,Secondary-natural,47.6976
1990,AT39,Albany Thicket,Secondary-natural,1.4308
1990,AT40,Albany Thicket,Secondary-natural,31.9392
1990,AT41,Albany Thicket,Secondary-natural,2.7424
1990,AT42,Albany Thicket,Secondary-natural,2.9324
1990,AT43,Albany Thicket,Secondary-natural,3.504
1990,AT44,Albany Thicket,Secondary-natural,3.192
1990,AT45,Albany Thicket,Secondary-natural,30.1256
1990,AT46,Albany Thicket,Secondary-natural,2.4996
1990,AT47,Albany Thicket,Secondary-natural,3.1364
1990,AT48,Albany Thicket,Secondary-natural,0
1990,AT49,Albany Thicket,Secondary-natural,5.5056
1990,AT50,Albany Thicket,Secondary-natural,4.8856
1990,AT51,Albany Thicket,Secondary-natural,8.8164
1990,AT52,Albany Thicket,Secondary-natural,2.9232
1990,AT53,Albany Thicket,Secondary-natural,0.3856
1990,AT54,Albany Thicket,Secondary-natural,0.1444
1990,AT55,Albany Thicket,Secondary-natural,2.4608
1990,AT56,Albany Thicket,Secondary-natural,41.4244
1990,AT57,Albany Thicket,Secondary-natural,1.5348
1990,AT58,Albany Thicket,Secondary-natural,1.9844
1990,AZa1,Azonal,Secondary-natural,0.0684
1990,AZa2,Azonal,Secondary-natural,12.2712
1990,AZa3,Azonal,Secondary-natural,15.3784
1990,AZa4,Azonal,Secondary-natural,35.7896
1990,AZa5,Azonal,Secondary-natural,56.3372
1990,AZa6,Azonal,Secondary-natural,9.854
1990,AZa7,Azonal,Secondary-natural,16.8856
1990,AZd1,Azonal,Secondary-natural,0
1990,AZd2,Azonal,Secondary-natural,0
1990,AZd3,Azonal,Secondary-natural,0.3196
1990,AZd4,Azonal,Secondary-natural,0.012
1990,AZi1,Azonal,Secondary-natural,35.9956
1990,AZi3,Azonal,Secondary-natural,0.988
1990,AZi5,Azonal,Secondary-natural,98.5576
1990,AZi6,Azonal,Secondary-natural,50.1432
1990,AZi7,Azonal,Secondary-natural,51.0112
1990,AZi8,Azonal,Secondary-natural,9.166
1990,AZs3,Azonal,Secondary-natural,0
1990,CB1,IOCB,Secondary-natural,73.4424
1990,CB2,IOCB,Secondary-natural,17.9984
1990,CB3,IOCB,Secondary-natural,242.14
1990,CB4,IOCB,Secondary-natural,162.6012
1990,CB5,IOCB,Secondary-natural,137.5128
1990,CB6,IOCB,Secondary-natural,214.8304
1990,Dg1,Desert,Secondary-natural,0
1990,Dg10,Desert,Secondary-natural,0.0896
1990,Dg2,Desert,Secondary-natural,0
1990,Dg3,Desert,Secondary-natural,0
1990,Dg4,Desert,Secondary-natural,0
1990,Dg5,Desert,Secondary-natural,0
1990,Dg6,Desert,Secondary-natural,0
1990,Dg7,Desert,Secondary-natural,0
1990,Dg8,Desert,Secondary-natural,0
1990,Dg9,Desert,Secondary-natural,0.5848
1990,Dn1,Desert,Secondary-natural,0.1052
1990,Dn2,Desert,Secondary-natural,0
1990,Dn3,Desert,Secondary-natural,0.9524
1990,Dn4,Desert,Secondary-natural,0
1990,Dn5,Desert,Secondary-natural,0
1990,FFa1,Fynbos,Secondary-natural,7.9624
1990,FFa2,Fynbos,Secondary-natural,14.8424
1990,FFa3,Fynbos,Secondary-natural,47.9904
1990,FFa4,Fynbos,Secondary-natural,4.9804
1990,FFb1,Fynbos,Secondary-natural,3.9152
1990,FFb2,Fynbos,Secondary-natural,1.2768
1990,FFb3,Fynbos,Secondary-natural,0
1990,FFb4,Fynbos,Secondary-natural,0.4412
1990,FFb5,Fynbos,Secondary-natural,3.4504
1990,FFb6,Fynbos,Secondary-natural,4.128
1990,FFc1,Fynbos,Secondary-natural,44.8004
1990,FFd1,Fynbos,Secondary-natural,90.8844
1990,FFd10,Fynbos,Secondary-natural,1.4508
1990,FFd11,Fynbos,Secondary-natural,0.822
1990,FFd2,Fynbos,Secondary-natural,129.9028
1990,FFd3,Fynbos,Secondary-natural,52.1364
1990,FFd4,Fynbos,Secondary-natural,84.8396
1990,FFd5,Fynbos,Secondary-natural,38.724
1990,FFd6,Fynbos,Secondary-natural,1.6256
1990,FFd7,Fynbos,Secondary-natural,11.4084
1990,FFd8,Fynbos,Secondary-natural,2.104
1990,FFd9,Fynbos,Secondary-natural,43.5708
1990,FFf1,Fynbos,Secondary-natural,46.2144
1990,FFf2,Fynbos,Secondary-natural,4.2628
1990,FFg1,Fynbos,Secondary-natural,0
1990,FFg2,Fynbos,Secondary-natural,23.794
1990,FFg3,Fynbos,Secondary-natural,0.7152
1990,FFg4,Fynbos,Secondary-natural,0.3248
1990,FFg5,Fynbos,Secondary-natural,32.7236
1990,FFh1,Fynbos,Secondary-natural,37.2264
1990,FFh10,Fynbos,Secondary-natural,1.7056
1990,FFh11,Fynbos,Secondary-natural,0
1990,FFh2,Fynbos,Secondary-natural,0.7996
1990,FFh3,Fynbos,Secondary-natural,3.358
1990,FFh4,Fynbos,Secondary-natural,8.6492
1990,FFh5,Fynbos,Secondary-natural,3.332
1990,FFh6,Fynbos,Secondary-natural,4.2424
1990,FFh7,Fynbos,Secondary-natural,7.4876
1990,FFh8,Fynbos,Secondary-natural,11.5184
1990,FFh9,Fynbos,Secondary-natural,28.1264
1990,FFl1,Fynbos,Secondary-natural,6.5196
1990,FFl2,Fynbos,Secondary-natural,6.4416
1990,FFl3,Fynbos,Secondary-natural,13.2796
1990,FFq1,Fynbos,Secondary-natural,0
1990,FFq2,Fynbos,Secondary-natural,13.4348
1990,FFq3,Fynbos,Secondary-natural,7.8576
1990,FFq4,Fynbos,Secondary-natural,0.6704
1990,FFq5,Fynbos,Secondary-natural,0
1990,FFq6,Fynbos,Secondary-natural,3.11
1990,FFs1,Fynbos,Secondary-natural,20.082
1990,FFs10,Fynbos,Secondary-natural,7.5948
1990,FFs11,Fynbos,Secondary-natural,16.978
1990,FFs12,Fynbos,Secondary-natural,45.24
1990,FFs13,Fynbos,Secondary-natural,3.5096
1990,FFs14,Fynbos,Secondary-natural,2.7232
1990,FFs15,Fynbos,Secondary-natural,13.0584
1990,FFs16,Fynbos,Secondary-natural,5.0224
1990,FFs17,Fynbos,Secondary-natural,1.6768
1990,FFs18,Fynbos,Secondary-natural,17.8772
1990,FFs19,Fynbos,Secondary-natural,47.9284
1990,FFs2,Fynbos,Secondary-natural,33.484
1990,FFs20,Fynbos,Secondary-natural,43.1096
1990,FFs21,Fynbos,Secondary-natural,0
1990,FFs22,Fynbos,Secondary-natural,1.2596
1990,FFs23,Fynbos,Secondary-natural,3.3552
1990,FFs24,Fynbos,Secondary-natural,0.1092
1990,FFs25,Fynbos,Secondary-natural,0.2084
1990,FFs26,Fynbos,Secondary-natural,1.1704
1990,FFs27,Fynbos,Secondary-natural,19.1976
1990,FFs28,Fynbos,Secondary-natural,62.1768
1990,FFs29,Fynbos,Secondary-natural,6.9976
1990,FFs3,Fynbos,Secondary-natural,11.2392
1990,FFs30,Fynbos,Secondary-natural,0
1990,FFs31,Fynbos,Secondary-natural,0
1990,FFs32,Fynbos,Secondary-natural,13.8472
1990,FFs4,Fynbos,Secondary-natural,44.3848
1990,FFs5,Fynbos,Secondary-natural,27.832
1990,FFs6,Fynbos,Secondary-natural,8.8752
1990,FFs7,Fynbos,Secondary-natural,1.096
1990,FFs8,Fynbos,Secondary-natural,0.1072
1990,FFs9,Fynbos,Secondary-natural,0.502
1990,FFt1,Fynbos,Secondary-natural,0.6224
1990,FFt2,Fynbos,Secondary-natural,3.456
1990,FOa1,Forest,Secondary-natural,8.304
1990,FOa2,Forest,Secondary-natural,0.6624
1990,FOa3,Forest,Secondary-natural,0.1824
1990,FOz1,Forest,Secondary-natural,26.4752
1990,FOz2,Forest,Secondary-natural,0.3264
1990,FOz3,Forest,Secondary-natural,40.478
1990,FOz4,Forest,Secondary-natural,1.1236
1990,FOz5,Forest,Secondary-natural,15.224
1990,FOz6,Forest,Secondary-natural,5.83
1990,FOz7,Forest,Secondary-natural,24.4236
1990,FOz8,Forest,Secondary-natural,4.1932
1990,FOz9,Forest,Secondary-natural,0.094
1990,FRa1,Fynbos,Secondary-natural,25.1128
1990,FRa2,Fynbos,Secondary-natural,4.2944
1990,FRc1,Fynbos,Secondary-natural,6.0412
1990,FRc2,Fynbos,Secondary-natural,14.8092
1990,FRd1,Fynbos,Secondary-natural,3.6672
1990,FRd2,Fynbos,Secondary-natural,5.9768
1990,FRg1,Fynbos,Secondary-natural,10.3728
1990,FRg2,Fynbos,Secondary-natural,66.9996
1990,FRg3,Fynbos,Secondary-natural,0
1990,FRl1,Fynbos,Secondary-natural,6.7004
1990,FRs1,Fynbos,Secondary-natural,2.5736
1990,FRs10,Fynbos,Secondary-natural,0
1990,FRs11,Fynbos,Secondary-natural,28.6212
1990,FRs12,Fynbos,Secondary-natural,31.9404
1990,FRs13,Fynbos,Secondary-natural,76.8656
1990,FRs14,Fynbos,Secondary-natural,34.2828
1990,FRs15,Fynbos,Secondary-natural,3.7864
1990,FRs16,Fynbos,Secondary-natural,11.1804
1990,FRs17,Fynbos,Secondary-natural,6.8524
1990,FRs18,Fynbos,Secondary-natural,0
1990,FRs19,Fynbos,Secondary-natural,3.2768
1990,FRs2,Fynbos,Secondary-natural,17.826
1990,FRs20,Fynbos,Secondary-natural,4.8732
1990,FRs3,Fynbos,Secondary-natural,19.4548
1990,FRs4,Fynbos,Secondary-natural,44.2916
1990,FRs5,Fynbos,Secondary-natural,29.7192
1990,FRs6,Fynbos,Secondary-natural,86.0536
1990,FRs7,Fynbos,Secondary-natural,68.7772
1990,FRs8,Fynbos,Secondary-natural,78.5384
1990,FRs9,Fynbos,Secondary-natural,190.4736
1990,FS1,Fynbos,Secondary-natural,35.7252
1990,FS10,Fynbos,Secondary-natural,1.2424
1990,FS11,Fynbos,Secondary-natural,0
1990,FS12,Fynbos,Secondary-natural,0.1304
1990,FS13,Fynbos,Secondary-natural,0.0296
1990,FS14,Fynbos,Secondary-natural,0.0072
1990,FS2,Fynbos,Secondary-natural,15.1232
1990,FS3,Fynbos,Secondary-natural,143.5924
1990,FS4,Fynbos,Secondary-natural,4.9412
1990,FS5,Fynbos,Secondary-natural,12.1356
1990,FS6,Fynbos,Secondary-natural,2.0664
1990,FS7,Fynbos,Secondary-natural,0.4776
1990,FS9,Fynbos,Secondary-natural,1.8928
1990,Gd1,Grassland,Secondary-natural,104.2824
1990,Gd10,Grassland,Secondary-natural,0
1990,Gd2,Grassland,Secondary-natural,0
1990,Gd3,Grassland,Secondary-natural,105.1768
1990,Gd4,Grassland,Secondary-natural,66.4144
1990,Gd5,Grassland,Secondary-natural,21.132
1990,Gd6,Grassland,Secondary-natural,0
1990,Gd7,Grassland,Secondary-natural,0.104
1990,Gd8,Grassland,Secondary-natural,10.89
1990,Gh1,Grassland,Secondary-natural,53.8676
1990,Gh10,Grassland,Secondary-natural,738.8752
1990,Gh11,Grassland,Secondary-natural,37.2472
1990,Gh12,Grassland,Secondary-natural,7.5692
1990,Gh13,Grassland,Secondary-natural,274.2404
1990,Gh14,Grassland,Secondary-natural,368.1644
1990,Gh15,Grassland,Secondary-natural,455.2664
1990,Gh2,Grassland,Secondary-natural,177.7932
1990,Gh3,Grassland,Secondary-natural,94.2508
1990,Gh4,Grassland,Secondary-natural,33.4136
1990,Gh5,Grassland,Secondary-natural,103.968
1990,Gh6,Grassland,Secondary-natural,246.5212
1990,Gh7,Grassland,Secondary-natural,16.9968
1990,Gh8,Grassland,Secondary-natural,1.19
1990,Gh9,Grassland,Secondary-natural,106.1336
1990,Gm1,Grassland,Secondary-natural,92.9572
1990,Gm10,Grassland,Secondary-natural,76.1576
1990,Gm11,Grassland,Secondary-natural,863.8596
1990,Gm12,Grassland,Secondary-natural,1651.318
1990,Gm13,Grassland,Secondary-natural,417.4268
1990,Gm14,Grassland,Secondary-natural,216.1244
1990,Gm15,Grassland,Secondary-natural,351.562
1990,Gm16,Grassland,Secondary-natural,300.378
1990,Gm17,Grassland,Secondary-natural,4.552
1990,Gm19,Grassland,Secondary-natural,186.9568
1990,Gm2,Grassland,Secondary-natural,11.9468
1990,Gm20,Grassland,Secondary-natural,0.8532
1990,Gm21,Grassland,Secondary-natural,87.6996
1990,Gm22,Grassland,Secondary-natural,23.5008
1990,Gm23,Grassland,Secondary-natural,16.072
1990,Gm24,Grassland,Secondary-natural,0
1990,Gm25,Grassland,Secondary-natural,8.2476
1990,Gm26,Grassland,Secondary-natural,3.3256
1990,Gm27,Grassland,Secondary-natural,4.1208
1990,Gm28,Grassland,Secondary-natural,0.5196
1990,Gm29,Grassland,Secondary-natural,8.0024
1990,Gm3,Grassland,Secondary-natural,401.502
1990,Gm30,Grassland,Secondary-natural,235.58
1990,Gm31,Grassland,Secondary-natural,4.5128
1990,Gm4,Grassland,Secondary-natural,533.0312
1990,Gm5,Grassland,Secondary-natural,50.3928
1990,Gm6,Grassland,Secondary-natural,227.8532
1990,Gm7,Grassland,Secondary-natural,0.426
1990,Gm8,Grassland,Secondary-natural,1113.774
1990,Gm9,Grassland,Secondary-natural,72.0136
1990,Gs1,Grassland,Secondary-natural,12.6324
1990,Gs10,Grassland,Secondary-natural,405.4444
1990,Gs11,Grassland,Secondary-natural,265.9972
1990,Gs12,Grassland,Secondary-natural,756.6888
1990,Gs13,Grassland,Secondary-natural,76.2448
1990,Gs14,Grassland,Secondary-natural,406.7916
1990,Gs15,Grassland,Secondary-natural,399.5196
1990,Gs16,Grassland,Secondary-natural,56.2504
1990,Gs17,Grassland,Secondary-natural,9.2388
1990,Gs18,Grassland,Secondary-natural,1.5596
1990,Gs19,Grassland,Secondary-natural,390.9036
1990,Gs2,Grassland,Secondary-natural,52.8936
1990,Gs20,Grassland,Secondary-natural,696.868
1990,Gs3,Grassland,Secondary-natural,40.6748
1990,Gs4,Grassland,Secondary-natural,778.3112
1990,Gs6,Grassland,Secondary-natural,634.2976
1990,Gs7,Grassland,Secondary-natural,724.732
1990,Gs8,Grassland,Secondary-natural,126.9476
1990,Gs9,Grassland,Secondary-natural,428.0196
1990,NKb1,Nama-Karoo,Secondary-natural,0.676
1990,NKb2,Nama-Karoo,Secondary-natural,0
1990,NKb3,Nama-Karoo,Secondary-natural,11.8176
1990,NKb4,Nama-Karoo,Secondary-natural,0.8516
1990,NKb5,Nama-Karoo,Secondary-natural,2.4044
1990,NKb6,Nama-Karoo,Secondary-natural,92.3656
1990,NKl1,Nama-Karoo,Secondary-natural,16.2176
1990,NKl2,Nama-Karoo,Secondary-natural,9.924
1990,NKl4,Nama-Karoo,Secondary-natural,2.5452
1990,NKu1,Nama-Karoo,Secondary-natural,50.032
1990,NKu2,Nama-Karoo,Secondary-natural,3.8764
1990,NKu3,Nama-Karoo,Secondary-natural,279.8944
1990,NKu4,Nama-Karoo,Secondary-natural,362.7224
1990,NOTVEG,NOTVEG,Secondary-natural,8.1488
1990,SKk1,Succulent Karoo,Secondary-natural,1.152
1990,SKk2,Succulent Karoo,Secondary-natural,0.3728
1990,SKk3,Succulent Karoo,Secondary-natural,2.836
1990,SKk4,Succulent Karoo,Secondary-natural,0.8704
1990,SKk5,Succulent Karoo,Secondary-natural,6.5936
1990,SKk6,Succulent Karoo,Secondary-natural,0.126
1990,SKk7,Succulent Karoo,Secondary-natural,3.6252
1990,SKk8,Succulent Karoo,Secondary-natural,0.1412
1990,SKk9,Succulent Karoo,Secondary-natural,0.204
1990,SKn1,Succulent Karoo,Secondary-natural,140.7824
1990,SKn2,Succulent Karoo,Secondary-natural,2.5416
1990,SKn3,Succulent Karoo,Secondary-natural,115.4856
1990,SKn4,Succulent Karoo,Secondary-natural,138.6216
1990,SKn5,Succulent Karoo,Secondary-natural,0
1990,SKn6,Succulent Karoo,Secondary-natural,1.3364
1990,SKn7,Succulent Karoo,Secondary-natural,11.7364
1990,SKr1,Succulent Karoo,Secondary-natural,0
1990,SKr10,Succulent Karoo,Secondary-natural,0
1990,SKr11,Succulent Karoo,Secondary-natural,0
1990,SKr12,Succulent Karoo,Secondary-natural,0.02
1990,SKr13,Succulent Karoo,Secondary-natural,0
1990,SKr14,Succulent Karoo,Secondary-natural,0
1990,SKr15,Succulent Karoo,Secondary-natural,33.21
1990,SKr16,Succulent Karoo,Secondary-natural,0
1990,SKr17,Succulent Karoo,Secondary-natural,0
1990,SKr18,Succulent Karoo,Secondary-natural,0
1990,SKr19,Succulent Karoo,Secondary-natural,0
1990,SKr2,Succulent Karoo,Secondary-natural,0
1990,SKr3,Succulent Karoo,Secondary-natural,0
1990,SKr4,Succulent Karoo,Secondary-natural,0
1990,SKr5,Succulent Karoo,Secondary-natural,0
1990,SKr6,Succulent Karoo,Secondary-natural,0
1990,SKr7,Succulent Karoo,Secondary-natural,0
1990,SKr8,Succulent Karoo,Secondary-natural,0
1990,SKr9,Succulent Karoo,Secondary-natural,0
1990,SKs1,Succulent Karoo,Secondary-natural,0
1990,SKs10,Succulent Karoo,Secondary-natural,0
1990,SKs11,Succulent Karoo,Secondary-natural,0
1990,SKs12,Succulent Karoo,Secondary-natural,27.58
1990,SKs13,Succulent Karoo,Secondary-natural,3.9168
1990,SKs14,Succulent Karoo,Secondary-natural,17.5816
1990,SKs2,Succulent Karoo,Secondary-natural,0
1990,SKs3,Succulent Karoo,Secondary-natural,0
1990,SKs4,Succulent Karoo,Secondary-natural,0
1990,SKs5,Succulent Karoo,Secondary-natural,0
1990,SKs6,Succulent Karoo,Secondary-natural,0
1990,SKs7,Succulent Karoo,Secondary-natural,106.8068
1990,SKs8,Succulent Karoo,Secondary-natural,4.00E-04
1990,SKs9,Succulent Karoo,Secondary-natural,4.3192
1990,SKt1,Succulent Karoo,Secondary-natural,0
1990,SKt2,Succulent Karoo,Secondary-natural,106.0744
1990,SKt3,Succulent Karoo,Secondary-natural,35.942
1990,SKv1,Succulent Karoo,Secondary-natural,11.0896
1990,SKv10,Succulent Karoo,Secondary-natural,2.5412
1990,SKv11,Succulent Karoo,Secondary-natural,11.9052
1990,SKv13,Succulent Karoo,Secondary-natural,5.8828
1990,SKv14,Succulent Karoo,Secondary-natural,2.4644
1990,SKv2,Succulent Karoo,Secondary-natural,0.1008
1990,SKv3,Succulent Karoo,Secondary-natural,8.7908
1990,SKv4,Succulent Karoo,Secondary-natural,2.9552
1990,SKv5,Succulent Karoo,Secondary-natural,14.1784
1990,SKv6,Succulent Karoo,Secondary-natural,9.7944
1990,SKv7,Succulent Karoo,Secondary-natural,18.7016
1990,SKv8,Succulent Karoo,Secondary-natural,21.2124
1990,SVcb1,Savanna,Secondary-natural,236.6324
1990,SVcb10,Savanna,Secondary-natural,66.1416
1990,SVcb11,Savanna,Secondary-natural,87.2648
1990,SVcb12,Savanna,Secondary-natural,1339.3452
1990,SVcb13,Savanna,Secondary-natural,52.3412
1990,SVcb14,Savanna,Secondary-natural,122.044
1990,SVcb15,Savanna,Secondary-natural,557.2736
1990,SVcb16,Savanna,Secondary-natural,533.33
1990,SVcb17,Savanna,Secondary-natural,199.0728
1990,SVcb18,Savanna,Secondary-natural,251.1528
1990,SVcb19,Savanna,Secondary-natural,111.8484
1990,SVcb2,Savanna,Secondary-natural,3.2836
1990,SVcb20,Savanna,Secondary-natural,977.8496
1990,SVcb21,Savanna,Secondary-natural,119.5284
1990,SVcb22,Savanna,Secondary-natural,0
1990,SVcb23,Savanna,Secondary-natural,416.5388
1990,SVcb24,Savanna,Secondary-natural,22.7748
1990,SVcb25,Savanna,Secondary-natural,9.3772
1990,SVcb26,Savanna,Secondary-natural,19.34
1990,SVcb27,Savanna,Secondary-natural,250.992
1990,SVcb28,Savanna,Secondary-natural,82.5672
1990,SVcb29,Savanna,Secondary-natural,5.0312
1990,SVcb3,Savanna,Secondary-natural,118.4836
1990,SVcb4,Savanna,Secondary-natural,132.918
1990,SVcb5,Savanna,Secondary-natural,2.2928
1990,SVcb6,Savanna,Secondary-natural,384.8772
1990,SVcb7,Savanna,Secondary-natural,18.216
1990,SVcb8,Savanna,Secondary-natural,134.7116
1990,SVcb9,Savanna,Secondary-natural,80.448
1990,SVk1,Savanna,Secondary-natural,372.5584
1990,SVk10,Savanna,Secondary-natural,38.4248
1990,SVk11,Savanna,Secondary-natural,132.6112
1990,SVk12,Savanna,Secondary-natural,17.2444
1990,SVk13,Savanna,Secondary-natural,24.9208
1990,SVk14,Savanna,Secondary-natural,2.4056
1990,SVk15,Savanna,Secondary-natural,1.4968
1990,SVk16,Savanna,Secondary-natural,1.968
1990,SVk17,Savanna,Secondary-natural,295.1792
1990,SVk18,Savanna,Secondary-natural,8.82
1990,SVk2,Savanna,Secondary-natural,116.2232
1990,SVk3,Savanna,Secondary-natural,58.8888
1990,SVk4,Savanna,Secondary-natural,276.234
1990,SVk5,Savanna,Secondary-natural,1.6608
1990,SVk6,Savanna,Secondary-natural,77.9868
1990,SVk7,Savanna,Secondary-natural,38.2928
1990,SVk8,Savanna,Secondary-natural,48.7996
1990,SVk9,Savanna,Secondary-natural,29.9292
1990,SVkd1,Savanna,Secondary-natural,1.774
1990,SVkd2,Savanna,Secondary-natural,0
1990,SVkd3,Savanna,Secondary-natural,0
1990,SVkd4,Savanna,Secondary-natural,0
1990,SVl1,Savanna,Secondary-natural,52.5648
1990,SVl10,Savanna,Secondary-natural,73.5428
1990,SVl11,Savanna,Secondary-natural,2.2892
1990,SVl12,Savanna,Secondary-natural,11.3856
1990,SVl13,Savanna,Secondary-natural,2.0488
1990,SVl14,Savanna,Secondary-natural,84.0636
1990,SVl15,Savanna,Secondary-natural,0
1990,SVl16,Savanna,Secondary-natural,24.516
1990,SVl17,Savanna,Secondary-natural,8.5604
1990,SVl18,Savanna,Secondary-natural,27.7004
1990,SVl19,Savanna,Secondary-natural,1.004
1990,SVl2,Savanna,Secondary-natural,0
1990,SVl20,Savanna,Secondary-natural,94.6128
1990,SVl21,Savanna,Secondary-natural,5.3156
1990,SVl22,Savanna,Secondary-natural,376.4252
1990,SVl23,Savanna,Secondary-natural,639.3828
1990,SVl24,Savanna,Secondary-natural,65.7668
1990,SVl25,Savanna,Secondary-natural,30.2496
1990,SVl26,Savanna,Secondary-natural,14.4508
1990,SVl27,Savanna,Secondary-natural,23.59
1990,SVl3,Savanna,Secondary-natural,705.3428
1990,SVl4,Savanna,Secondary-natural,21.146
1990,SVl5,Savanna,Secondary-natural,25.312
1990,SVl6,Savanna,Secondary-natural,0.3004
1990,SVl7,Savanna,Secondary-natural,11.0368
1990,SVl8,Savanna,Secondary-natural,181.5564
1990,SVl9,Savanna,Secondary-natural,214.958
1990,SVmp1,Savanna,Secondary-natural,124.76
1990,SVmp2,Savanna,Secondary-natural,15.9888
1990,SVmp3,Savanna,Secondary-natural,0
1990,SVmp4,Savanna,Secondary-natural,0
1990,SVmp5,Savanna,Secondary-natural,150.8464
1990,SVmp6,Savanna,Secondary-natural,247.2724
1990,SVmp7,Savanna,Secondary-natural,20.4824
1990,SVmp8,Savanna,Secondary-natural,0
1990,SVs1,Savanna,Secondary-natural,275.6916
1990,SVs2,Savanna,Secondary-natural,231.31
1990,SVs3,Savanna,Secondary-natural,120.5488
1990,SVs4,Savanna,Secondary-natural,80.968
1990,SVs5,Savanna,Secondary-natural,73.1304
1990,SVs6,Savanna,Secondary-natural,1283.3664
1990,SVs7,Savanna,Secondary-natural,547.7904
1990,SVs8,Savanna,Secondary-natural,54.4104
2014,AT15,Albany Thicket,Secondary-natural,0.0104
2014,AT16,Albany Thicket,Secondary-natural,1.1788
2014,AT17,Albany Thicket,Secondary-natural,36.238
2014,AT18,Albany Thicket,Secondary-natural,35.8416
2014,AT19,Albany Thicket,Secondary-natural,1.626
2014,AT20,Albany Thicket,Secondary-natural,1.6896
2014,AT21,Albany Thicket,Secondary-natural,12.0216
2014,AT22,Albany Thicket,Secondary-natural,25.7856
2014,AT23,Albany Thicket,Secondary-natural,20.1392
2014,AT24,Albany Thicket,Secondary-natural,150.9668
2014,AT25,Albany Thicket,Secondary-natural,2.4232
2014,AT26,Albany Thicket,Secondary-natural,1.2536
2014,AT27,Albany Thicket,Secondary-natural,1.8256
2014,AT28,Albany Thicket,Secondary-natural,50.4716
2014,AT29,Albany Thicket,Secondary-natural,2.4488
2014,AT30,Albany Thicket,Secondary-natural,6.7792
2014,AT31,Albany Thicket,Secondary-natural,20.6644
2014,AT32,Albany Thicket,Secondary-natural,26.5656
2014,AT33,Albany Thicket,Secondary-natural,1.1388
2014,AT34,Albany Thicket,Secondary-natural,0.5992
2014,AT35,Albany Thicket,Secondary-natural,3.7424
2014,AT36,Albany Thicket,Secondary-natural,4.8032
2014,AT37,Albany Thicket,Secondary-natural,7.8004
2014,AT38,Albany Thicket,Secondary-natural,72.91
2014,AT39,Albany Thicket,Secondary-natural,7.2652
2014,AT40,Albany Thicket,Secondary-natural,42.7692
2014,AT41,Albany Thicket,Secondary-natural,12.8588
2014,AT42,Albany Thicket,Secondary-natural,3.3852
2014,AT43,Albany Thicket,Secondary-natural,4.658
2014,AT44,Albany Thicket,Secondary-natural,15.248
2014,AT45,Albany Thicket,Secondary-natural,68.1352
2014,AT46,Albany Thicket,Secondary-natural,4.5452
2014,AT47,Albany Thicket,Secondary-natural,3.7428
2014,AT48,Albany Thicket,Secondary-natural,0.3888
2014,AT49,Albany Thicket,Secondary-natural,9.2028
2014,AT50,Albany Thicket,Secondary-natural,14.2284
2014,AT51,Albany Thicket,Secondary-natural,27.2072
2014,AT52,Albany Thicket,Secondary-natural,3.2848
2014,AT53,Albany Thicket,Secondary-natural,1.666
2014,AT54,Albany Thicket,Secondary-natural,0.3344
2014,AT55,Albany Thicket,Secondary-natural,3.508
2014,AT56,Albany Thicket,Secondary-natural,57.3076
2014,AT57,Albany Thicket,Secondary-natural,8.6044
2014,AT58,Albany Thicket,Secondary-natural,3.3416
2014,AZa1,Azonal,Secondary-natural,0.3188
2014,AZa2,Azonal,Secondary-natural,20.052
2014,AZa3,Azonal,Secondary-natural,27.5968
2014,AZa4,Azonal,Secondary-natural,50.3736
2014,AZa5,Azonal,Secondary-natural,142.9352
2014,AZa6,Azonal,Secondary-natural,32.8832
2014,AZa7,Azonal,Secondary-natural,40.9108
2014,AZd1,Azonal,Secondary-natural,0.8908
2014,AZd2,Azonal,Secondary-natural,0.256
2014,AZd3,Azonal,Secondary-natural,2.2824
2014,AZd4,Azonal,Secondary-natural,0.5188
2014,AZi1,Azonal,Secondary-natural,38.622
2014,AZi3,Azonal,Secondary-natural,1.3588
2014,AZi5,Azonal,Secondary-natural,109.5116
2014,AZi6,Azonal,Secondary-natural,95.6452
2014,AZi7,Azonal,Secondary-natural,70.0416
2014,AZi8,Azonal,Secondary-natural,16.17
2014,AZs3,Azonal,Secondary-natural,0.514
2014,CB1,IOCB,Secondary-natural,232.4476
2014,CB2,IOCB,Secondary-natural,98.8124
2014,CB3,IOCB,Secondary-natural,430.78
2014,CB4,IOCB,Secondary-natural,171.3076
2014,CB5,IOCB,Secondary-natural,163.2956
2014,CB6,IOCB,Secondary-natural,244.0556
2014,Dg1,Desert,Secondary-natural,0.0012
2014,Dg10,Desert,Secondary-natural,0.384
2014,Dg2,Desert,Secondary-natural,0
2014,Dg3,Desert,Secondary-natural,0
2014,Dg4,Desert,Secondary-natural,0.0048
2014,Dg5,Desert,Secondary-natural,0
2014,Dg6,Desert,Secondary-natural,0
2014,Dg7,Desert,Secondary-natural,0.0684
2014,Dg8,Desert,Secondary-natural,0
2014,Dg9,Desert,Secondary-natural,1.6
2014,Dn1,Desert,Secondary-natural,0.6904
2014,Dn2,Desert,Secondary-natural,0.0104
2014,Dn3,Desert,Secondary-natural,4.0808
2014,Dn4,Desert,Secondary-natural,2.2472
2014,Dn5,Desert,Secondary-natural,2.01
2014,FFa1,Fynbos,Secondary-natural,8.4576
2014,FFa2,Fynbos,Secondary-natural,23.4984
2014,FFa3,Fynbos,Secondary-natural,60.6868
2014,FFa4,Fynbos,Secondary-natural,6.07
2014,FFb1,Fynbos,Secondary-natural,4.3452
2014,FFb2,Fynbos,Secondary-natural,3.3008
2014,FFb3,Fynbos,Secondary-natural,0.0112
2014,FFb4,Fynbos,Secondary-natural,0.7716
2014,FFb5,Fynbos,Secondary-natural,4.4244
2014,FFb6,Fynbos,Secondary-natural,8.1152
2014,FFc1,Fynbos,Secondary-natural,59.3644
2014,FFd1,Fynbos,Secondary-natural,91.572
2014,FFd10,Fynbos,Secondary-natural,17.022
2014,FFd11,Fynbos,Secondary-natural,1.1116
2014,FFd2,Fynbos,Secondary-natural,146.4756
2014,FFd3,Fynbos,Secondary-natural,78.6936
2014,FFd4,Fynbos,Secondary-natural,150.4764
2014,FFd5,Fynbos,Secondary-natural,66.4608
2014,FFd6,Fynbos,Secondary-natural,5.6112
2014,FFd7,Fynbos,Secondary-natural,28.7948
2014,FFd8,Fynbos,Secondary-natural,2.7952
2014,FFd9,Fynbos,Secondary-natural,52.7476
2014,FFf1,Fynbos,Secondary-natural,80.0724
2014,FFf2,Fynbos,Secondary-natural,6.3836
2014,FFg1,Fynbos,Secondary-natural,0.0768
2014,FFg2,Fynbos,Secondary-natural,64.3648
2014,FFg3,Fynbos,Secondary-natural,10.5816
2014,FFg4,Fynbos,Secondary-natural,0.3408
2014,FFg5,Fynbos,Secondary-natural,45.0616
2014,FFh1,Fynbos,Secondary-natural,41.8384
2014,FFh10,Fynbos,Secondary-natural,2.214
2014,FFh11,Fynbos,Secondary-natural,1.2244
2014,FFh2,Fynbos,Secondary-natural,2.3012
2014,FFh3,Fynbos,Secondary-natural,6.132
2014,FFh4,Fynbos,Secondary-natural,12.878
2014,FFh5,Fynbos,Secondary-natural,17.2372
2014,FFh6,Fynbos,Secondary-natural,21.4752
2014,FFh7,Fynbos,Secondary-natural,11.4728
2014,FFh8,Fynbos,Secondary-natural,14.0888
2014,FFh9,Fynbos,Secondary-natural,55.0712
2014,FFl1,Fynbos,Secondary-natural,10.9632
2014,FFl2,Fynbos,Secondary-natural,12.4956
2014,FFl3,Fynbos,Secondary-natural,16.8496
2014,FFq1,Fynbos,Secondary-natural,0
2014,FFq2,Fynbos,Secondary-natural,15.3772
2014,FFq3,Fynbos,Secondary-natural,9.6156
2014,FFq4,Fynbos,Secondary-natural,0.976
2014,FFq5,Fynbos,Secondary-natural,0.0356
2014,FFq6,Fynbos,Secondary-natural,5.5548
2014,FFs1,Fynbos,Secondary-natural,21.8544
2014,FFs10,Fynbos,Secondary-natural,17.1644
2014,FFs11,Fynbos,Secondary-natural,71.4808
2014,FFs12,Fynbos,Secondary-natural,56.8136
2014,FFs13,Fynbos,Secondary-natural,3.5348
2014,FFs14,Fynbos,Secondary-natural,6.0216
2014,FFs15,Fynbos,Secondary-natural,18.8264
2014,FFs16,Fynbos,Secondary-natural,13.71
2014,FFs17,Fynbos,Secondary-natural,2.9976
2014,FFs18,Fynbos,Secondary-natural,38.142
2014,FFs19,Fynbos,Secondary-natural,159.2372
2014,FFs2,Fynbos,Secondary-natural,42.282
2014,FFs20,Fynbos,Secondary-natural,102.556
2014,FFs21,Fynbos,Secondary-natural,0.0012
2014,FFs22,Fynbos,Secondary-natural,2.1752
2014,FFs23,Fynbos,Secondary-natural,3.352
2014,FFs24,Fynbos,Secondary-natural,0.4788
2014,FFs25,Fynbos,Secondary-natural,0.3776
2014,FFs26,Fynbos,Secondary-natural,2.9
2014,FFs27,Fynbos,Secondary-natural,72.6648
2014,FFs28,Fynbos,Secondary-natural,98.2468
2014,FFs29,Fynbos,Secondary-natural,26.0536
2014,FFs3,Fynbos,Secondary-natural,13.638
2014,FFs30,Fynbos,Secondary-natural,0
2014,FFs31,Fynbos,Secondary-natural,0
2014,FFs32,Fynbos,Secondary-natural,12.0536
2014,FFs4,Fynbos,Secondary-natural,59.5532
2014,FFs5,Fynbos,Secondary-natural,32.6548
2014,FFs6,Fynbos,Secondary-natural,12.0536
2014,FFs7,Fynbos,Secondary-natural,1.8576
2014,FFs8,Fynbos,Secondary-natural,0.3576
2014,FFs9,Fynbos,Secondary-natural,5.2836
2014,FFt1,Fynbos,Secondary-natural,1.634
2014,FFt2,Fynbos,Secondary-natural,7.6436
2014,FOa1,Forest,Secondary-natural,5.7876
2014,FOa2,Forest,Secondary-natural,7.6904
2014,FOa3,Forest,Secondary-natural,0.5284
2014,FOz1,Forest,Secondary-natural,62.0144
2014,FOz2,Forest,Secondary-natural,5.5296
2014,FOz3,Forest,Secondary-natural,94.038
2014,FOz4,Forest,Secondary-natural,28.4016
2014,FOz5,Forest,Secondary-natural,30.7996
2014,FOz6,Forest,Secondary-natural,11.7492
2014,FOz7,Forest,Secondary-natural,56.3668
2014,FOz8,Forest,Secondary-natural,7.3112
2014,FOz9,Forest,Secondary-natural,0.0964
2014,FRa1,Fynbos,Secondary-natural,37.8516
2014,FRa2,Fynbos,Secondary-natural,6.712
2014,FRc1,Fynbos,Secondary-natural,8.2984
2014,FRc2,Fynbos,Secondary-natural,15.1044
2014,FRd1,Fynbos,Secondary-natural,6.3392
2014,FRd2,Fynbos,Secondary-natural,6.1268
2014,FRg1,Fynbos,Secondary-natural,12.2976
2014,FRg2,Fynbos,Secondary-natural,90.1928
2014,FRg3,Fynbos,Secondary-natural,0.0288
2014,FRl1,Fynbos,Secondary-natural,18.0368
2014,FRs1,Fynbos,Secondary-natural,2.5152
2014,FRs10,Fynbos,Secondary-natural,1.7624
2014,FRs11,Fynbos,Secondary-natural,45.05
2014,FRs12,Fynbos,Secondary-natural,59.0956
2014,FRs13,Fynbos,Secondary-natural,98.2384
2014,FRs14,Fynbos,Secondary-natural,44.582
2014,FRs15,Fynbos,Secondary-natural,4.3324
2014,FRs16,Fynbos,Secondary-natural,31.2828
2014,FRs17,Fynbos,Secondary-natural,19.8864
2014,FRs18,Fynbos,Secondary-natural,0.0072
2014,FRs19,Fynbos,Secondary-natural,21.3676
2014,FRs2,Fynbos,Secondary-natural,19.9772
2014,FRs20,Fynbos,Secondary-natural,4.5604
2014,FRs3,Fynbos,Secondary-natural,21.63
2014,FRs4,Fynbos,Secondary-natural,46.2348
2014,FRs5,Fynbos,Secondary-natural,29.9264
2014,FRs6,Fynbos,Secondary-natural,123.4492
2014,FRs7,Fynbos,Secondary-natural,92.306
2014,FRs8,Fynbos,Secondary-natural,84.602
2014,FRs9,Fynbos,Secondary-natural,246.388
2014,FS1,Fynbos,Secondary-natural,34.8836
2014,FS10,Fynbos,Secondary-natural,2.3468
2014,FS11,Fynbos,Secondary-natural,0
2014,FS12,Fynbos,Secondary-natural,2.4096
2014,FS13,Fynbos,Secondary-natural,0.8292
2014,FS14,Fynbos,Secondary-natural,0.5164
2014,FS2,Fynbos,Secondary-natural,23.8476
2014,FS3,Fynbos,Secondary-natural,191.2384
2014,FS4,Fynbos,Secondary-natural,5.8444
2014,FS5,Fynbos,Secondary-natural,17.9868
2014,FS6,Fynbos,Secondary-natural,13.2456
2014,FS7,Fynbos,Secondary-natural,1.0296
2014,FS9,Fynbos,Secondary-natural,3.5616
2014,Gd1,Grassland,Secondary-natural,193.696
2014,Gd10,Grassland,Secondary-natural,0
2014,Gd2,Grassland,Secondary-natural,0.4812
2014,Gd3,Grassland,Secondary-natural,158.0332
2014,Gd4,Grassland,Secondary-natural,126.4112
2014,Gd5,Grassland,Secondary-natural,27.6864
2014,Gd6,Grassland,Secondary-natural,0.0132
2014,Gd7,Grassland,Secondary-natural,0.16
2014,Gd8,Grassland,Secondary-natural,19.3816
2014,Gh1,Grassland,Secondary-natural,65.9464
2014,Gh10,Grassland,Secondary-natural,1408.7352
2014,Gh11,Grassland,Secondary-natural,67.922
2014,Gh12,Grassland,Secondary-natural,23.9068
2014,Gh13,Grassland,Secondary-natural,419.6976
2014,Gh14,Grassland,Secondary-natural,729.5276
2014,Gh15,Grassland,Secondary-natural,790.3148
2014,Gh2,Grassland,Secondary-natural,252.3896
2014,Gh3,Grassland,Secondary-natural,126.1812
2014,Gh4,Grassland,Secondary-natural,47.0692
2014,Gh5,Grassland,Secondary-natural,191.7184
2014,Gh6,Grassland,Secondary-natural,558.75
2014,Gh7,Grassland,Secondary-natural,43.1604
2014,Gh8,Grassland,Secondary-natural,3.1016
2014,Gh9,Grassland,Secondary-natural,309.728
2014,Gm1,Grassland,Secondary-natural,155.0104
2014,Gm10,Grassland,Secondary-natural,135.8456
2014,Gm11,Grassland,Secondary-natural,1229.1832
2014,Gm12,Grassland,Secondary-natural,2037.988
2014,Gm13,Grassland,Secondary-natural,474.0616
2014,Gm14,Grassland,Secondary-natural,227.7604
2014,Gm15,Grassland,Secondary-natural,349.3132
2014,Gm16,Grassland,Secondary-natural,569.658
2014,Gm17,Grassland,Secondary-natural,37.6228
2014,Gm19,Grassland,Secondary-natural,187.8568
2014,Gm2,Grassland,Secondary-natural,20.7884
2014,Gm20,Grassland,Secondary-natural,0.7248
2014,Gm21,Grassland,Secondary-natural,109.596
2014,Gm22,Grassland,Secondary-natural,98.6488
2014,Gm23,Grassland,Secondary-natural,81.354
2014,Gm24,Grassland,Secondary-natural,0.4888
2014,Gm25,Grassland,Secondary-natural,62.4516
2014,Gm26,Grassland,Secondary-natural,5.6316
2014,Gm27,Grassland,Secondary-natural,5.0236
2014,Gm28,Grassland,Secondary-natural,0.8708
2014,Gm29,Grassland,Secondary-natural,9.926
2014,Gm3,Grassland,Secondary-natural,652.0668
2014,Gm30,Grassland,Secondary-natural,295.3688
2014,Gm31,Grassland,Secondary-natural,67.7968
2014,Gm4,Grassland,Secondary-natural,658.55
2014,Gm5,Grassland,Secondary-natural,73.3616
2014,Gm6,Grassland,Secondary-natural,352.9844
2014,Gm7,Grassland,Secondary-natural,0.5456
2014,Gm8,Grassland,Secondary-natural,1480.32
2014,Gm9,Grassland,Secondary-natural,167.0468
2014,Gs1,Grassland,Secondary-natural,24.5708
2014,Gs10,Grassland,Secondary-natural,561.6384
2014,Gs11,Grassland,Secondary-natural,265.794
2014,Gs12,Grassland,Secondary-natural,772.3284
2014,Gs13,Grassland,Secondary-natural,63.7268
2014,Gs14,Grassland,Secondary-natural,499.944
2014,Gs15,Grassland,Secondary-natural,457.0408
2014,Gs16,Grassland,Secondary-natural,95.2396
2014,Gs17,Grassland,Secondary-natural,14.0744
2014,Gs18,Grassland,Secondary-natural,4.2764
2014,Gs19,Grassland,Secondary-natural,420.9492
2014,Gs2,Grassland,Secondary-natural,54.5932
2014,Gs20,Grassland,Secondary-natural,874.9952
2014,Gs3,Grassland,Secondary-natural,54.892
2014,Gs4,Grassland,Secondary-natural,750.2728
2014,Gs6,Grassland,Secondary-natural,599.4568
2014,Gs7,Grassland,Secondary-natural,707.1184
2014,Gs8,Grassland,Secondary-natural,174.692
2014,Gs9,Grassland,Secondary-natural,670.0272
2014,NKb1,Nama-Karoo,Secondary-natural,2.2808
2014,NKb2,Nama-Karoo,Secondary-natural,0.0556
2014,NKb3,Nama-Karoo,Secondary-natural,19.0068
2014,NKb4,Nama-Karoo,Secondary-natural,1.0396
2014,NKb5,Nama-Karoo,Secondary-natural,7.0992
2014,NKb6,Nama-Karoo,Secondary-natural,101.3648
2014,NKl1,Nama-Karoo,Secondary-natural,18.93
2014,NKl2,Nama-Karoo,Secondary-natural,20.2872
2014,NKl4,Nama-Karoo,Secondary-natural,6.2336
2014,NKu1,Nama-Karoo,Secondary-natural,53.5776
2014,NKu2,Nama-Karoo,Secondary-natural,4.7536
2014,NKu3,Nama-Karoo,Secondary-natural,436.6148
2014,NKu4,Nama-Karoo,Secondary-natural,450.3224
2014,NOTVEG,NOTVEG,Secondary-natural,17.214
2014,SKk1,Succulent Karoo,Secondary-natural,1.5664
2014,SKk2,Succulent Karoo,Secondary-natural,0.4196
2014,SKk3,Succulent Karoo,Secondary-natural,4.4508
2014,SKk4,Succulent Karoo,Secondary-natural,0.9304
2014,SKk5,Succulent Karoo,Secondary-natural,21.3448
2014,SKk6,Succulent Karoo,Secondary-natural,0.3916
2014,SKk7,Succulent Karoo,Secondary-natural,5.4592
2014,SKk8,Succulent Karoo,Secondary-natural,0.1544
2014,SKk9,Succulent Karoo,Secondary-natural,0.1212
2014,SKn1,Succulent Karoo,Secondary-natural,147.3116
2014,SKn2,Succulent Karoo,Secondary-natural,2.6172
2014,SKn3,Succulent Karoo,Secondary-natural,121.7172
2014,SKn4,Succulent Karoo,Secondary-natural,150.98
2014,SKn5,Succulent Karoo,Secondary-natural,0.0304
2014,SKn6,Succulent Karoo,Secondary-natural,1.564
2014,SKn7,Succulent Karoo,Secondary-natural,14.6024
2014,SKr1,Succulent Karoo,Secondary-natural,0.0352
2014,SKr10,Succulent Karoo,Secondary-natural,0.004
2014,SKr11,Succulent Karoo,Secondary-natural,0.05
2014,SKr12,Succulent Karoo,Secondary-natural,0.02
2014,SKr13,Succulent Karoo,Secondary-natural,0.004
2014,SKr14,Succulent Karoo,Secondary-natural,0.0016
2014,SKr15,Succulent Karoo,Secondary-natural,33.3184
2014,SKr16,Succulent Karoo,Secondary-natural,0.0136
2014,SKr17,Succulent Karoo,Secondary-natural,0.0032
2014,SKr18,Succulent Karoo,Secondary-natural,0.0684
2014,SKr19,Succulent Karoo,Secondary-natural,0.0276
2014,SKr2,Succulent Karoo,Secondary-natural,0.066
2014,SKr3,Succulent Karoo,Secondary-natural,0
2014,SKr4,Succulent Karoo,Secondary-natural,6.674
2014,SKr5,Succulent Karoo,Secondary-natural,0
2014,SKr6,Succulent Karoo,Secondary-natural,0.0012
2014,SKr7,Succulent Karoo,Secondary-natural,0
2014,SKr8,Succulent Karoo,Secondary-natural,0
2014,SKr9,Succulent Karoo,Secondary-natural,0
2014,SKs1,Succulent Karoo,Secondary-natural,13.3004
2014,SKs10,Succulent Karoo,Secondary-natural,2.026
2014,SKs11,Succulent Karoo,Secondary-natural,4.00E-04
2014,SKs12,Succulent Karoo,Secondary-natural,26.4096
2014,SKs13,Succulent Karoo,Secondary-natural,6.9272
2014,SKs14,Succulent Karoo,Secondary-natural,29.562
2014,SKs2,Succulent Karoo,Secondary-natural,1.976
2014,SKs3,Succulent Karoo,Secondary-natural,0.8624
2014,SKs4,Succulent Karoo,Secondary-natural,1.1756
2014,SKs5,Succulent Karoo,Secondary-natural,0.0016
2014,SKs6,Succulent Karoo,Secondary-natural,0
2014,SKs7,Succulent Karoo,Secondary-natural,129.0368
2014,SKs8,Succulent Karoo,Secondary-natural,10.0704
2014,SKs9,Succulent Karoo,Secondary-natural,5.7772
2014,SKt1,Succulent Karoo,Secondary-natural,0
2014,SKt2,Succulent Karoo,Secondary-natural,118.5664
2014,SKt3,Succulent Karoo,Secondary-natural,41.0784
2014,SKv1,Succulent Karoo,Secondary-natural,19.1836
2014,SKv10,Succulent Karoo,Secondary-natural,2.568
2014,SKv11,Succulent Karoo,Secondary-natural,25.0096
2014,SKv13,Succulent Karoo,Secondary-natural,7.5708
2014,SKv14,Succulent Karoo,Secondary-natural,4.1172
2014,SKv2,Succulent Karoo,Secondary-natural,0.1304
2014,SKv3,Succulent Karoo,Secondary-natural,10.0736
2014,SKv4,Succulent Karoo,Secondary-natural,2.9956
2014,SKv5,Succulent Karoo,Secondary-natural,18.6024
2014,SKv6,Succulent Karoo,Secondary-natural,11.1376
2014,SKv7,Succulent Karoo,Secondary-natural,20.4164
2014,SKv8,Succulent Karoo,Secondary-natural,37.2948
2014,SVcb1,Savanna,Secondary-natural,547.5188
2014,SVcb10,Savanna,Secondary-natural,124.7268
2014,SVcb11,Savanna,Secondary-natural,166.8388
2014,SVcb12,Savanna,Secondary-natural,1656.0252
2014,SVcb13,Savanna,Secondary-natural,58.8104
2014,SVcb14,Savanna,Secondary-natural,137.1016
2014,SVcb15,Savanna,Secondary-natural,819.2668
2014,SVcb16,Savanna,Secondary-natural,820.1716
2014,SVcb17,Savanna,Secondary-natural,273.798
2014,SVcb18,Savanna,Secondary-natural,488.4316
2014,SVcb19,Savanna,Secondary-natural,293.1488
2014,SVcb2,Savanna,Secondary-natural,7.1984
2014,SVcb20,Savanna,Secondary-natural,1227.3796
2014,SVcb21,Savanna,Secondary-natural,186.7328
2014,SVcb22,Savanna,Secondary-natural,0.0032
2014,SVcb23,Savanna,Secondary-natural,497.5324
2014,SVcb24,Savanna,Secondary-natural,33.6632
2014,SVcb25,Savanna,Secondary-natural,11.6044
2014,SVcb26,Savanna,Secondary-natural,32.4248
2014,SVcb27,Savanna,Secondary-natural,235.0904
2014,SVcb28,Savanna,Secondary-natural,79.8116
2014,SVcb29,Savanna,Secondary-natural,6.3036
2014,SVcb3,Savanna,Secondary-natural,156.6984
2014,SVcb4,Savanna,Secondary-natural,169.272
2014,SVcb5,Savanna,Secondary-natural,3.146
2014,SVcb6,Savanna,Secondary-natural,496.4836
2014,SVcb7,Savanna,Secondary-natural,27.2336
2014,SVcb8,Savanna,Secondary-natural,242.4376
2014,SVcb9,Savanna,Secondary-natural,137.7504
2014,SVk1,Savanna,Secondary-natural,1112.3828
2014,SVk10,Savanna,Secondary-natural,90.4516
2014,SVk11,Savanna,Secondary-natural,170.6688
2014,SVk12,Savanna,Secondary-natural,27.0216
2014,SVk13,Savanna,Secondary-natural,27.4508
2014,SVk14,Savanna,Secondary-natural,3.7744
2014,SVk15,Savanna,Secondary-natural,1.6152
2014,SVk16,Savanna,Secondary-natural,2.142
2014,SVk17,Savanna,Secondary-natural,731.57
2014,SVk18,Savanna,Secondary-natural,21.1272
2014,SVk2,Savanna,Secondary-natural,288.1552
2014,SVk3,Savanna,Secondary-natural,151.2584
2014,SVk4,Savanna,Secondary-natural,541.9652
2014,SVk5,Savanna,Secondary-natural,5.426
2014,SVk6,Savanna,Secondary-natural,202.4476
2014,SVk7,Savanna,Secondary-natural,60.9444
2014,SVk8,Savanna,Secondary-natural,58.4412
2014,SVk9,Savanna,Secondary-natural,42.1588
2014,SVkd1,Savanna,Secondary-natural,3.324
2014,SVkd2,Savanna,Secondary-natural,0.0304
2014,SVkd3,Savanna,Secondary-natural,0.042
2014,SVkd4,Savanna,Secondary-natural,0.0288
2014,SVl1,Savanna,Secondary-natural,62.2312
2014,SVl10,Savanna,Secondary-natural,70.6652
2014,SVl11,Savanna,Secondary-natural,3.428
2014,SVl12,Savanna,Secondary-natural,22.8352
2014,SVl13,Savanna,Secondary-natural,5.746
2014,SVl14,Savanna,Secondary-natural,92.9888
2014,SVl15,Savanna,Secondary-natural,0.0776
2014,SVl16,Savanna,Secondary-natural,33.6376
2014,SVl17,Savanna,Secondary-natural,9.6204
2014,SVl18,Savanna,Secondary-natural,37.1376
2014,SVl19,Savanna,Secondary-natural,3.4804
2014,SVl2,Savanna,Secondary-natural,0.0176
2014,SVl20,Savanna,Secondary-natural,115.44
2014,SVl21,Savanna,Secondary-natural,9.8932
2014,SVl22,Savanna,Secondary-natural,402.5136
2014,SVl23,Savanna,Secondary-natural,705.3836
2014,SVl24,Savanna,Secondary-natural,80.3684
2014,SVl25,Savanna,Secondary-natural,44.2164
2014,SVl26,Savanna,Secondary-natural,18.8396
2014,SVl27,Savanna,Secondary-natural,29.4644
2014,SVl3,Savanna,Secondary-natural,743.1148
2014,SVl4,Savanna,Secondary-natural,25.7892
2014,SVl5,Savanna,Secondary-natural,26.4296
2014,SVl6,Savanna,Secondary-natural,0.5556
2014,SVl7,Savanna,Secondary-natural,12.3516
2014,SVl8,Savanna,Secondary-natural,250.3444
2014,SVl9,Savanna,Secondary-natural,377.9164
2014,SVmp1,Savanna,Secondary-natural,158.5032
2014,SVmp2,Savanna,Secondary-natural,17.0684
2014,SVmp3,Savanna,Secondary-natural,0.0832
2014,SVmp4,Savanna,Secondary-natural,0.4484
2014,SVmp5,Savanna,Secondary-natural,173.5664
2014,SVmp6,Savanna,Secondary-natural,238.664
2014,SVmp7,Savanna,Secondary-natural,25.5304
2014,SVmp8,Savanna,Secondary-natural,0.062
2014,SVs1,Savanna,Secondary-natural,268.3664
2014,SVs2,Savanna,Secondary-natural,229.1212
2014,SVs3,Savanna,Secondary-natural,145.2044
2014,SVs4,Savanna,Secondary-natural,95.9196
2014,SVs5,Savanna,Secondary-natural,157.2844
2014,SVs6,Savanna,Secondary-natural,1368.9588
2014,SVs7,Savanna,Secondary-natural,673.3292
2014,SVs8,Savanna,Secondary-natural,134.7564
2018,AT15,Albany Thicket,Secondary-natural,0.014
2018,AT16,Albany Thicket,Secondary-natural,1.3752
2018,AT17,Albany Thicket,Secondary-natural,48.802
2018,AT18,Albany Thicket,Secondary-natural,47.406
2018,AT19,Albany Thicket,Secondary-natural,5.4012
2018,AT20,Albany Thicket,Secondary-natural,1.9428
2018,AT21,Albany Thicket,Secondary-natural,17.6784
2018,AT22,Albany Thicket,Secondary-natural,31.5892
2018,AT23,Albany Thicket,Secondary-natural,21.4092
2018,AT24,Albany Thicket,Secondary-natural,166.4376
2018,AT25,Albany Thicket,Secondary-natural,7.8884
2018,AT26,Albany Thicket,Secondary-natural,2.41
2018,AT27,Albany Thicket,Secondary-natural,3.2776
2018,AT28,Albany Thicket,Secondary-natural,58.5204
2018,AT29,Albany Thicket,Secondary-natural,5.4616
2018,AT30,Albany Thicket,Secondary-natural,10.1788
2018,AT31,Albany Thicket,Secondary-natural,22.0224
2018,AT32,Albany Thicket,Secondary-natural,44.0748
2018,AT33,Albany Thicket,Secondary-natural,3.2264
2018,AT34,Albany Thicket,Secondary-natural,1.6536
2018,AT35,Albany Thicket,Secondary-natural,4.5724
2018,AT36,Albany Thicket,Secondary-natural,3.6532
2018,AT37,Albany Thicket,Secondary-natural,17.1828
2018,AT38,Albany Thicket,Secondary-natural,104.8524
2018,AT39,Albany Thicket,Secondary-natural,8.316
2018,AT40,Albany Thicket,Secondary-natural,46.3232
2018,AT41,Albany Thicket,Secondary-natural,18.332
2018,AT42,Albany Thicket,Secondary-natural,3.6828
2018,AT43,Albany Thicket,Secondary-natural,8.8852
2018,AT44,Albany Thicket,Secondary-natural,17.7516
2018,AT45,Albany Thicket,Secondary-natural,81.4956
2018,AT46,Albany Thicket,Secondary-natural,7.218
2018,AT47,Albany Thicket,Secondary-natural,8.3672
2018,AT48,Albany Thicket,Secondary-natural,0.7768
2018,AT49,Albany Thicket,Secondary-natural,40.47
2018,AT50,Albany Thicket,Secondary-natural,18.0152
2018,AT51,Albany Thicket,Secondary-natural,40.158
2018,AT52,Albany Thicket,Secondary-natural,4.5152
2018,AT53,Albany Thicket,Secondary-natural,1.9672
2018,AT54,Albany Thicket,Secondary-natural,0.8624
2018,AT55,Albany Thicket,Secondary-natural,8.4044
2018,AT56,Albany Thicket,Secondary-natural,64.7008
2018,AT57,Albany Thicket,Secondary-natural,9.7796
2018,AT58,Albany Thicket,Secondary-natural,12.6792
2018,AZa1,Azonal,Secondary-natural,0.3508
2018,AZa2,Azonal,Secondary-natural,45.596
2018,AZa3,Azonal,Secondary-natural,53.0644
2018,AZa4,Azonal,Secondary-natural,86.152
2018,AZa5,Azonal,Secondary-natural,230.5824
2018,AZa6,Azonal,Secondary-natural,50.2372
2018,AZa7,Azonal,Secondary-natural,82.0172
2018,AZd1,Azonal,Secondary-natural,0.5716
2018,AZd2,Azonal,Secondary-natural,0.0892
2018,AZd3,Azonal,Secondary-natural,2.346
2018,AZd4,Azonal,Secondary-natural,0.7684
2018,AZi1,Azonal,Secondary-natural,63.1344
2018,AZi3,Azonal,Secondary-natural,1.6756
2018,AZi5,Azonal,Secondary-natural,150.5652
2018,AZi6,Azonal,Secondary-natural,244.482
2018,AZi7,Azonal,Secondary-natural,93.0632
2018,AZi8,Azonal,Secondary-natural,41.73
2018,AZs3,Azonal,Secondary-natural,0.5764
2018,CB1,IOCB,Secondary-natural,260.5948
2018,CB2,IOCB,Secondary-natural,103.3736
2018,CB3,IOCB,Secondary-natural,543.404
2018,CB4,IOCB,Secondary-natural,205.7816
2018,CB5,IOCB,Secondary-natural,242.3064
2018,CB6,IOCB,Secondary-natural,260.5124
2018,Dg1,Desert,Secondary-natural,0.0076
2018,Dg10,Desert,Secondary-natural,1.6832
2018,Dg2,Desert,Secondary-natural,0.0024
2018,Dg3,Desert,Secondary-natural,0.0036
2018,Dg4,Desert,Secondary-natural,0.0028
2018,Dg5,Desert,Secondary-natural,0
2018,Dg6,Desert,Secondary-natural,0
2018,Dg7,Desert,Secondary-natural,0.1952
2018,Dg8,Desert,Secondary-natural,0
2018,Dg9,Desert,Secondary-natural,6.618
2018,Dn1,Desert,Secondary-natural,0.5136
2018,Dn2,Desert,Secondary-natural,0.0592
2018,Dn3,Desert,Secondary-natural,3.8076
2018,Dn4,Desert,Secondary-natural,2.1212
2018,Dn5,Desert,Secondary-natural,1.9808
2018,FFa1,Fynbos,Secondary-natural,22.21
2018,FFa2,Fynbos,Secondary-natural,72.2128
2018,FFa3,Fynbos,Secondary-natural,79.2556
2018,FFa4,Fynbos,Secondary-natural,5.9556
2018,FFb1,Fynbos,Secondary-natural,7.648
2018,FFb2,Fynbos,Secondary-natural,3.4752
2018,FFb3,Fynbos,Secondary-natural,0.0296
2018,FFb4,Fynbos,Secondary-natural,2.044
2018,FFb5,Fynbos,Secondary-natural,5.1812
2018,FFb6,Fynbos,Secondary-natural,10.142
2018,FFc1,Fynbos,Secondary-natural,104.4992
2018,FFd1,Fynbos,Secondary-natural,123.6456
2018,FFd10,Fynbos,Secondary-natural,11.3928
2018,FFd11,Fynbos,Secondary-natural,1.722
2018,FFd2,Fynbos,Secondary-natural,355.2252
2018,FFd3,Fynbos,Secondary-natural,163.46
2018,FFd4,Fynbos,Secondary-natural,153.9284
2018,FFd5,Fynbos,Secondary-natural,52.162
2018,FFd6,Fynbos,Secondary-natural,4.7272
2018,FFd7,Fynbos,Secondary-natural,23.2916
2018,FFd8,Fynbos,Secondary-natural,9.2516
2018,FFd9,Fynbos,Secondary-natural,80.416
2018,FFf1,Fynbos,Secondary-natural,102.1988
2018,FFf2,Fynbos,Secondary-natural,8.6592
2018,FFg1,Fynbos,Secondary-natural,0.1292
2018,FFg2,Fynbos,Secondary-natural,74.0264
2018,FFg3,Fynbos,Secondary-natural,8.4928
2018,FFg4,Fynbos,Secondary-natural,1.1368
2018,FFg5,Fynbos,Secondary-natural,62.8276
2018,FFh1,Fynbos,Secondary-natural,65.7476
2018,FFh10,Fynbos,Secondary-natural,2.7156
2018,FFh11,Fynbos,Secondary-natural,1.394
2018,FFh2,Fynbos,Secondary-natural,3.468
2018,FFh3,Fynbos,Secondary-natural,7.1936
2018,FFh4,Fynbos,Secondary-natural,35.4964
2018,FFh5,Fynbos,Secondary-natural,15.8344
2018,FFh6,Fynbos,Secondary-natural,50.9312
2018,FFh7,Fynbos,Secondary-natural,20.39
2018,FFh8,Fynbos,Secondary-natural,24.4052
2018,FFh9,Fynbos,Secondary-natural,65.344
2018,FFl1,Fynbos,Secondary-natural,9.7848
2018,FFl2,Fynbos,Secondary-natural,11.686
2018,FFl3,Fynbos,Secondary-natural,36.0152
2018,FFq1,Fynbos,Secondary-natural,0
2018,FFq2,Fynbos,Secondary-natural,17.0344
2018,FFq3,Fynbos,Secondary-natural,12.4276
2018,FFq4,Fynbos,Secondary-natural,2.3356
2018,FFq5,Fynbos,Secondary-natural,0.2724
2018,FFq6,Fynbos,Secondary-natural,6.814
2018,FFs1,Fynbos,Secondary-natural,64.248
2018,FFs10,Fynbos,Secondary-natural,19.9568
2018,FFs11,Fynbos,Secondary-natural,78.1288
2018,FFs12,Fynbos,Secondary-natural,67.7468
2018,FFs13,Fynbos,Secondary-natural,4.6368
2018,FFs14,Fynbos,Secondary-natural,7.5944
2018,FFs15,Fynbos,Secondary-natural,36.5468
2018,FFs16,Fynbos,Secondary-natural,14.8496
2018,FFs17,Fynbos,Secondary-natural,3.7276
2018,FFs18,Fynbos,Secondary-natural,58.3332
2018,FFs19,Fynbos,Secondary-natural,137.0256
2018,FFs2,Fynbos,Secondary-natural,103.4588
2018,FFs20,Fynbos,Secondary-natural,126.5368
2018,FFs21,Fynbos,Secondary-natural,0.0684
2018,FFs22,Fynbos,Secondary-natural,2.4736
2018,FFs23,Fynbos,Secondary-natural,3.5404
2018,FFs24,Fynbos,Secondary-natural,1.0152
2018,FFs25,Fynbos,Secondary-natural,1.4628
2018,FFs26,Fynbos,Secondary-natural,6.0172
2018,FFs27,Fynbos,Secondary-natural,85.7736
2018,FFs28,Fynbos,Secondary-natural,126.846
2018,FFs29,Fynbos,Secondary-natural,29.7832
2018,FFs3,Fynbos,Secondary-natural,16.592
2018,FFs30,Fynbos,Secondary-natural,0
2018,FFs31,Fynbos,Secondary-natural,0
2018,FFs32,Fynbos,Secondary-natural,55.6132
2018,FFs4,Fynbos,Secondary-natural,99.6756
2018,FFs5,Fynbos,Secondary-natural,41.2108
2018,FFs6,Fynbos,Secondary-natural,18.4464
2018,FFs7,Fynbos,Secondary-natural,5.3364
2018,FFs8,Fynbos,Secondary-natural,1.256
2018,FFs9,Fynbos,Secondary-natural,5.1224
2018,FFt1,Fynbos,Secondary-natural,3.6032
2018,FFt2,Fynbos,Secondary-natural,8.5228
2018,FOa1,Forest,Secondary-natural,10.7448
2018,FOa2,Forest,Secondary-natural,21.0252
2018,FOa3,Forest,Secondary-natural,1.1232
2018,FOz1,Forest,Secondary-natural,129.1304
2018,FOz2,Forest,Secondary-natural,28.516
2018,FOz3,Forest,Secondary-natural,170.132
2018,FOz4,Forest,Secondary-natural,93.618
2018,FOz5,Forest,Secondary-natural,65.2164
2018,FOz6,Forest,Secondary-natural,13.4268
2018,FOz7,Forest,Secondary-natural,125.7876
2018,FOz8,Forest,Secondary-natural,16.6404
2018,FOz9,Forest,Secondary-natural,0.1104
2018,FRa1,Fynbos,Secondary-natural,86.9064
2018,FRa2,Fynbos,Secondary-natural,7.0324
2018,FRc1,Fynbos,Secondary-natural,13.5548
2018,FRc2,Fynbos,Secondary-natural,23.4848
2018,FRd1,Fynbos,Secondary-natural,10.6016
2018,FRd2,Fynbos,Secondary-natural,7.2276
2018,FRg1,Fynbos,Secondary-natural,19.4032
2018,FRg2,Fynbos,Secondary-natural,144.96
2018,FRg3,Fynbos,Secondary-natural,0.2096
2018,FRl1,Fynbos,Secondary-natural,28.1964
2018,FRs1,Fynbos,Secondary-natural,6.8636
2018,FRs10,Fynbos,Secondary-natural,2.0804
2018,FRs11,Fynbos,Secondary-natural,107.2332
2018,FRs12,Fynbos,Secondary-natural,139.5956
2018,FRs13,Fynbos,Secondary-natural,252.7008
2018,FRs14,Fynbos,Secondary-natural,97.196
2018,FRs15,Fynbos,Secondary-natural,6.2816
2018,FRs16,Fynbos,Secondary-natural,67.8968
2018,FRs17,Fynbos,Secondary-natural,28.43
2018,FRs18,Fynbos,Secondary-natural,0.018
2018,FRs19,Fynbos,Secondary-natural,35.33
2018,FRs2,Fynbos,Secondary-natural,35.716
2018,FRs20,Fynbos,Secondary-natural,7.574
2018,FRs3,Fynbos,Secondary-natural,34.984
2018,FRs4,Fynbos,Secondary-natural,83.8816
2018,FRs5,Fynbos,Secondary-natural,32.7584
2018,FRs6,Fynbos,Secondary-natural,160.1532
2018,FRs7,Fynbos,Secondary-natural,145.8104
2018,FRs8,Fynbos,Secondary-natural,156.622
2018,FRs9,Fynbos,Secondary-natural,447.3096
2018,FS1,Fynbos,Secondary-natural,57.7428
2018,FS10,Fynbos,Secondary-natural,2.0392
2018,FS11,Fynbos,Secondary-natural,8.00E-04
2018,FS12,Fynbos,Secondary-natural,2.3112
2018,FS13,Fynbos,Secondary-natural,0.4836
2018,FS14,Fynbos,Secondary-natural,2.3564
2018,FS2,Fynbos,Secondary-natural,33.0176
2018,FS3,Fynbos,Secondary-natural,318.4592
2018,FS4,Fynbos,Secondary-natural,7.2804
2018,FS5,Fynbos,Secondary-natural,20.8276
2018,FS6,Fynbos,Secondary-natural,11.5124
2018,FS7,Fynbos,Secondary-natural,1.3932
2018,FS9,Fynbos,Secondary-natural,4.6992
2018,Gd1,Grassland,Secondary-natural,218.7608
2018,Gd10,Grassland,Secondary-natural,0
2018,Gd2,Grassland,Secondary-natural,1.032
2018,Gd3,Grassland,Secondary-natural,184.434
2018,Gd4,Grassland,Secondary-natural,146.9596
2018,Gd5,Grassland,Secondary-natural,31.8492
2018,Gd6,Grassland,Secondary-natural,0.0216
2018,Gd7,Grassland,Secondary-natural,0.362
2018,Gd8,Grassland,Secondary-natural,23.7492
2018,Gh1,Grassland,Secondary-natural,99.6572
2018,Gh10,Grassland,Secondary-natural,2339.7436
2018,Gh11,Grassland,Secondary-natural,99.036
2018,Gh12,Grassland,Secondary-natural,33.938
2018,Gh13,Grassland,Secondary-natural,514.448
2018,Gh14,Grassland,Secondary-natural,1042.3348
2018,Gh15,Grassland,Secondary-natural,976.8236
2018,Gh2,Grassland,Secondary-natural,396.5188
2018,Gh3,Grassland,Secondary-natural,268.9516
2018,Gh4,Grassland,Secondary-natural,97.1132
2018,Gh5,Grassland,Secondary-natural,307.5392
2018,Gh6,Grassland,Secondary-natural,994.36
2018,Gh7,Grassland,Secondary-natural,60.818
2018,Gh8,Grassland,Secondary-natural,3.6032
2018,Gh9,Grassland,Secondary-natural,445.578
2018,Gm1,Grassland,Secondary-natural,204.188
2018,Gm10,Grassland,Secondary-natural,132.1664
2018,Gm11,Grassland,Secondary-natural,1617.9476
2018,Gm12,Grassland,Secondary-natural,2598.0116
2018,Gm13,Grassland,Secondary-natural,580.3272
2018,Gm14,Grassland,Secondary-natural,280.0032
2018,Gm15,Grassland,Secondary-natural,496.2024
2018,Gm16,Grassland,Secondary-natural,753.2164
2018,Gm17,Grassland,Secondary-natural,58.6324
2018,Gm19,Grassland,Secondary-natural,222.2228
2018,Gm2,Grassland,Secondary-natural,17.1688
2018,Gm20,Grassland,Secondary-natural,0.7708
2018,Gm21,Grassland,Secondary-natural,129.1872
2018,Gm22,Grassland,Secondary-natural,97.854
2018,Gm23,Grassland,Secondary-natural,107.654
2018,Gm24,Grassland,Secondary-natural,0.4704
2018,Gm25,Grassland,Secondary-natural,33.4808
2018,Gm26,Grassland,Secondary-natural,4.9312
2018,Gm27,Grassland,Secondary-natural,5.3796
2018,Gm28,Grassland,Secondary-natural,0.6912
2018,Gm29,Grassland,Secondary-natural,10.8824
2018,Gm3,Grassland,Secondary-natural,1270.596
2018,Gm30,Grassland,Secondary-natural,345.4588
2018,Gm31,Grassland,Secondary-natural,66.772
2018,Gm4,Grassland,Secondary-natural,1005.144
2018,Gm5,Grassland,Secondary-natural,95.6628
2018,Gm6,Grassland,Secondary-natural,711.68
2018,Gm7,Grassland,Secondary-natural,0.8392
2018,Gm8,Grassland,Secondary-natural,1947.7608
2018,Gm9,Grassland,Secondary-natural,199.146
2018,Gs1,Grassland,Secondary-natural,39.2756
2018,Gs10,Grassland,Secondary-natural,678.1276
2018,Gs11,Grassland,Secondary-natural,362.1436
2018,Gs12,Grassland,Secondary-natural,987.6568
2018,Gs13,Grassland,Secondary-natural,140.6168
2018,Gs14,Grassland,Secondary-natural,593.7356
2018,Gs15,Grassland,Secondary-natural,557.0932
2018,Gs16,Grassland,Secondary-natural,144.9192
2018,Gs17,Grassland,Secondary-natural,22.934
2018,Gs18,Grassland,Secondary-natural,10.9556
2018,Gs19,Grassland,Secondary-natural,524.474
2018,Gs2,Grassland,Secondary-natural,84.484
2018,Gs20,Grassland,Secondary-natural,1012.836
2018,Gs3,Grassland,Secondary-natural,76.0572
2018,Gs4,Grassland,Secondary-natural,1072.0012
2018,Gs6,Grassland,Secondary-natural,838.0804
2018,Gs7,Grassland,Secondary-natural,948.9816
2018,Gs8,Grassland,Secondary-natural,319.1776
2018,Gs9,Grassland,Secondary-natural,827.0068
2018,NKb1,Nama-Karoo,Secondary-natural,4.5676
2018,NKb2,Nama-Karoo,Secondary-natural,0.2364
2018,NKb3,Nama-Karoo,Secondary-natural,46.39
2018,NKb4,Nama-Karoo,Secondary-natural,1.754
2018,NKb5,Nama-Karoo,Secondary-natural,16.2636
2018,NKb6,Nama-Karoo,Secondary-natural,143.054
2018,NKl1,Nama-Karoo,Secondary-natural,46.972
2018,NKl2,Nama-Karoo,Secondary-natural,64.74
2018,NKl4,Nama-Karoo,Secondary-natural,10.9364
2018,NKu1,Nama-Karoo,Secondary-natural,92.8112
2018,NKu2,Nama-Karoo,Secondary-natural,12.4556
2018,NKu3,Nama-Karoo,Secondary-natural,685.9636
2018,NKu4,Nama-Karoo,Secondary-natural,769.3916
2018,NOTVEG,NOTVEG,Secondary-natural,27.4504
2018,SKk1,Succulent Karoo,Secondary-natural,2.042
2018,SKk2,Succulent Karoo,Secondary-natural,0.4076
2018,SKk3,Succulent Karoo,Secondary-natural,7.038
2018,SKk4,Succulent Karoo,Secondary-natural,1.9948
2018,SKk5,Succulent Karoo,Secondary-natural,34.9816
2018,SKk6,Succulent Karoo,Secondary-natural,0.5044
2018,SKk7,Succulent Karoo,Secondary-natural,11.7944
2018,SKk8,Succulent Karoo,Secondary-natural,0.3568
2018,SKk9,Succulent Karoo,Secondary-natural,1.7172
2018,SKn1,Succulent Karoo,Secondary-natural,163.8572
2018,SKn2,Succulent Karoo,Secondary-natural,3.134
2018,SKn3,Succulent Karoo,Secondary-natural,136.1304
2018,SKn4,Succulent Karoo,Secondary-natural,193.4036
2018,SKn5,Succulent Karoo,Secondary-natural,0.292
2018,SKn6,Succulent Karoo,Secondary-natural,2.4264
2018,SKn7,Succulent Karoo,Secondary-natural,27.0516
2018,SKr1,Succulent Karoo,Secondary-natural,0.0372
2018,SKr10,Succulent Karoo,Secondary-natural,0.0204
2018,SKr11,Succulent Karoo,Secondary-natural,0.0272
2018,SKr12,Succulent Karoo,Secondary-natural,0.0472
2018,SKr13,Succulent Karoo,Secondary-natural,0.1788
2018,SKr14,Succulent Karoo,Secondary-natural,0.1436
2018,SKr15,Succulent Karoo,Secondary-natural,35.2096
2018,SKr16,Succulent Karoo,Secondary-natural,0.0332
2018,SKr17,Succulent Karoo,Secondary-natural,0.0448
2018,SKr18,Succulent Karoo,Secondary-natural,0.1736
2018,SKr19,Succulent Karoo,Secondary-natural,0.0548
2018,SKr2,Succulent Karoo,Secondary-natural,0.0292
2018,SKr3,Succulent Karoo,Secondary-natural,0
2018,SKr4,Succulent Karoo,Secondary-natural,6.6992
2018,SKr5,Succulent Karoo,Secondary-natural,0
2018,SKr6,Succulent Karoo,Secondary-natural,0.0024
2018,SKr7,Succulent Karoo,Secondary-natural,0.0072
2018,SKr8,Succulent Karoo,Secondary-natural,0
2018,SKr9,Succulent Karoo,Secondary-natural,0
2018,SKs1,Succulent Karoo,Secondary-natural,12.3264
2018,SKs10,Succulent Karoo,Secondary-natural,2.03
2018,SKs11,Succulent Karoo,Secondary-natural,0.014
2018,SKs12,Succulent Karoo,Secondary-natural,30.4236
2018,SKs13,Succulent Karoo,Secondary-natural,23.5948
2018,SKs14,Succulent Karoo,Secondary-natural,41.9372
2018,SKs2,Succulent Karoo,Secondary-natural,2.4812
2018,SKs3,Succulent Karoo,Secondary-natural,4.1536
2018,SKs4,Succulent Karoo,Secondary-natural,1.4832
2018,SKs5,Succulent Karoo,Secondary-natural,0.0012
2018,SKs6,Succulent Karoo,Secondary-natural,0.0408
2018,SKs7,Succulent Karoo,Secondary-natural,221.2244
2018,SKs8,Succulent Karoo,Secondary-natural,26.376
2018,SKs9,Succulent Karoo,Secondary-natural,17.1288
2018,SKt1,Succulent Karoo,Secondary-natural,8.00E-04
2018,SKt2,Succulent Karoo,Secondary-natural,146.5452
2018,SKt3,Succulent Karoo,Secondary-natural,66.05
2018,SKv1,Succulent Karoo,Secondary-natural,37.3556
2018,SKv10,Succulent Karoo,Secondary-natural,6.1304
2018,SKv11,Succulent Karoo,Secondary-natural,66.7936
2018,SKv13,Succulent Karoo,Secondary-natural,19.5212
2018,SKv14,Succulent Karoo,Secondary-natural,10.4124
2018,SKv2,Succulent Karoo,Secondary-natural,1.652
2018,SKv3,Succulent Karoo,Secondary-natural,12.0452
2018,SKv4,Succulent Karoo,Secondary-natural,3.2884
2018,SKv5,Succulent Karoo,Secondary-natural,30.728
2018,SKv6,Succulent Karoo,Secondary-natural,17.6608
2018,SKv7,Succulent Karoo,Secondary-natural,44.5428
2018,SKv8,Succulent Karoo,Secondary-natural,69.7996
2018,SVcb1,Savanna,Secondary-natural,700.4116
2018,SVcb10,Savanna,Secondary-natural,148.9792
2018,SVcb11,Savanna,Secondary-natural,222.6512
2018,SVcb12,Savanna,Secondary-natural,2250.3368
2018,SVcb13,Savanna,Secondary-natural,67.302
2018,SVcb14,Savanna,Secondary-natural,169.358
2018,SVcb15,Savanna,Secondary-natural,1277.2212
2018,SVcb16,Savanna,Secondary-natural,967.1676
2018,SVcb17,Savanna,Secondary-natural,374.868
2018,SVcb18,Savanna,Secondary-natural,649.5692
2018,SVcb19,Savanna,Secondary-natural,456.5332
2018,SVcb2,Savanna,Secondary-natural,10.5228
2018,SVcb20,Savanna,Secondary-natural,1620.1152
2018,SVcb21,Savanna,Secondary-natural,311.5984
2018,SVcb22,Savanna,Secondary-natural,0.0652
2018,SVcb23,Savanna,Secondary-natural,586.266
2018,SVcb24,Savanna,Secondary-natural,36.0492
2018,SVcb25,Savanna,Secondary-natural,14.6908
2018,SVcb26,Savanna,Secondary-natural,53.6312
2018,SVcb27,Savanna,Secondary-natural,281.3492
2018,SVcb28,Savanna,Secondary-natural,102.6584
2018,SVcb29,Savanna,Secondary-natural,7.282
2018,SVcb3,Savanna,Secondary-natural,184.1156
2018,SVcb4,Savanna,Secondary-natural,196.8188
2018,SVcb5,Savanna,Secondary-natural,3.4008
2018,SVcb6,Savanna,Secondary-natural,562.0936
2018,SVcb7,Savanna,Secondary-natural,32.5888
2018,SVcb8,Savanna,Secondary-natural,303.1376
2018,SVcb9,Savanna,Secondary-natural,168.6272
2018,SVk1,Savanna,Secondary-natural,1223.1148
2018,SVk10,Savanna,Secondary-natural,109.8416
2018,SVk11,Savanna,Secondary-natural,179.3992
2018,SVk12,Savanna,Secondary-natural,44.3512
2018,SVk13,Savanna,Secondary-natural,36.4272
2018,SVk14,Savanna,Secondary-natural,9.2984
2018,SVk15,Savanna,Secondary-natural,2.0932
2018,SVk16,Savanna,Secondary-natural,5.2108
2018,SVk17,Savanna,Secondary-natural,832.764
2018,SVk18,Savanna,Secondary-natural,21.3472
2018,SVk2,Savanna,Secondary-natural,355.3984
2018,SVk3,Savanna,Secondary-natural,186.7784
2018,SVk4,Savanna,Secondary-natural,777.3948
2018,SVk5,Savanna,Secondary-natural,10.76
2018,SVk6,Savanna,Secondary-natural,255.4312
2018,SVk7,Savanna,Secondary-natural,85.1804
2018,SVk8,Savanna,Secondary-natural,61.3572
2018,SVk9,Savanna,Secondary-natural,59.6272
2018,SVkd1,Savanna,Secondary-natural,12.1328
2018,SVkd2,Savanna,Secondary-natural,0.1664
2018,SVkd3,Savanna,Secondary-natural,0.0872
2018,SVkd4,Savanna,Secondary-natural,0.0264
2018,SVl1,Savanna,Secondary-natural,198.9976
2018,SVl10,Savanna,Secondary-natural,116.0292
2018,SVl11,Savanna,Secondary-natural,6.8288
2018,SVl12,Savanna,Secondary-natural,38.9252
2018,SVl13,Savanna,Secondary-natural,9.0732
2018,SVl14,Savanna,Secondary-natural,159.7984
2018,SVl15,Savanna,Secondary-natural,0.1908
2018,SVl16,Savanna,Secondary-natural,107.7844
2018,SVl17,Savanna,Secondary-natural,17.806
2018,SVl18,Savanna,Secondary-natural,82.7032
2018,SVl19,Savanna,Secondary-natural,8.4532
2018,SVl2,Savanna,Secondary-natural,0.018
2018,SVl20,Savanna,Secondary-natural,333.542
2018,SVl21,Savanna,Secondary-natural,24.832
2018,SVl22,Savanna,Secondary-natural,575.6264
2018,SVl23,Savanna,Secondary-natural,1111.7812
2018,SVl24,Savanna,Secondary-natural,174.672
2018,SVl25,Savanna,Secondary-natural,67.904
2018,SVl26,Savanna,Secondary-natural,44.1968
2018,SVl27,Savanna,Secondary-natural,38.278
2018,SVl3,Savanna,Secondary-natural,1376.9096
2018,SVl4,Savanna,Secondary-natural,41.3928
2018,SVl5,Savanna,Secondary-natural,66.7948
2018,SVl6,Savanna,Secondary-natural,1.008
2018,SVl7,Savanna,Secondary-natural,17.8524
2018,SVl8,Savanna,Secondary-natural,499.0612
2018,SVl9,Savanna,Secondary-natural,641.6952
2018,SVmp1,Savanna,Secondary-natural,234.3528
2018,SVmp2,Savanna,Secondary-natural,26.6032
2018,SVmp3,Savanna,Secondary-natural,0.1212
2018,SVmp4,Savanna,Secondary-natural,3.4444
2018,SVmp5,Savanna,Secondary-natural,272.1984
2018,SVmp6,Savanna,Secondary-natural,365.0872
2018,SVmp7,Savanna,Secondary-natural,45.4768
2018,SVmp8,Savanna,Secondary-natural,0.1184
2018,SVs1,Savanna,Secondary-natural,335.4952
2018,SVs2,Savanna,Secondary-natural,281.6504
2018,SVs3,Savanna,Secondary-natural,197.9836
2018,SVs4,Savanna,Secondary-natural,115.0404
2018,SVs5,Savanna,Secondary-natural,172.2356
2018,SVs6,Savanna,Secondary-natural,1553.1096
2018,SVs7,Savanna,Secondary-natural,916.5256
2018,SVs8,Savanna,Secondary-natural,166.6684
2020,AT15,Albany Thicket,Secondary-natural,0.0152
2020,AT16,Albany Thicket,Secondary-natural,1.4324
2020,AT17,Albany Thicket,Secondary-natural,47.708
2020,AT18,Albany Thicket,Secondary-natural,47.0452
2020,AT19,Albany Thicket,Secondary-natural,6.4428
2020,AT20,Albany Thicket,Secondary-natural,2.1692
2020,AT21,Albany Thicket,Secondary-natural,19.7908
2020,AT22,Albany Thicket,Secondary-natural,30.962
2020,AT23,Albany Thicket,Secondary-natural,21.4712
2020,AT24,Albany Thicket,Secondary-natural,165.8052
2020,AT25,Albany Thicket,Secondary-natural,8.6948
2020,AT26,Albany Thicket,Secondary-natural,2.2652
2020,AT27,Albany Thicket,Secondary-natural,3.4992
2020,AT28,Albany Thicket,Secondary-natural,57.8528
2020,AT29,Albany Thicket,Secondary-natural,5.8556
2020,AT30,Albany Thicket,Secondary-natural,10.5792
2020,AT31,Albany Thicket,Secondary-natural,21.9368
2020,AT32,Albany Thicket,Secondary-natural,44.4356
2020,AT33,Albany Thicket,Secondary-natural,3.0456
2020,AT34,Albany Thicket,Secondary-natural,1.6436
2020,AT35,Albany Thicket,Secondary-natural,4.3472
2020,AT36,Albany Thicket,Secondary-natural,3.8836
2020,AT37,Albany Thicket,Secondary-natural,16.7112
2020,AT38,Albany Thicket,Secondary-natural,104.8876
2020,AT39,Albany Thicket,Secondary-natural,8.8696
2020,AT40,Albany Thicket,Secondary-natural,47.8828
2020,AT41,Albany Thicket,Secondary-natural,17.304
2020,AT42,Albany Thicket,Secondary-natural,4.0192
2020,AT43,Albany Thicket,Secondary-natural,8.7332
2020,AT44,Albany Thicket,Secondary-natural,18.9928
2020,AT45,Albany Thicket,Secondary-natural,79.3236
2020,AT46,Albany Thicket,Secondary-natural,6.6556
2020,AT47,Albany Thicket,Secondary-natural,9.1996
2020,AT48,Albany Thicket,Secondary-natural,0.7368
2020,AT49,Albany Thicket,Secondary-natural,42.0668
2020,AT50,Albany Thicket,Secondary-natural,18.6888
2020,AT51,Albany Thicket,Secondary-natural,40.5096
2020,AT52,Albany Thicket,Secondary-natural,4.2
2020,AT53,Albany Thicket,Secondary-natural,2.1596
2020,AT54,Albany Thicket,Secondary-natural,0.9232
2020,AT55,Albany Thicket,Secondary-natural,8.7456
2020,AT56,Albany Thicket,Secondary-natural,65.1676
2020,AT57,Albany Thicket,Secondary-natural,9.6752
2020,AT58,Albany Thicket,Secondary-natural,13.4412
2020,AZa1,Azonal,Secondary-natural,0.3456
2020,AZa2,Azonal,Secondary-natural,43.444
2020,AZa3,Azonal,Secondary-natural,49.7776
2020,AZa4,Azonal,Secondary-natural,83.0348
2020,AZa5,Azonal,Secondary-natural,228.0576
2020,AZa6,Azonal,Secondary-natural,49.756
2020,AZa7,Azonal,Secondary-natural,80.8156
2020,AZd1,Azonal,Secondary-natural,0.5728
2020,AZd2,Azonal,Secondary-natural,0.0892
2020,AZd3,Azonal,Secondary-natural,2.3936
2020,AZd4,Azonal,Secondary-natural,0.7904
2020,AZi1,Azonal,Secondary-natural,62.4612
2020,AZi3,Azonal,Secondary-natural,3.1448
2020,AZi5,Azonal,Secondary-natural,152.0652
2020,AZi6,Azonal,Secondary-natural,236.6028
2020,AZi7,Azonal,Secondary-natural,95.6528
2020,AZi8,Azonal,Secondary-natural,39.798
2020,AZs3,Azonal,Secondary-natural,0.5896
2020,CB1,IOCB,Secondary-natural,252.6204
2020,CB2,IOCB,Secondary-natural,102.6732
2020,CB3,IOCB,Secondary-natural,544.8172
2020,CB4,IOCB,Secondary-natural,205.2332
2020,CB5,IOCB,Secondary-natural,244.3832
2020,CB6,IOCB,Secondary-natural,260.2324
2020,Dg1,Desert,Secondary-natural,0.0132
2020,Dg10,Desert,Secondary-natural,1.7092
2020,Dg2,Desert,Secondary-natural,0.0036
2020,Dg3,Desert,Secondary-natural,0.0084
2020,Dg4,Desert,Secondary-natural,0.0028
2020,Dg5,Desert,Secondary-natural,0.0072
2020,Dg6,Desert,Secondary-natural,0
2020,Dg7,Desert,Secondary-natural,0.1888
2020,Dg8,Desert,Secondary-natural,0.0052
2020,Dg9,Desert,Secondary-natural,6.6016
2020,Dn1,Desert,Secondary-natural,0.4884
2020,Dn2,Desert,Secondary-natural,0.0804
2020,Dn3,Desert,Secondary-natural,3.8048
2020,Dn4,Desert,Secondary-natural,2.1456
2020,Dn5,Desert,Secondary-natural,1.9696
2020,FFa1,Fynbos,Secondary-natural,19.4364
2020,FFa2,Fynbos,Secondary-natural,65.8668
2020,FFa3,Fynbos,Secondary-natural,75.6648
2020,FFa4,Fynbos,Secondary-natural,5.8452
2020,FFb1,Fynbos,Secondary-natural,7.722
2020,FFb2,Fynbos,Secondary-natural,3.5116
2020,FFb3,Fynbos,Secondary-natural,0.0312
2020,FFb4,Fynbos,Secondary-natural,1.9892
2020,FFb5,Fynbos,Secondary-natural,5.0056
2020,FFb6,Fynbos,Secondary-natural,9.5784
2020,FFc1,Fynbos,Secondary-natural,100.4476
2020,FFd1,Fynbos,Secondary-natural,123.4428
2020,FFd10,Fynbos,Secondary-natural,10.12
2020,FFd11,Fynbos,Secondary-natural,1.814
2020,FFd2,Fynbos,Secondary-natural,346.136
2020,FFd3,Fynbos,Secondary-natural,158.8148
2020,FFd4,Fynbos,Secondary-natural,150.1408
2020,FFd5,Fynbos,Secondary-natural,52.3276
2020,FFd6,Fynbos,Secondary-natural,4.8884
2020,FFd7,Fynbos,Secondary-natural,22.2064
2020,FFd8,Fynbos,Secondary-natural,8.2652
2020,FFd9,Fynbos,Secondary-natural,80.5204
2020,FFf1,Fynbos,Secondary-natural,97.8568
2020,FFf2,Fynbos,Secondary-natural,8.8796
2020,FFg1,Fynbos,Secondary-natural,0.122
2020,FFg2,Fynbos,Secondary-natural,72.0616
2020,FFg3,Fynbos,Secondary-natural,8.402
2020,FFg4,Fynbos,Secondary-natural,1.1308
2020,FFg5,Fynbos,Secondary-natural,62.1608
2020,FFh1,Fynbos,Secondary-natural,61.0428
2020,FFh10,Fynbos,Secondary-natural,2.7504
2020,FFh11,Fynbos,Secondary-natural,1.4944
2020,FFh2,Fynbos,Secondary-natural,3.3452
2020,FFh3,Fynbos,Secondary-natural,7.1652
2020,FFh4,Fynbos,Secondary-natural,34.2356
2020,FFh5,Fynbos,Secondary-natural,15.2456
2020,FFh6,Fynbos,Secondary-natural,38.9604
2020,FFh7,Fynbos,Secondary-natural,19.6972
2020,FFh8,Fynbos,Secondary-natural,24.0912
2020,FFh9,Fynbos,Secondary-natural,63.1536
2020,FFl1,Fynbos,Secondary-natural,9.8
2020,FFl2,Fynbos,Secondary-natural,11.7872
2020,FFl3,Fynbos,Secondary-natural,35.7432
2020,FFq1,Fynbos,Secondary-natural,0
2020,FFq2,Fynbos,Secondary-natural,16.8344
2020,FFq3,Fynbos,Secondary-natural,12.4664
2020,FFq4,Fynbos,Secondary-natural,2.2836
2020,FFq5,Fynbos,Secondary-natural,0.3296
2020,FFq6,Fynbos,Secondary-natural,7.7432
2020,FFs1,Fynbos,Secondary-natural,63.476
2020,FFs10,Fynbos,Secondary-natural,18.9756
2020,FFs11,Fynbos,Secondary-natural,76.1236
2020,FFs12,Fynbos,Secondary-natural,67.0112
2020,FFs13,Fynbos,Secondary-natural,4.5464
2020,FFs14,Fynbos,Secondary-natural,7.4108
2020,FFs15,Fynbos,Secondary-natural,36.0956
2020,FFs16,Fynbos,Secondary-natural,15.214
2020,FFs17,Fynbos,Secondary-natural,3.7428
2020,FFs18,Fynbos,Secondary-natural,58.0896
2020,FFs19,Fynbos,Secondary-natural,136.5692
2020,FFs2,Fynbos,Secondary-natural,99.6128
2020,FFs20,Fynbos,Secondary-natural,120.1208
2020,FFs21,Fynbos,Secondary-natural,0.1076
2020,FFs22,Fynbos,Secondary-natural,2.4924
2020,FFs23,Fynbos,Secondary-natural,3.6032
2020,FFs24,Fynbos,Secondary-natural,1.0876
2020,FFs25,Fynbos,Secondary-natural,1.4768
2020,FFs26,Fynbos,Secondary-natural,5.8236
2020,FFs27,Fynbos,Secondary-natural,80.3028
2020,FFs28,Fynbos,Secondary-natural,123.924
2020,FFs29,Fynbos,Secondary-natural,30.4836
2020,FFs3,Fynbos,Secondary-natural,15.79
2020,FFs30,Fynbos,Secondary-natural,0.004
2020,FFs31,Fynbos,Secondary-natural,0.002
2020,FFs32,Fynbos,Secondary-natural,53.9724
2020,FFs4,Fynbos,Secondary-natural,97.6724
2020,FFs5,Fynbos,Secondary-natural,40.106
2020,FFs6,Fynbos,Secondary-natural,17.5096
2020,FFs7,Fynbos,Secondary-natural,5.0196
2020,FFs8,Fynbos,Secondary-natural,1.2364
2020,FFs9,Fynbos,Secondary-natural,5.1928
2020,FFt1,Fynbos,Secondary-natural,3.5952
2020,FFt2,Fynbos,Secondary-natural,8.1684
2020,FOa1,Forest,Secondary-natural,10.4108
2020,FOa2,Forest,Secondary-natural,20.7916
2020,FOa3,Forest,Secondary-natural,1.34
2020,FOz1,Forest,Secondary-natural,131.7488
2020,FOz2,Forest,Secondary-natural,28.6112
2020,FOz3,Forest,Secondary-natural,170.038
2020,FOz4,Forest,Secondary-natural,93.714
2020,FOz5,Forest,Secondary-natural,64.902
2020,FOz6,Forest,Secondary-natural,13.0372
2020,FOz7,Forest,Secondary-natural,123.0104
2020,FOz8,Forest,Secondary-natural,15.1236
2020,FOz9,Forest,Secondary-natural,0.1096
2020,FRa1,Fynbos,Secondary-natural,80.998
2020,FRa2,Fynbos,Secondary-natural,6.8928
2020,FRc1,Fynbos,Secondary-natural,12.8952
2020,FRc2,Fynbos,Secondary-natural,22.3
2020,FRd1,Fynbos,Secondary-natural,10.8936
2020,FRd2,Fynbos,Secondary-natural,7.2776
2020,FRg1,Fynbos,Secondary-natural,18.5296
2020,FRg2,Fynbos,Secondary-natural,135.0084
2020,FRg3,Fynbos,Secondary-natural,0.2072
2020,FRl1,Fynbos,Secondary-natural,27.7336
2020,FRs1,Fynbos,Secondary-natural,6.7868
2020,FRs10,Fynbos,Secondary-natural,2.204
2020,FRs11,Fynbos,Secondary-natural,95.0556
2020,FRs12,Fynbos,Secondary-natural,127.2488
2020,FRs13,Fynbos,Secondary-natural,239.2224
2020,FRs14,Fynbos,Secondary-natural,94.3464
2020,FRs15,Fynbos,Secondary-natural,6.2448
2020,FRs16,Fynbos,Secondary-natural,66.8512
2020,FRs17,Fynbos,Secondary-natural,27.7968
2020,FRs18,Fynbos,Secondary-natural,0.0172
2020,FRs19,Fynbos,Secondary-natural,33.88
2020,FRs2,Fynbos,Secondary-natural,35.2432
2020,FRs20,Fynbos,Secondary-natural,7.0756
2020,FRs3,Fynbos,Secondary-natural,35.8504
2020,FRs4,Fynbos,Secondary-natural,80.0776
2020,FRs5,Fynbos,Secondary-natural,32.8324
2020,FRs6,Fynbos,Secondary-natural,157.9436
2020,FRs7,Fynbos,Secondary-natural,143.6568
2020,FRs8,Fynbos,Secondary-natural,151.4368
2020,FRs9,Fynbos,Secondary-natural,414.3532
2020,FS1,Fynbos,Secondary-natural,57.2292
2020,FS10,Fynbos,Secondary-natural,2.2888
2020,FS11,Fynbos,Secondary-natural,0.0256
2020,FS12,Fynbos,Secondary-natural,2.6504
2020,FS13,Fynbos,Secondary-natural,0.5396
2020,FS14,Fynbos,Secondary-natural,0.674
2020,FS2,Fynbos,Secondary-natural,31.8932
2020,FS3,Fynbos,Secondary-natural,313.6328
2020,FS4,Fynbos,Secondary-natural,7.2796
2020,FS5,Fynbos,Secondary-natural,20.794
2020,FS6,Fynbos,Secondary-natural,12.6956
2020,FS7,Fynbos,Secondary-natural,1.3976
2020,FS9,Fynbos,Secondary-natural,4.6384
2020,Gd1,Grassland,Secondary-natural,224.1208
2020,Gd10,Grassland,Secondary-natural,0.1524
2020,Gd2,Grassland,Secondary-natural,1.2308
2020,Gd3,Grassland,Secondary-natural,181.7896
2020,Gd4,Grassland,Secondary-natural,141.1364
2020,Gd5,Grassland,Secondary-natural,32.2136
2020,Gd6,Grassland,Secondary-natural,0.0216
2020,Gd7,Grassland,Secondary-natural,0.412
2020,Gd8,Grassland,Secondary-natural,23.8732
2020,Gh1,Grassland,Secondary-natural,96.546
2020,Gh10,Grassland,Secondary-natural,2094.8948
2020,Gh11,Grassland,Secondary-natural,94.8848
2020,Gh12,Grassland,Secondary-natural,39.222
2020,Gh13,Grassland,Secondary-natural,486.99
2020,Gh14,Grassland,Secondary-natural,990.242
2020,Gh15,Grassland,Secondary-natural,942.496
2020,Gh2,Grassland,Secondary-natural,392.7472
2020,Gh3,Grassland,Secondary-natural,294.7136
2020,Gh4,Grassland,Secondary-natural,110.0308
2020,Gh5,Grassland,Secondary-natural,289.6476
2020,Gh6,Grassland,Secondary-natural,963.856
2020,Gh7,Grassland,Secondary-natural,64.3052
2020,Gh8,Grassland,Secondary-natural,3.8796
2020,Gh9,Grassland,Secondary-natural,431.0516
2020,Gm1,Grassland,Secondary-natural,196.2084
2020,Gm10,Grassland,Secondary-natural,137.26
2020,Gm11,Grassland,Secondary-natural,1540.8664
2020,Gm12,Grassland,Secondary-natural,2587.7248
2020,Gm13,Grassland,Secondary-natural,558.6676
2020,Gm14,Grassland,Secondary-natural,279.3384
2020,Gm15,Grassland,Secondary-natural,489.6688
2020,Gm16,Grassland,Secondary-natural,715.3728
2020,Gm17,Grassland,Secondary-natural,57.0612
2020,Gm19,Grassland,Secondary-natural,209.9308
2020,Gm2,Grassland,Secondary-natural,16.7704
2020,Gm20,Grassland,Secondary-natural,0.3844
2020,Gm21,Grassland,Secondary-natural,125.412
2020,Gm22,Grassland,Secondary-natural,88.6356
2020,Gm23,Grassland,Secondary-natural,101.2532
2020,Gm24,Grassland,Secondary-natural,0.4664
2020,Gm25,Grassland,Secondary-natural,33.2904
2020,Gm26,Grassland,Secondary-natural,4.7008
2020,Gm27,Grassland,Secondary-natural,5.4624
2020,Gm28,Grassland,Secondary-natural,0.7328
2020,Gm29,Grassland,Secondary-natural,10.4976
2020,Gm3,Grassland,Secondary-natural,1179.7896
2020,Gm30,Grassland,Secondary-natural,349.452
2020,Gm31,Grassland,Secondary-natural,63.4748
2020,Gm4,Grassland,Secondary-natural,967.0172
2020,Gm5,Grassland,Secondary-natural,96.9132
2020,Gm6,Grassland,Secondary-natural,742.996
2020,Gm7,Grassland,Secondary-natural,0.8404
2020,Gm8,Grassland,Secondary-natural,1853.2448
2020,Gm9,Grassland,Secondary-natural,197.4168
2020,Gs1,Grassland,Secondary-natural,38.0508
2020,Gs10,Grassland,Secondary-natural,673.7232
2020,Gs11,Grassland,Secondary-natural,359.7476
2020,Gs12,Grassland,Secondary-natural,973.1268
2020,Gs13,Grassland,Secondary-natural,86.3768
2020,Gs14,Grassland,Secondary-natural,588.7028
2020,Gs15,Grassland,Secondary-natural,548.3212
2020,Gs16,Grassland,Secondary-natural,141.3016
2020,Gs17,Grassland,Secondary-natural,22.7972
2020,Gs18,Grassland,Secondary-natural,10.85
2020,Gs19,Grassland,Secondary-natural,520.3616
2020,Gs2,Grassland,Secondary-natural,83.0664
2020,Gs20,Grassland,Secondary-natural,993.9796
2020,Gs3,Grassland,Secondary-natural,78.7448
2020,Gs4,Grassland,Secondary-natural,1053.494
2020,Gs6,Grassland,Secondary-natural,829.2524
2020,Gs7,Grassland,Secondary-natural,935.1084
2020,Gs8,Grassland,Secondary-natural,312.3688
2020,Gs9,Grassland,Secondary-natural,820.3416
2020,NKb1,Nama-Karoo,Secondary-natural,4.9896
2020,NKb2,Nama-Karoo,Secondary-natural,0.2208
2020,NKb3,Nama-Karoo,Secondary-natural,52.064
2020,NKb4,Nama-Karoo,Secondary-natural,1.7232
2020,NKb5,Nama-Karoo,Secondary-natural,19.6444
2020,NKb6,Nama-Karoo,Secondary-natural,151.5968
2020,NKl1,Nama-Karoo,Secondary-natural,48.942
2020,NKl2,Nama-Karoo,Secondary-natural,63.8988
2020,NKl4,Nama-Karoo,Secondary-natural,10.9688
2020,NKu1,Nama-Karoo,Secondary-natural,97.6184
2020,NKu2,Nama-Karoo,Secondary-natural,13.2516
2020,NKu3,Nama-Karoo,Secondary-natural,679.8604
2020,NKu4,Nama-Karoo,Secondary-natural,767.6624
2020,NOTVEG,NOTVEG,Secondary-natural,28.4808
2020,SKk1,Succulent Karoo,Secondary-natural,2.3168
2020,SKk2,Succulent Karoo,Secondary-natural,0.4168
2020,SKk3,Succulent Karoo,Secondary-natural,6.9692
2020,SKk4,Succulent Karoo,Secondary-natural,2.0756
2020,SKk5,Succulent Karoo,Secondary-natural,34.0352
2020,SKk6,Succulent Karoo,Secondary-natural,0.514
2020,SKk7,Succulent Karoo,Secondary-natural,11.4056
2020,SKk8,Succulent Karoo,Secondary-natural,0.348
2020,SKk9,Succulent Karoo,Secondary-natural,1.7316
2020,SKn1,Succulent Karoo,Secondary-natural,163.756
2020,SKn2,Succulent Karoo,Secondary-natural,3.186
2020,SKn3,Succulent Karoo,Secondary-natural,134.8576
2020,SKn4,Succulent Karoo,Secondary-natural,190.784
2020,SKn5,Succulent Karoo,Secondary-natural,0.1988
2020,SKn6,Succulent Karoo,Secondary-natural,2.3596
2020,SKn7,Succulent Karoo,Secondary-natural,26.2852
2020,SKr1,Succulent Karoo,Secondary-natural,0.2076
2020,SKr10,Succulent Karoo,Secondary-natural,0.1736
2020,SKr11,Succulent Karoo,Secondary-natural,0.0708
2020,SKr12,Succulent Karoo,Secondary-natural,0.064
2020,SKr13,Succulent Karoo,Secondary-natural,0.2764
2020,SKr14,Succulent Karoo,Secondary-natural,0.1748
2020,SKr15,Succulent Karoo,Secondary-natural,34.982
2020,SKr16,Succulent Karoo,Secondary-natural,0.046
2020,SKr17,Succulent Karoo,Secondary-natural,0.0796
2020,SKr18,Succulent Karoo,Secondary-natural,0.1812
2020,SKr19,Succulent Karoo,Secondary-natural,0.2676
2020,SKr2,Succulent Karoo,Secondary-natural,0.07
2020,SKr3,Succulent Karoo,Secondary-natural,0.0228
2020,SKr4,Succulent Karoo,Secondary-natural,7.1556
2020,SKr5,Succulent Karoo,Secondary-natural,0
2020,SKr6,Succulent Karoo,Secondary-natural,0.006
2020,SKr7,Succulent Karoo,Secondary-natural,0.1436
2020,SKr8,Succulent Karoo,Secondary-natural,0.0044
2020,SKr9,Succulent Karoo,Secondary-natural,0
2020,SKs1,Succulent Karoo,Secondary-natural,13.4412
2020,SKs10,Succulent Karoo,Secondary-natural,2.0504
2020,SKs11,Succulent Karoo,Secondary-natural,0.0368
2020,SKs12,Succulent Karoo,Secondary-natural,30.4172
2020,SKs13,Succulent Karoo,Secondary-natural,22.7944
2020,SKs14,Succulent Karoo,Secondary-natural,41.6028
2020,SKs2,Succulent Karoo,Secondary-natural,2.604
2020,SKs3,Succulent Karoo,Secondary-natural,6.226
2020,SKs4,Succulent Karoo,Secondary-natural,1.62
2020,SKs5,Succulent Karoo,Secondary-natural,0.0276
2020,SKs6,Succulent Karoo,Secondary-natural,0.1736
2020,SKs7,Succulent Karoo,Secondary-natural,221.6952
2020,SKs8,Succulent Karoo,Secondary-natural,29.548
2020,SKs9,Succulent Karoo,Secondary-natural,18.076
2020,SKt1,Succulent Karoo,Secondary-natural,0.0024
2020,SKt2,Succulent Karoo,Secondary-natural,148.0624
2020,SKt3,Succulent Karoo,Secondary-natural,65.9732
2020,SKv1,Succulent Karoo,Secondary-natural,39.9124
2020,SKv10,Succulent Karoo,Secondary-natural,6.2092
2020,SKv11,Succulent Karoo,Secondary-natural,66.7632
2020,SKv13,Succulent Karoo,Secondary-natural,18.6232
2020,SKv14,Succulent Karoo,Secondary-natural,11.3392
2020,SKv2,Succulent Karoo,Secondary-natural,1.6684
2020,SKv3,Succulent Karoo,Secondary-natural,12.1676
2020,SKv4,Succulent Karoo,Secondary-natural,3.4492
2020,SKv5,Succulent Karoo,Secondary-natural,31.5468
2020,SKv6,Succulent Karoo,Secondary-natural,18.8752
2020,SKv7,Succulent Karoo,Secondary-natural,43.3312
2020,SKv8,Succulent Karoo,Secondary-natural,69.8796
2020,SVcb1,Savanna,Secondary-natural,662.8948
2020,SVcb10,Savanna,Secondary-natural,153.8016
2020,SVcb11,Savanna,Secondary-natural,218.8932
2020,SVcb12,Savanna,Secondary-natural,2119.216
2020,SVcb13,Savanna,Secondary-natural,66.9216
2020,SVcb14,Savanna,Secondary-natural,157.624
2020,SVcb15,Savanna,Secondary-natural,1200.63
2020,SVcb16,Savanna,Secondary-natural,934.31
2020,SVcb17,Savanna,Secondary-natural,374.694
2020,SVcb18,Savanna,Secondary-natural,591.9088
2020,SVcb19,Savanna,Secondary-natural,392.0384
2020,SVcb2,Savanna,Secondary-natural,10.5668
2020,SVcb20,Savanna,Secondary-natural,1752.9968
2020,SVcb21,Savanna,Secondary-natural,372.9612
2020,SVcb22,Savanna,Secondary-natural,0.0704
2020,SVcb23,Savanna,Secondary-natural,569.2116
2020,SVcb24,Savanna,Secondary-natural,33.6228
2020,SVcb25,Savanna,Secondary-natural,20.4116
2020,SVcb26,Savanna,Secondary-natural,64.528
2020,SVcb27,Savanna,Secondary-natural,387.2648
2020,SVcb28,Savanna,Secondary-natural,132.3328
2020,SVcb29,Savanna,Secondary-natural,7.2816
2020,SVcb3,Savanna,Secondary-natural,182.3992
2020,SVcb4,Savanna,Secondary-natural,195.8456
2020,SVcb5,Savanna,Secondary-natural,3.4372
2020,SVcb6,Savanna,Secondary-natural,572.6324
2020,SVcb7,Savanna,Secondary-natural,37.1972
2020,SVcb8,Savanna,Secondary-natural,301.2276
2020,SVcb9,Savanna,Secondary-natural,167.9648
2020,SVk1,Savanna,Secondary-natural,1203.6448
2020,SVk10,Savanna,Secondary-natural,108.6812
2020,SVk11,Savanna,Secondary-natural,181.1152
2020,SVk12,Savanna,Secondary-natural,48.02
2020,SVk13,Savanna,Secondary-natural,38.004
2020,SVk14,Savanna,Secondary-natural,8.9452
2020,SVk15,Savanna,Secondary-natural,2.078
2020,SVk16,Savanna,Secondary-natural,8.0192
2020,SVk17,Savanna,Secondary-natural,806.0484
2020,SVk18,Savanna,Secondary-natural,21.9604
2020,SVk2,Savanna,Secondary-natural,351.9464
2020,SVk3,Savanna,Secondary-natural,180.8284
2020,SVk4,Savanna,Secondary-natural,747.75
2020,SVk5,Savanna,Secondary-natural,11.5748
2020,SVk6,Savanna,Secondary-natural,247.0096
2020,SVk7,Savanna,Secondary-natural,87.2192
2020,SVk8,Savanna,Secondary-natural,61.7444
2020,SVk9,Savanna,Secondary-natural,61.7492
2020,SVkd1,Savanna,Secondary-natural,17.0368
2020,SVkd2,Savanna,Secondary-natural,0.428
2020,SVkd3,Savanna,Secondary-natural,0.0896
2020,SVkd4,Savanna,Secondary-natural,0.0448
2020,SVl1,Savanna,Secondary-natural,269.4068
2020,SVl10,Savanna,Secondary-natural,121.4272
2020,SVl11,Savanna,Secondary-natural,5.9244
2020,SVl12,Savanna,Secondary-natural,38.3232
2020,SVl13,Savanna,Secondary-natural,8.6636
2020,SVl14,Savanna,Secondary-natural,150.3636
2020,SVl15,Savanna,Secondary-natural,0.2796
2020,SVl16,Savanna,Secondary-natural,102.0704
2020,SVl17,Savanna,Secondary-natural,16.4228
2020,SVl18,Savanna,Secondary-natural,79.36
2020,SVl19,Savanna,Secondary-natural,7.8224
2020,SVl2,Savanna,Secondary-natural,0.018
2020,SVl20,Savanna,Secondary-natural,324.5552
2020,SVl21,Savanna,Secondary-natural,23.0412
2020,SVl22,Savanna,Secondary-natural,559.6488
2020,SVl23,Savanna,Secondary-natural,1065.9116
2020,SVl24,Savanna,Secondary-natural,164.4592
2020,SVl25,Savanna,Secondary-natural,67.1368
2020,SVl26,Savanna,Secondary-natural,43.2712
2020,SVl27,Savanna,Secondary-natural,38.522
2020,SVl3,Savanna,Secondary-natural,1755.3984
2020,SVl4,Savanna,Secondary-natural,39.2972
2020,SVl5,Savanna,Secondary-natural,64.9872
2020,SVl6,Savanna,Secondary-natural,1.6448
2020,SVl7,Savanna,Secondary-natural,20.1604
2020,SVl8,Savanna,Secondary-natural,542.3592
2020,SVl9,Savanna,Secondary-natural,632.74
2020,SVmp1,Savanna,Secondary-natural,209.8616
2020,SVmp2,Savanna,Secondary-natural,25.0368
2020,SVmp3,Savanna,Secondary-natural,0.1192
2020,SVmp4,Savanna,Secondary-natural,3.454
2020,SVmp5,Savanna,Secondary-natural,365.2156
2020,SVmp6,Savanna,Secondary-natural,488.3896
2020,SVmp7,Savanna,Secondary-natural,56.8244
2020,SVmp8,Savanna,Secondary-natural,0.126
2020,SVs1,Savanna,Secondary-natural,336.8356
2020,SVs2,Savanna,Secondary-natural,280.468
2020,SVs3,Savanna,Secondary-natural,195.5136
2020,SVs4,Savanna,Secondary-natural,112.184
2020,SVs5,Savanna,Secondary-natural,168.01
2020,SVs6,Savanna,Secondary-natural,1534.512
2020,SVs7,Savanna,Secondary-natural,917.2648
2020,SVs8,Savanna,Secondary-natural,164.2196
2022,AT15,Albany Thicket,Secondary-natural,0.0228
2022,AT16,Albany Thicket,Secondary-natural,1.5216
2022,AT17,Albany Thicket,Secondary-natural,47.6384
2022,AT18,Albany Thicket,Secondary-natural,46.7556
2022,AT19,Albany Thicket,Secondary-natural,6.8396
2022,AT20,Albany Thicket,Secondary-natural,2.2448
2022,AT21,Albany Thicket,Secondary-natural,17.9356
2022,AT22,Albany Thicket,Secondary-natural,33.0528
2022,AT23,Albany Thicket,Secondary-natural,22.5308
2022,AT24,Albany Thicket,Secondary-natural,168.8764
2022,AT25,Albany Thicket,Secondary-natural,8.8164
2022,AT26,Albany Thicket,Secondary-natural,2.2564
2022,AT27,Albany Thicket,Secondary-natural,3.5224
2022,AT28,Albany Thicket,Secondary-natural,59.2348
2022,AT29,Albany Thicket,Secondary-natural,5.8052
2022,AT30,Albany Thicket,Secondary-natural,10.9716
2022,AT31,Albany Thicket,Secondary-natural,22.078
2022,AT32,Albany Thicket,Secondary-natural,44.9116
2022,AT33,Albany Thicket,Secondary-natural,2.8392
2022,AT34,Albany Thicket,Secondary-natural,1.668
2022,AT35,Albany Thicket,Secondary-natural,4.3784
2022,AT36,Albany Thicket,Secondary-natural,3.8404
2022,AT37,Albany Thicket,Secondary-natural,16.8064
2022,AT38,Albany Thicket,Secondary-natural,102.0596
2022,AT39,Albany Thicket,Secondary-natural,9.4396
2022,AT40,Albany Thicket,Secondary-natural,47.6636
2022,AT41,Albany Thicket,Secondary-natural,17.4088
2022,AT42,Albany Thicket,Secondary-natural,4.1256
2022,AT43,Albany Thicket,Secondary-natural,8.7552
2022,AT44,Albany Thicket,Secondary-natural,19.9724
2022,AT45,Albany Thicket,Secondary-natural,79.3676
2022,AT46,Albany Thicket,Secondary-natural,6.466
2022,AT47,Albany Thicket,Secondary-natural,9.0408
2022,AT48,Albany Thicket,Secondary-natural,0.76
2022,AT49,Albany Thicket,Secondary-natural,42.2528
2022,AT50,Albany Thicket,Secondary-natural,18.766
2022,AT51,Albany Thicket,Secondary-natural,41.4396
2022,AT52,Albany Thicket,Secondary-natural,4.216
2022,AT53,Albany Thicket,Secondary-natural,2.0232
2022,AT54,Albany Thicket,Secondary-natural,1.0196
2022,AT55,Albany Thicket,Secondary-natural,8.8304
2022,AT56,Albany Thicket,Secondary-natural,65.5988
2022,AT57,Albany Thicket,Secondary-natural,9.2804
2022,AT58,Albany Thicket,Secondary-natural,12.938
2022,AZa1,Azonal,Secondary-natural,0.3704
2022,AZa2,Azonal,Secondary-natural,44.0264
2022,AZa3,Azonal,Secondary-natural,52.944
2022,AZa4,Azonal,Secondary-natural,92.1556
2022,AZa5,Azonal,Secondary-natural,233.212
2022,AZa6,Azonal,Secondary-natural,49.9704
2022,AZa7,Azonal,Secondary-natural,79.8992
2022,AZd1,Azonal,Secondary-natural,0.5792
2022,AZd2,Azonal,Secondary-natural,0.19
2022,AZd3,Azonal,Secondary-natural,2.4112
2022,AZd4,Azonal,Secondary-natural,0.8148
2022,AZi1,Azonal,Secondary-natural,63.3588
2022,AZi3,Azonal,Secondary-natural,13.0784
2022,AZi5,Azonal,Secondary-natural,149.6072
2022,AZi6,Azonal,Secondary-natural,232.488
2022,AZi7,Azonal,Secondary-natural,91.5928
2022,AZi8,Azonal,Secondary-natural,39.9788
2022,AZs3,Azonal,Secondary-natural,0.5816
2022,CB1,IOCB,Secondary-natural,238.5128
2022,CB2,IOCB,Secondary-natural,97.3652
2022,CB3,IOCB,Secondary-natural,549.4732
2022,CB4,IOCB,Secondary-natural,204.3416
2022,CB5,IOCB,Secondary-natural,252.1848
2022,CB6,IOCB,Secondary-natural,263.1172
2022,Dg1,Desert,Secondary-natural,0.0684
2022,Dg10,Desert,Secondary-natural,2.9548
2022,Dg2,Desert,Secondary-natural,0.0176
2022,Dg3,Desert,Secondary-natural,0.0544
2022,Dg4,Desert,Secondary-natural,0.0564
2022,Dg5,Desert,Secondary-natural,0.0628
2022,Dg6,Desert,Secondary-natural,0.0068
2022,Dg7,Desert,Secondary-natural,0.3164
2022,Dg8,Desert,Secondary-natural,0.028
2022,Dg9,Desert,Secondary-natural,7.3652
2022,Dn1,Desert,Secondary-natural,0.524
2022,Dn2,Desert,Secondary-natural,0.092
2022,Dn3,Desert,Secondary-natural,4.1688
2022,Dn4,Desert,Secondary-natural,2.4548
2022,Dn5,Desert,Secondary-natural,2.6576
2022,FFa1,Fynbos,Secondary-natural,22.5992
2022,FFa2,Fynbos,Secondary-natural,66.5596
2022,FFa3,Fynbos,Secondary-natural,75.832
2022,FFa4,Fynbos,Secondary-natural,5.8176
2022,FFb1,Fynbos,Secondary-natural,8.0212
2022,FFb2,Fynbos,Secondary-natural,3.4464
2022,FFb3,Fynbos,Secondary-natural,0.052
2022,FFb4,Fynbos,Secondary-natural,1.9892
2022,FFb5,Fynbos,Secondary-natural,5.0508
2022,FFb6,Fynbos,Secondary-natural,9.504
2022,FFc1,Fynbos,Secondary-natural,100.908
2022,FFd1,Fynbos,Secondary-natural,121.6196
2022,FFd10,Fynbos,Secondary-natural,8.3692
2022,FFd11,Fynbos,Secondary-natural,1.8988
2022,FFd2,Fynbos,Secondary-natural,344.926
2022,FFd3,Fynbos,Secondary-natural,157.5284
2022,FFd4,Fynbos,Secondary-natural,149.5252
2022,FFd5,Fynbos,Secondary-natural,52.0984
2022,FFd6,Fynbos,Secondary-natural,5.4932
2022,FFd7,Fynbos,Secondary-natural,22.7024
2022,FFd8,Fynbos,Secondary-natural,8.4184
2022,FFd9,Fynbos,Secondary-natural,80.6528
2022,FFf1,Fynbos,Secondary-natural,98.3512
2022,FFf2,Fynbos,Secondary-natural,8.7708
2022,FFg1,Fynbos,Secondary-natural,0.1256
2022,FFg2,Fynbos,Secondary-natural,72.2776
2022,FFg3,Fynbos,Secondary-natural,8.45
2022,FFg4,Fynbos,Secondary-natural,1.1208
2022,FFg5,Fynbos,Secondary-natural,61.4604
2022,FFh1,Fynbos,Secondary-natural,63.9516
2022,FFh10,Fynbos,Secondary-natural,2.7188
2022,FFh11,Fynbos,Secondary-natural,1.568
2022,FFh2,Fynbos,Secondary-natural,3.358
2022,FFh3,Fynbos,Secondary-natural,7.1656
2022,FFh4,Fynbos,Secondary-natural,33.9736
2022,FFh5,Fynbos,Secondary-natural,16.6724
2022,FFh6,Fynbos,Secondary-natural,41.2924
2022,FFh7,Fynbos,Secondary-natural,19.77
2022,FFh8,Fynbos,Secondary-natural,24.018
2022,FFh9,Fynbos,Secondary-natural,61.3468
2022,FFl1,Fynbos,Secondary-natural,9.8444
2022,FFl2,Fynbos,Secondary-natural,12.0464
2022,FFl3,Fynbos,Secondary-natural,35.862
2022,FFq1,Fynbos,Secondary-natural,0
2022,FFq2,Fynbos,Secondary-natural,17.0264
2022,FFq3,Fynbos,Secondary-natural,12.5092
2022,FFq4,Fynbos,Secondary-natural,2.316
2022,FFq5,Fynbos,Secondary-natural,0.3664
2022,FFq6,Fynbos,Secondary-natural,7.018
2022,FFs1,Fynbos,Secondary-natural,63.2016
2022,FFs10,Fynbos,Secondary-natural,18.51
2022,FFs11,Fynbos,Secondary-natural,73.9224
2022,FFs12,Fynbos,Secondary-natural,67.0556
2022,FFs13,Fynbos,Secondary-natural,4.5872
2022,FFs14,Fynbos,Secondary-natural,7.404
2022,FFs15,Fynbos,Secondary-natural,36.1136
2022,FFs16,Fynbos,Secondary-natural,14.8416
2022,FFs17,Fynbos,Secondary-natural,3.6244
2022,FFs18,Fynbos,Secondary-natural,57.1428
2022,FFs19,Fynbos,Secondary-natural,125.1648
2022,FFs2,Fynbos,Secondary-natural,99.4892
2022,FFs20,Fynbos,Secondary-natural,120.7388
2022,FFs21,Fynbos,Secondary-natural,0.1448
2022,FFs22,Fynbos,Secondary-natural,2.5152
2022,FFs23,Fynbos,Secondary-natural,3.7252
2022,FFs24,Fynbos,Secondary-natural,1.1852
2022,FFs25,Fynbos,Secondary-natural,1.5024
2022,FFs26,Fynbos,Secondary-natural,5.8316
2022,FFs27,Fynbos,Secondary-natural,74.8452
2022,FFs28,Fynbos,Secondary-natural,124.202
2022,FFs29,Fynbos,Secondary-natural,31.5244
2022,FFs3,Fynbos,Secondary-natural,15.9004
2022,FFs30,Fynbos,Secondary-natural,0.0104
2022,FFs31,Fynbos,Secondary-natural,0.0396
2022,FFs32,Fynbos,Secondary-natural,50.5664
2022,FFs4,Fynbos,Secondary-natural,98.5504
2022,FFs5,Fynbos,Secondary-natural,41.1856
2022,FFs6,Fynbos,Secondary-natural,18.0836
2022,FFs7,Fynbos,Secondary-natural,5.3552
2022,FFs8,Fynbos,Secondary-natural,1.3024
2022,FFs9,Fynbos,Secondary-natural,5.3516
2022,FFt1,Fynbos,Secondary-natural,3.628
2022,FFt2,Fynbos,Secondary-natural,8.3012
2022,FOa1,Forest,Secondary-natural,10.5376
2022,FOa2,Forest,Secondary-natural,20.9288
2022,FOa3,Forest,Secondary-natural,1.2832
2022,FOz1,Forest,Secondary-natural,135.128
2022,FOz2,Forest,Secondary-natural,28.7268
2022,FOz3,Forest,Secondary-natural,170.3876
2022,FOz4,Forest,Secondary-natural,93.4488
2022,FOz5,Forest,Secondary-natural,65.3324
2022,FOz6,Forest,Secondary-natural,13.0572
2022,FOz7,Forest,Secondary-natural,123.71
2022,FOz8,Forest,Secondary-natural,16.1232
2022,FOz9,Forest,Secondary-natural,0.1152
2022,FRa1,Fynbos,Secondary-natural,81.5236
2022,FRa2,Fynbos,Secondary-natural,6.8936
2022,FRc1,Fynbos,Secondary-natural,12.8464
2022,FRc2,Fynbos,Secondary-natural,22.2272
2022,FRd1,Fynbos,Secondary-natural,10.784
2022,FRd2,Fynbos,Secondary-natural,7.3216
2022,FRg1,Fynbos,Secondary-natural,18.6664
2022,FRg2,Fynbos,Secondary-natural,135.1444
2022,FRg3,Fynbos,Secondary-natural,0.2064
2022,FRl1,Fynbos,Secondary-natural,27.8308
2022,FRs1,Fynbos,Secondary-natural,6.8308
2022,FRs10,Fynbos,Secondary-natural,2.3368
2022,FRs11,Fynbos,Secondary-natural,97.4064
2022,FRs12,Fynbos,Secondary-natural,129.306
2022,FRs13,Fynbos,Secondary-natural,238.282
2022,FRs14,Fynbos,Secondary-natural,93.9168
2022,FRs15,Fynbos,Secondary-natural,6.3052
2022,FRs16,Fynbos,Secondary-natural,66.3464
2022,FRs17,Fynbos,Secondary-natural,27.554
2022,FRs18,Fynbos,Secondary-natural,0.0176
2022,FRs19,Fynbos,Secondary-natural,34.1996
2022,FRs2,Fynbos,Secondary-natural,35.192
2022,FRs20,Fynbos,Secondary-natural,6.9988
2022,FRs3,Fynbos,Secondary-natural,35.4044
2022,FRs4,Fynbos,Secondary-natural,83.984
2022,FRs5,Fynbos,Secondary-natural,32.7876
2022,FRs6,Fynbos,Secondary-natural,158.62
2022,FRs7,Fynbos,Secondary-natural,143.1004
2022,FRs8,Fynbos,Secondary-natural,148.5904
2022,FRs9,Fynbos,Secondary-natural,414.086
2022,FS1,Fynbos,Secondary-natural,57.274
2022,FS10,Fynbos,Secondary-natural,2.2504
2022,FS11,Fynbos,Secondary-natural,0.0316
2022,FS12,Fynbos,Secondary-natural,3.9112
2022,FS13,Fynbos,Secondary-natural,0.4888
2022,FS14,Fynbos,Secondary-natural,0.7
2022,FS2,Fynbos,Secondary-natural,31.7308
2022,FS3,Fynbos,Secondary-natural,311.9316
2022,FS4,Fynbos,Secondary-natural,7.2632
2022,FS5,Fynbos,Secondary-natural,20.906
2022,FS6,Fynbos,Secondary-natural,12.9176
2022,FS7,Fynbos,Secondary-natural,1.3856
2022,FS9,Fynbos,Secondary-natural,4.6008
2022,Gd1,Grassland,Secondary-natural,200.7428
2022,Gd10,Grassland,Secondary-natural,0.2284
2022,Gd2,Grassland,Secondary-natural,0.9964
2022,Gd3,Grassland,Secondary-natural,177.5636
2022,Gd4,Grassland,Secondary-natural,142.4144
2022,Gd5,Grassland,Secondary-natural,30.9704
2022,Gd6,Grassland,Secondary-natural,0.0216
2022,Gd7,Grassland,Secondary-natural,0.4428
2022,Gd8,Grassland,Secondary-natural,24.0288
2022,Gh1,Grassland,Secondary-natural,96.866
2022,Gh10,Grassland,Secondary-natural,2121.3272
2022,Gh11,Grassland,Secondary-natural,94.5128
2022,Gh12,Grassland,Secondary-natural,43.116
2022,Gh13,Grassland,Secondary-natural,490.9204
2022,Gh14,Grassland,Secondary-natural,1019.8384
2022,Gh15,Grassland,Secondary-natural,946.4936
2022,Gh2,Grassland,Secondary-natural,390.2952
2022,Gh3,Grassland,Secondary-natural,260.9932
2022,Gh4,Grassland,Secondary-natural,101.6096
2022,Gh5,Grassland,Secondary-natural,299.8928
2022,Gh6,Grassland,Secondary-natural,952.1556
2022,Gh7,Grassland,Secondary-natural,67.9972
2022,Gh8,Grassland,Secondary-natural,4.264
2022,Gh9,Grassland,Secondary-natural,446.3704
2022,Gm1,Grassland,Secondary-natural,199.498
2022,Gm10,Grassland,Secondary-natural,140.5216
2022,Gm11,Grassland,Secondary-natural,1529.2128
2022,Gm12,Grassland,Secondary-natural,2560.904
2022,Gm13,Grassland,Secondary-natural,551.5128
2022,Gm14,Grassland,Secondary-natural,269.3416
2022,Gm15,Grassland,Secondary-natural,478.6024
2022,Gm16,Grassland,Secondary-natural,675.2784
2022,Gm17,Grassland,Secondary-natural,50.6808
2022,Gm19,Grassland,Secondary-natural,207.8852
2022,Gm2,Grassland,Secondary-natural,17.0876
2022,Gm20,Grassland,Secondary-natural,0.3872
2022,Gm21,Grassland,Secondary-natural,120.3844
2022,Gm22,Grassland,Secondary-natural,83.7248
2022,Gm23,Grassland,Secondary-natural,97.7896
2022,Gm24,Grassland,Secondary-natural,0.4604
2022,Gm25,Grassland,Secondary-natural,28.9516
2022,Gm26,Grassland,Secondary-natural,4.338
2022,Gm27,Grassland,Secondary-natural,5.4808
2022,Gm28,Grassland,Secondary-natural,0.7276
2022,Gm29,Grassland,Secondary-natural,10.4452
2022,Gm3,Grassland,Secondary-natural,1179.7832
2022,Gm30,Grassland,Secondary-natural,330.0268
2022,Gm31,Grassland,Secondary-natural,55.276
2022,Gm4,Grassland,Secondary-natural,957.1712
2022,Gm5,Grassland,Secondary-natural,96.6948
2022,Gm6,Grassland,Secondary-natural,645.3192
2022,Gm7,Grassland,Secondary-natural,0.8112
2022,Gm8,Grassland,Secondary-natural,1846.9692
2022,Gm9,Grassland,Secondary-natural,196.8308
2022,Gs1,Grassland,Secondary-natural,36.0488
2022,Gs10,Grassland,Secondary-natural,662.8196
2022,Gs11,Grassland,Secondary-natural,358.2124
2022,Gs12,Grassland,Secondary-natural,970.792
2022,Gs13,Grassland,Secondary-natural,83.15
2022,Gs14,Grassland,Secondary-natural,590.3324
2022,Gs15,Grassland,Secondary-natural,545.5532
2022,Gs16,Grassland,Secondary-natural,143.5576
2022,Gs17,Grassland,Secondary-natural,22.0076
2022,Gs18,Grassland,Secondary-natural,11.238
2022,Gs19,Grassland,Secondary-natural,522.2756
2022,Gs2,Grassland,Secondary-natural,82.5932
2022,Gs20,Grassland,Secondary-natural,1013.0776
2022,Gs3,Grassland,Secondary-natural,76.2248
2022,Gs4,Grassland,Secondary-natural,1042.2728
2022,Gs6,Grassland,Secondary-natural,830.7132
2022,Gs7,Grassland,Secondary-natural,937.0984
2022,Gs8,Grassland,Secondary-natural,302.3748
2022,Gs9,Grassland,Secondary-natural,808.5232
2022,NKb1,Nama-Karoo,Secondary-natural,6.3412
2022,NKb2,Nama-Karoo,Secondary-natural,0.2916
2022,NKb3,Nama-Karoo,Secondary-natural,78.6436
2022,NKb4,Nama-Karoo,Secondary-natural,2.8532
2022,NKb5,Nama-Karoo,Secondary-natural,25.4316
2022,NKb6,Nama-Karoo,Secondary-natural,151.004
2022,NKl1,Nama-Karoo,Secondary-natural,52.0812
2022,NKl2,Nama-Karoo,Secondary-natural,58.7208
2022,NKl4,Nama-Karoo,Secondary-natural,10.7276
2022,NKu1,Nama-Karoo,Secondary-natural,103.7696
2022,NKu2,Nama-Karoo,Secondary-natural,13.94
2022,NKu3,Nama-Karoo,Secondary-natural,706.0236
2022,NKu4,Nama-Karoo,Secondary-natural,742.2748
2022,NOTVEG,NOTVEG,Secondary-natural,28.954
2022,SKk1,Succulent Karoo,Secondary-natural,2.534
2022,SKk2,Succulent Karoo,Secondary-natural,0.4268
2022,SKk3,Succulent Karoo,Secondary-natural,7.04
2022,SKk4,Succulent Karoo,Secondary-natural,2.0836
2022,SKk5,Succulent Karoo,Secondary-natural,32.9472
2022,SKk6,Succulent Karoo,Secondary-natural,0.556
2022,SKk7,Succulent Karoo,Secondary-natural,12.2756
2022,SKk8,Succulent Karoo,Secondary-natural,0.35
2022,SKk9,Succulent Karoo,Secondary-natural,1.7836
2022,SKn1,Succulent Karoo,Secondary-natural,165.878
2022,SKn2,Succulent Karoo,Secondary-natural,3.3812
2022,SKn3,Succulent Karoo,Secondary-natural,137.7476
2022,SKn4,Succulent Karoo,Secondary-natural,193.1132
2022,SKn5,Succulent Karoo,Secondary-natural,1.1996
2022,SKn6,Succulent Karoo,Secondary-natural,2.3876
2022,SKn7,Succulent Karoo,Secondary-natural,26.3076
2022,SKr1,Succulent Karoo,Secondary-natural,0.2392
2022,SKr10,Succulent Karoo,Secondary-natural,0.2252
2022,SKr11,Succulent Karoo,Secondary-natural,0.084
2022,SKr12,Succulent Karoo,Secondary-natural,0.1088
2022,SKr13,Succulent Karoo,Secondary-natural,0.3468
2022,SKr14,Succulent Karoo,Secondary-natural,0.2072
2022,SKr15,Succulent Karoo,Secondary-natural,34.992
2022,SKr16,Succulent Karoo,Secondary-natural,0.096
2022,SKr17,Succulent Karoo,Secondary-natural,0.2244
2022,SKr18,Succulent Karoo,Secondary-natural,1.2172
2022,SKr19,Succulent Karoo,Secondary-natural,0.5796
2022,SKr2,Succulent Karoo,Secondary-natural,0.0772
2022,SKr3,Succulent Karoo,Secondary-natural,0.0196
2022,SKr4,Succulent Karoo,Secondary-natural,7.1572
2022,SKr5,Succulent Karoo,Secondary-natural,0
2022,SKr6,Succulent Karoo,Secondary-natural,0.0456
2022,SKr7,Succulent Karoo,Secondary-natural,0.0816
2022,SKr8,Succulent Karoo,Secondary-natural,0.0204
2022,SKr9,Succulent Karoo,Secondary-natural,0
2022,SKs1,Succulent Karoo,Secondary-natural,15.8712
2022,SKs10,Succulent Karoo,Secondary-natural,2.1276
2022,SKs11,Succulent Karoo,Secondary-natural,0.1152
2022,SKs12,Succulent Karoo,Secondary-natural,30.5684
2022,SKs13,Succulent Karoo,Secondary-natural,22.8636
2022,SKs14,Succulent Karoo,Secondary-natural,41.4676
2022,SKs2,Succulent Karoo,Secondary-natural,2.216
2022,SKs3,Succulent Karoo,Secondary-natural,4.1596
2022,SKs4,Succulent Karoo,Secondary-natural,1.6332
2022,SKs5,Succulent Karoo,Secondary-natural,0.0196
2022,SKs6,Succulent Karoo,Secondary-natural,0.0632
2022,SKs7,Succulent Karoo,Secondary-natural,219.4792
2022,SKs8,Succulent Karoo,Secondary-natural,25.4496
2022,SKs9,Succulent Karoo,Secondary-natural,18.1984
2022,SKt1,Succulent Karoo,Secondary-natural,0.0864
2022,SKt2,Succulent Karoo,Secondary-natural,147.9216
2022,SKt3,Succulent Karoo,Secondary-natural,64.3328
2022,SKv1,Succulent Karoo,Secondary-natural,39.304
2022,SKv10,Succulent Karoo,Secondary-natural,6.2244
2022,SKv11,Succulent Karoo,Secondary-natural,66.4828
2022,SKv13,Succulent Karoo,Secondary-natural,16.432
2022,SKv14,Succulent Karoo,Secondary-natural,11.0984
2022,SKv2,Succulent Karoo,Secondary-natural,1.7084
2022,SKv3,Succulent Karoo,Secondary-natural,12.1904
2022,SKv4,Succulent Karoo,Secondary-natural,3.5484
2022,SKv5,Succulent Karoo,Secondary-natural,31.4724
2022,SKv6,Succulent Karoo,Secondary-natural,19.0248
2022,SKv7,Succulent Karoo,Secondary-natural,43.302
2022,SKv8,Succulent Karoo,Secondary-natural,70.1688
2022,SVcb1,Savanna,Secondary-natural,661.012
2022,SVcb10,Savanna,Secondary-natural,158.91
2022,SVcb11,Savanna,Secondary-natural,216.6908
2022,SVcb12,Savanna,Secondary-natural,2117.1008
2022,SVcb13,Savanna,Secondary-natural,68.3244
2022,SVcb14,Savanna,Secondary-natural,157.338
2022,SVcb15,Savanna,Secondary-natural,1192.388
2022,SVcb16,Savanna,Secondary-natural,943.4928
2022,SVcb17,Savanna,Secondary-natural,377.3332
2022,SVcb18,Savanna,Secondary-natural,568.8996
2022,SVcb19,Savanna,Secondary-natural,387.902
2022,SVcb2,Savanna,Secondary-natural,11.1124
2022,SVcb20,Savanna,Secondary-natural,1573.792
2022,SVcb21,Savanna,Secondary-natural,359.2716
2022,SVcb22,Savanna,Secondary-natural,0.0704
2022,SVcb23,Savanna,Secondary-natural,567.6872
2022,SVcb24,Savanna,Secondary-natural,33.0848
2022,SVcb25,Savanna,Secondary-natural,19.1644
2022,SVcb26,Savanna,Secondary-natural,62.144
2022,SVcb27,Savanna,Secondary-natural,344.934
2022,SVcb28,Savanna,Secondary-natural,126.632
2022,SVcb29,Savanna,Secondary-natural,7.424
2022,SVcb3,Savanna,Secondary-natural,183.6424
2022,SVcb4,Savanna,Secondary-natural,198.9152
2022,SVcb5,Savanna,Secondary-natural,3.5572
2022,SVcb6,Savanna,Secondary-natural,570.6208
2022,SVcb7,Savanna,Secondary-natural,38.2276
2022,SVcb8,Savanna,Secondary-natural,300.1768
2022,SVcb9,Savanna,Secondary-natural,168.5156
2022,SVk1,Savanna,Secondary-natural,1210.3804
2022,SVk10,Savanna,Secondary-natural,115.444
2022,SVk11,Savanna,Secondary-natural,187.6952
2022,SVk12,Savanna,Secondary-natural,75.6032
2022,SVk13,Savanna,Secondary-natural,53.5316
2022,SVk14,Savanna,Secondary-natural,18.0532
2022,SVk15,Savanna,Secondary-natural,2.2976
2022,SVk16,Savanna,Secondary-natural,9.2664
2022,SVk17,Savanna,Secondary-natural,821.194
2022,SVk18,Savanna,Secondary-natural,25.3336
2022,SVk2,Savanna,Secondary-natural,347.0108
2022,SVk3,Savanna,Secondary-natural,187.638
2022,SVk4,Savanna,Secondary-natural,823.05
2022,SVk5,Savanna,Secondary-natural,16.8372
2022,SVk6,Savanna,Secondary-natural,288.4944
2022,SVk7,Savanna,Secondary-natural,97.8516
2022,SVk8,Savanna,Secondary-natural,65.6516
2022,SVk9,Savanna,Secondary-natural,72.3692
2022,SVkd1,Savanna,Secondary-natural,26.5648
2022,SVkd2,Savanna,Secondary-natural,1.806
2022,SVkd3,Savanna,Secondary-natural,0.2644
2022,SVkd4,Savanna,Secondary-natural,0.1196
2022,SVl1,Savanna,Secondary-natural,255.972
2022,SVl10,Savanna,Secondary-natural,133.098
2022,SVl11,Savanna,Secondary-natural,7.152
2022,SVl12,Savanna,Secondary-natural,38.0096
2022,SVl13,Savanna,Secondary-natural,8.6136
2022,SVl14,Savanna,Secondary-natural,152.9656
2022,SVl15,Savanna,Secondary-natural,0.7772
2022,SVl16,Savanna,Secondary-natural,104.57
2022,SVl17,Savanna,Secondary-natural,16.9632
2022,SVl18,Savanna,Secondary-natural,82.858
2022,SVl19,Savanna,Secondary-natural,8.5528
2022,SVl2,Savanna,Secondary-natural,0.0208
2022,SVl20,Savanna,Secondary-natural,294.8392
2022,SVl21,Savanna,Secondary-natural,24.0604
2022,SVl22,Savanna,Secondary-natural,566.394
2022,SVl23,Savanna,Secondary-natural,1084.6856
2022,SVl24,Savanna,Secondary-natural,165.5536
2022,SVl25,Savanna,Secondary-natural,67.3404
2022,SVl26,Savanna,Secondary-natural,43.1644
2022,SVl27,Savanna,Secondary-natural,38.116
2022,SVl3,Savanna,Secondary-natural,1574.0748
2022,SVl4,Savanna,Secondary-natural,38.714
2022,SVl5,Savanna,Secondary-natural,79.8916
2022,SVl6,Savanna,Secondary-natural,1.2516
2022,SVl7,Savanna,Secondary-natural,19.094
2022,SVl8,Savanna,Secondary-natural,499.974
2022,SVl9,Savanna,Secondary-natural,613.3504
2022,SVmp1,Savanna,Secondary-natural,210.704
2022,SVmp2,Savanna,Secondary-natural,25.8288
2022,SVmp3,Savanna,Secondary-natural,0.1308
2022,SVmp4,Savanna,Secondary-natural,3.4984
2022,SVmp5,Savanna,Secondary-natural,297.0032
2022,SVmp6,Savanna,Secondary-natural,373.8728
2022,SVmp7,Savanna,Secondary-natural,54.184
2022,SVmp8,Savanna,Secondary-natural,0.1172
2022,SVs1,Savanna,Secondary-natural,369.226
2022,SVs2,Savanna,Secondary-natural,296.6252
2022,SVs3,Savanna,Secondary-natural,205.9224
2022,SVs4,Savanna,Secondary-natural,118.2264
2022,SVs5,Savanna,Secondary-natural,165.7024
2022,SVs6,Savanna,Secondary-natural,1587.1588
2022,SVs7,Savanna,Secondary-natural,953.1172
2022,SVs8,Savanna,Secondary-natural,168.6356
1990,AT15,Albany Thicket,Artificial-waterbody,0.0036
1990,AT16,Albany Thicket,Artificial-waterbody,0.3004
1990,AT17,Albany Thicket,Artificial-waterbody,2.0148
1990,AT18,Albany Thicket,Artificial-waterbody,1.6156
1990,AT19,Albany Thicket,Artificial-waterbody,4.4232
1990,AT20,Albany Thicket,Artificial-waterbody,0.052
1990,AT21,Albany Thicket,Artificial-waterbody,10.5844
1990,AT22,Albany Thicket,Artificial-waterbody,4.1908
1990,AT23,Albany Thicket,Artificial-waterbody,0.448
1990,AT24,Albany Thicket,Artificial-waterbody,7.3772
1990,AT25,Albany Thicket,Artificial-waterbody,5.0428
1990,AT26,Albany Thicket,Artificial-waterbody,0.086
1990,AT27,Albany Thicket,Artificial-waterbody,0.9876
1990,AT28,Albany Thicket,Artificial-waterbody,3.4572
1990,AT29,Albany Thicket,Artificial-waterbody,2.0096
1990,AT30,Albany Thicket,Artificial-waterbody,2.6184
1990,AT31,Albany Thicket,Artificial-waterbody,0.212
1990,AT32,Albany Thicket,Artificial-waterbody,12.8404
1990,AT33,Albany Thicket,Artificial-waterbody,1.5208
1990,AT34,Albany Thicket,Artificial-waterbody,0.5796
1990,AT35,Albany Thicket,Artificial-waterbody,0.0032
1990,AT36,Albany Thicket,Artificial-waterbody,0.0148
1990,AT37,Albany Thicket,Artificial-waterbody,0.2388
1990,AT38,Albany Thicket,Artificial-waterbody,3.8488
1990,AT39,Albany Thicket,Artificial-waterbody,0.048
1990,AT40,Albany Thicket,Artificial-waterbody,0.4572
1990,AT41,Albany Thicket,Artificial-waterbody,0.3756
1990,AT42,Albany Thicket,Artificial-waterbody,0.1072
1990,AT43,Albany Thicket,Artificial-waterbody,2.1384
1990,AT44,Albany Thicket,Artificial-waterbody,0.386
1990,AT45,Albany Thicket,Artificial-waterbody,1.7512
1990,AT46,Albany Thicket,Artificial-waterbody,2.4376
1990,AT47,Albany Thicket,Artificial-waterbody,3.5148
1990,AT48,Albany Thicket,Artificial-waterbody,0.0048
1990,AT49,Albany Thicket,Artificial-waterbody,47.038
1990,AT50,Albany Thicket,Artificial-waterbody,1.0312
1990,AT51,Albany Thicket,Artificial-waterbody,4.1988
1990,AT52,Albany Thicket,Artificial-waterbody,0.0036
1990,AT53,Albany Thicket,Artificial-waterbody,0.0648
1990,AT54,Albany Thicket,Artificial-waterbody,0.8384
1990,AT55,Albany Thicket,Artificial-waterbody,2.3236
1990,AT56,Albany Thicket,Artificial-waterbody,2.3056
1990,AT57,Albany Thicket,Artificial-waterbody,0.1972
1990,AT58,Albany Thicket,Artificial-waterbody,8.1824
1990,AZa1,Azonal,Artificial-waterbody,0.0012
1990,AZa2,Azonal,Artificial-waterbody,3.4604
1990,AZa3,Azonal,Artificial-waterbody,2.5
1990,AZa4,Azonal,Artificial-waterbody,6.7148
1990,AZa5,Azonal,Artificial-waterbody,275.664
1990,AZa6,Azonal,Artificial-waterbody,5.2532
1990,AZa7,Azonal,Artificial-waterbody,7.0156
1990,AZd1,Azonal,Artificial-waterbody,0.1072
1990,AZd2,Azonal,Artificial-waterbody,0.008
1990,AZd3,Azonal,Artificial-waterbody,0.0044
1990,AZd4,Azonal,Artificial-waterbody,0
1990,AZi1,Azonal,Artificial-waterbody,2.8508
1990,AZi3,Azonal,Artificial-waterbody,0.038
1990,AZi5,Azonal,Artificial-waterbody,22.8324
1990,AZi6,Azonal,Artificial-waterbody,118.2772
1990,AZi7,Azonal,Artificial-waterbody,11.8596
1990,AZi8,Azonal,Artificial-waterbody,4.4896
1990,AZs3,Azonal,Artificial-waterbody,0.0588
1990,CB1,IOCB,Artificial-waterbody,1.4172
1990,CB2,IOCB,Artificial-waterbody,0.088
1990,CB3,IOCB,Artificial-waterbody,11.7972
1990,CB4,IOCB,Artificial-waterbody,2.1708
1990,CB5,IOCB,Artificial-waterbody,0.1732
1990,CB6,IOCB,Artificial-waterbody,0.616
1990,Dg1,Desert,Artificial-waterbody,0
1990,Dg10,Desert,Artificial-waterbody,0.0484
1990,Dg2,Desert,Artificial-waterbody,0
1990,Dg3,Desert,Artificial-waterbody,0
1990,Dg4,Desert,Artificial-waterbody,0.0268
1990,Dg5,Desert,Artificial-waterbody,0
1990,Dg6,Desert,Artificial-waterbody,0
1990,Dg7,Desert,Artificial-waterbody,0.0096
1990,Dg8,Desert,Artificial-waterbody,0
1990,Dg9,Desert,Artificial-waterbody,0.068
1990,Dn1,Desert,Artificial-waterbody,0
1990,Dn2,Desert,Artificial-waterbody,0
1990,Dn3,Desert,Artificial-waterbody,0.0152
1990,Dn4,Desert,Artificial-waterbody,0.0132
1990,Dn5,Desert,Artificial-waterbody,0.6444
1990,FFa1,Fynbos,Artificial-waterbody,12.7092
1990,FFa2,Fynbos,Artificial-waterbody,7.6088
1990,FFa3,Fynbos,Artificial-waterbody,23.7976
1990,FFa4,Fynbos,Artificial-waterbody,0.7004
1990,FFb1,Fynbos,Artificial-waterbody,1.0036
1990,FFb2,Fynbos,Artificial-waterbody,0.0868
1990,FFb3,Fynbos,Artificial-waterbody,0
1990,FFb4,Fynbos,Artificial-waterbody,0.012
1990,FFb5,Fynbos,Artificial-waterbody,0.1668
1990,FFb6,Fynbos,Artificial-waterbody,1.4816
1990,FFc1,Fynbos,Artificial-waterbody,4.11
1990,FFd1,Fynbos,Artificial-waterbody,0.016
1990,FFd10,Fynbos,Artificial-waterbody,0.2536
1990,FFd11,Fynbos,Artificial-waterbody,0.1032
1990,FFd2,Fynbos,Artificial-waterbody,2.9592
1990,FFd3,Fynbos,Artificial-waterbody,1.1856
1990,FFd4,Fynbos,Artificial-waterbody,2.712
1990,FFd5,Fynbos,Artificial-waterbody,6.7224
1990,FFd6,Fynbos,Artificial-waterbody,0.356
1990,FFd7,Fynbos,Artificial-waterbody,0.1072
1990,FFd8,Fynbos,Artificial-waterbody,39.5724
1990,FFd9,Fynbos,Artificial-waterbody,0.342
1990,FFf1,Fynbos,Artificial-waterbody,4.1984
1990,FFf2,Fynbos,Artificial-waterbody,0.0216
1990,FFg1,Fynbos,Artificial-waterbody,0
1990,FFg2,Fynbos,Artificial-waterbody,6.9188
1990,FFg3,Fynbos,Artificial-waterbody,0.2152
1990,FFg4,Fynbos,Artificial-waterbody,0.1308
1990,FFg5,Fynbos,Artificial-waterbody,8.7028
1990,FFh1,Fynbos,Artificial-waterbody,17.2104
1990,FFh10,Fynbos,Artificial-waterbody,0.0996
1990,FFh11,Fynbos,Artificial-waterbody,0.0272
1990,FFh2,Fynbos,Artificial-waterbody,0.1196
1990,FFh3,Fynbos,Artificial-waterbody,0.4656
1990,FFh4,Fynbos,Artificial-waterbody,3.9028
1990,FFh5,Fynbos,Artificial-waterbody,1.1588
1990,FFh6,Fynbos,Artificial-waterbody,40.312
1990,FFh7,Fynbos,Artificial-waterbody,1.2924
1990,FFh8,Fynbos,Artificial-waterbody,1.274
1990,FFh9,Fynbos,Artificial-waterbody,6.6876
1990,FFl1,Fynbos,Artificial-waterbody,0.2056
1990,FFl2,Fynbos,Artificial-waterbody,0.0304
1990,FFl3,Fynbos,Artificial-waterbody,0.0592
1990,FFq1,Fynbos,Artificial-waterbody,0
1990,FFq2,Fynbos,Artificial-waterbody,0.956
1990,FFq3,Fynbos,Artificial-waterbody,0.7112
1990,FFq4,Fynbos,Artificial-waterbody,0.844
1990,FFq5,Fynbos,Artificial-waterbody,0.2412
1990,FFq6,Fynbos,Artificial-waterbody,0.54
1990,FFs1,Fynbos,Artificial-waterbody,0.6324
1990,FFs10,Fynbos,Artificial-waterbody,2.5328
1990,FFs11,Fynbos,Artificial-waterbody,9.446
1990,FFs12,Fynbos,Artificial-waterbody,1.3428
1990,FFs13,Fynbos,Artificial-waterbody,0.2868
1990,FFs14,Fynbos,Artificial-waterbody,0.658
1990,FFs15,Fynbos,Artificial-waterbody,1.8896
1990,FFs16,Fynbos,Artificial-waterbody,0.3124
1990,FFs17,Fynbos,Artificial-waterbody,0.0032
1990,FFs18,Fynbos,Artificial-waterbody,3.7396
1990,FFs19,Fynbos,Artificial-waterbody,3.85
1990,FFs2,Fynbos,Artificial-waterbody,2.5348
1990,FFs20,Fynbos,Artificial-waterbody,16.136
1990,FFs21,Fynbos,Artificial-waterbody,0.0172
1990,FFs22,Fynbos,Artificial-waterbody,0.0528
1990,FFs23,Fynbos,Artificial-waterbody,0.1892
1990,FFs24,Fynbos,Artificial-waterbody,0.2512
1990,FFs25,Fynbos,Artificial-waterbody,0.1288
1990,FFs26,Fynbos,Artificial-waterbody,0.2056
1990,FFs27,Fynbos,Artificial-waterbody,2.1188
1990,FFs28,Fynbos,Artificial-waterbody,5.902
1990,FFs29,Fynbos,Artificial-waterbody,1.0888
1990,FFs3,Fynbos,Artificial-waterbody,0.0704
1990,FFs30,Fynbos,Artificial-waterbody,0
1990,FFs31,Fynbos,Artificial-waterbody,0
1990,FFs32,Fynbos,Artificial-waterbody,0.2024
1990,FFs4,Fynbos,Artificial-waterbody,4.2748
1990,FFs5,Fynbos,Artificial-waterbody,6.3756
1990,FFs6,Fynbos,Artificial-waterbody,1.6168
1990,FFs7,Fynbos,Artificial-waterbody,2.4748
1990,FFs8,Fynbos,Artificial-waterbody,0.2468
1990,FFs9,Fynbos,Artificial-waterbody,0.7576
1990,FFt1,Fynbos,Artificial-waterbody,0.2636
1990,FFt2,Fynbos,Artificial-waterbody,0.1484
1990,FOa1,Forest,Artificial-waterbody,0.0684
1990,FOa2,Forest,Artificial-waterbody,0.0172
1990,FOa3,Forest,Artificial-waterbody,0
1990,FOz1,Forest,Artificial-waterbody,0.62
1990,FOz2,Forest,Artificial-waterbody,0.0264
1990,FOz3,Forest,Artificial-waterbody,0.0896
1990,FOz4,Forest,Artificial-waterbody,0.0112
1990,FOz5,Forest,Artificial-waterbody,0.06
1990,FOz6,Forest,Artificial-waterbody,0.0132
1990,FOz7,Forest,Artificial-waterbody,0.0908
1990,FOz8,Forest,Artificial-waterbody,0
1990,FOz9,Forest,Artificial-waterbody,0.0012
1990,FRa1,Fynbos,Artificial-waterbody,13.8916
1990,FRa2,Fynbos,Artificial-waterbody,0.074
1990,FRc1,Fynbos,Artificial-waterbody,0.5332
1990,FRc2,Fynbos,Artificial-waterbody,0.5224
1990,FRd1,Fynbos,Artificial-waterbody,0.9908
1990,FRd2,Fynbos,Artificial-waterbody,0.6492
1990,FRg1,Fynbos,Artificial-waterbody,0.2564
1990,FRg2,Fynbos,Artificial-waterbody,9.9428
1990,FRg3,Fynbos,Artificial-waterbody,0.0068
1990,FRl1,Fynbos,Artificial-waterbody,2.448
1990,FRs1,Fynbos,Artificial-waterbody,0.0348
1990,FRs10,Fynbos,Artificial-waterbody,0.0756
1990,FRs11,Fynbos,Artificial-waterbody,28.7508
1990,FRs12,Fynbos,Artificial-waterbody,3.2108
1990,FRs13,Fynbos,Artificial-waterbody,6.3568
1990,FRs14,Fynbos,Artificial-waterbody,2.7252
1990,FRs15,Fynbos,Artificial-waterbody,0.5512
1990,FRs16,Fynbos,Artificial-waterbody,5.462
1990,FRs17,Fynbos,Artificial-waterbody,8.3072
1990,FRs18,Fynbos,Artificial-waterbody,0.002
1990,FRs19,Fynbos,Artificial-waterbody,7.6436
1990,FRs2,Fynbos,Artificial-waterbody,0.2704
1990,FRs20,Fynbos,Artificial-waterbody,1.0652
1990,FRs3,Fynbos,Artificial-waterbody,8.0224
1990,FRs4,Fynbos,Artificial-waterbody,16.5228
1990,FRs5,Fynbos,Artificial-waterbody,1.0756
1990,FRs6,Fynbos,Artificial-waterbody,11.4788
1990,FRs7,Fynbos,Artificial-waterbody,13.3812
1990,FRs8,Fynbos,Artificial-waterbody,10.6208
1990,FRs9,Fynbos,Artificial-waterbody,30.0036
1990,FS1,Fynbos,Artificial-waterbody,0.0988
1990,FS10,Fynbos,Artificial-waterbody,0.2324
1990,FS11,Fynbos,Artificial-waterbody,8.00E-04
1990,FS12,Fynbos,Artificial-waterbody,0.0712
1990,FS13,Fynbos,Artificial-waterbody,0
1990,FS14,Fynbos,Artificial-waterbody,0
1990,FS2,Fynbos,Artificial-waterbody,0.056
1990,FS3,Fynbos,Artificial-waterbody,0.8792
1990,FS4,Fynbos,Artificial-waterbody,0
1990,FS5,Fynbos,Artificial-waterbody,0.106
1990,FS6,Fynbos,Artificial-waterbody,7.4852
1990,FS7,Fynbos,Artificial-waterbody,0.0096
1990,FS9,Fynbos,Artificial-waterbody,0.1992
1990,Gd1,Grassland,Artificial-waterbody,19.1648
1990,Gd10,Grassland,Artificial-waterbody,0
1990,Gd2,Grassland,Artificial-waterbody,0.0856
1990,Gd3,Grassland,Artificial-waterbody,27.2428
1990,Gd4,Grassland,Artificial-waterbody,7.0816
1990,Gd5,Grassland,Artificial-waterbody,4.3008
1990,Gd6,Grassland,Artificial-waterbody,0
1990,Gd7,Grassland,Artificial-waterbody,0.2412
1990,Gd8,Grassland,Artificial-waterbody,0.7932
1990,Gh1,Grassland,Artificial-waterbody,28.5256
1990,Gh10,Grassland,Artificial-waterbody,96.2168
1990,Gh11,Grassland,Artificial-waterbody,5.7056
1990,Gh12,Grassland,Artificial-waterbody,3.2332
1990,Gh13,Grassland,Artificial-waterbody,11.3936
1990,Gh14,Grassland,Artificial-waterbody,6.7616
1990,Gh15,Grassland,Artificial-waterbody,18.5348
1990,Gh2,Grassland,Artificial-waterbody,108.4308
1990,Gh3,Grassland,Artificial-waterbody,286.7972
1990,Gh4,Grassland,Artificial-waterbody,189.7972
1990,Gh5,Grassland,Artificial-waterbody,16.868
1990,Gh6,Grassland,Artificial-waterbody,167.9476
1990,Gh7,Grassland,Artificial-waterbody,8.1836
1990,Gh8,Grassland,Artificial-waterbody,0.2272
1990,Gh9,Grassland,Artificial-waterbody,29.3588
1990,Gm1,Grassland,Artificial-waterbody,27.682
1990,Gm10,Grassland,Artificial-waterbody,7.2996
1990,Gm11,Grassland,Artificial-waterbody,77.608
1990,Gm12,Grassland,Artificial-waterbody,164.4008
1990,Gm13,Grassland,Artificial-waterbody,14.87
1990,Gm14,Grassland,Artificial-waterbody,19.2392
1990,Gm15,Grassland,Artificial-waterbody,6.8456
1990,Gm16,Grassland,Artificial-waterbody,23.3388
1990,Gm17,Grassland,Artificial-waterbody,1.1628
1990,Gm19,Grassland,Artificial-waterbody,3.9028
1990,Gm2,Grassland,Artificial-waterbody,1.2112
1990,Gm20,Grassland,Artificial-waterbody,0
1990,Gm21,Grassland,Artificial-waterbody,16.4764
1990,Gm22,Grassland,Artificial-waterbody,0.274
1990,Gm23,Grassland,Artificial-waterbody,0.2652
1990,Gm24,Grassland,Artificial-waterbody,0
1990,Gm25,Grassland,Artificial-waterbody,5.4732
1990,Gm26,Grassland,Artificial-waterbody,0.0128
1990,Gm27,Grassland,Artificial-waterbody,0.0532
1990,Gm28,Grassland,Artificial-waterbody,0.0024
1990,Gm29,Grassland,Artificial-waterbody,0.284
1990,Gm3,Grassland,Artificial-waterbody,113.6396
1990,Gm30,Grassland,Artificial-waterbody,14.1888
1990,Gm31,Grassland,Artificial-waterbody,0.3224
1990,Gm4,Grassland,Artificial-waterbody,123.7392
1990,Gm5,Grassland,Artificial-waterbody,4.1996
1990,Gm6,Grassland,Artificial-waterbody,336.5252
1990,Gm7,Grassland,Artificial-waterbody,0.0384
1990,Gm8,Grassland,Artificial-waterbody,153.1596
1990,Gm9,Grassland,Artificial-waterbody,10.9032
1990,Gs1,Grassland,Artificial-waterbody,2.0616
1990,Gs10,Grassland,Artificial-waterbody,28.4624
1990,Gs11,Grassland,Artificial-waterbody,19.862
1990,Gs12,Grassland,Artificial-waterbody,22.6592
1990,Gs13,Grassland,Artificial-waterbody,4.282
1990,Gs14,Grassland,Artificial-waterbody,7.1568
1990,Gs15,Grassland,Artificial-waterbody,62.6264
1990,Gs16,Grassland,Artificial-waterbody,33.4836
1990,Gs17,Grassland,Artificial-waterbody,8.622
1990,Gs18,Grassland,Artificial-waterbody,6.0512
1990,Gs19,Grassland,Artificial-waterbody,28.8348
1990,Gs2,Grassland,Artificial-waterbody,0.3668
1990,Gs20,Grassland,Artificial-waterbody,8.0672
1990,Gs3,Grassland,Artificial-waterbody,8.2
1990,Gs4,Grassland,Artificial-waterbody,115.514
1990,Gs6,Grassland,Artificial-waterbody,45.5952
1990,Gs7,Grassland,Artificial-waterbody,17.8008
1990,Gs8,Grassland,Artificial-waterbody,36.5312
1990,Gs9,Grassland,Artificial-waterbody,25.7932
1990,NKb1,Nama-Karoo,Artificial-waterbody,0.5952
1990,NKb2,Nama-Karoo,Artificial-waterbody,0.046
1990,NKb3,Nama-Karoo,Artificial-waterbody,15.3888
1990,NKb4,Nama-Karoo,Artificial-waterbody,0.11
1990,NKb5,Nama-Karoo,Artificial-waterbody,8.1984
1990,NKb6,Nama-Karoo,Artificial-waterbody,31.8412
1990,NKl1,Nama-Karoo,Artificial-waterbody,24.2668
1990,NKl2,Nama-Karoo,Artificial-waterbody,40.5024
1990,NKl4,Nama-Karoo,Artificial-waterbody,2.5644
1990,NKu1,Nama-Karoo,Artificial-waterbody,37.376
1990,NKu2,Nama-Karoo,Artificial-waterbody,6.594
1990,NKu3,Nama-Karoo,Artificial-waterbody,110.0356
1990,NKu4,Nama-Karoo,Artificial-waterbody,474.8828
1990,NOTVEG,NOTVEG,Artificial-waterbody,1.4336
1990,SKk1,Succulent Karoo,Artificial-waterbody,0.2156
1990,SKk2,Succulent Karoo,Artificial-waterbody,4.00E-04
1990,SKk3,Succulent Karoo,Artificial-waterbody,0.7564
1990,SKk4,Succulent Karoo,Artificial-waterbody,0.4148
1990,SKk5,Succulent Karoo,Artificial-waterbody,1.1384
1990,SKk6,Succulent Karoo,Artificial-waterbody,0.0072
1990,SKk7,Succulent Karoo,Artificial-waterbody,11.5404
1990,SKk8,Succulent Karoo,Artificial-waterbody,0.0012
1990,SKk9,Succulent Karoo,Artificial-waterbody,0.0584
1990,SKn1,Succulent Karoo,Artificial-waterbody,0.6148
1990,SKn2,Succulent Karoo,Artificial-waterbody,0.2656
1990,SKn3,Succulent Karoo,Artificial-waterbody,1.1288
1990,SKn4,Succulent Karoo,Artificial-waterbody,1.1624
1990,SKn5,Succulent Karoo,Artificial-waterbody,0.0556
1990,SKn6,Succulent Karoo,Artificial-waterbody,0.0736
1990,SKn7,Succulent Karoo,Artificial-waterbody,0.0852
1990,SKr1,Succulent Karoo,Artificial-waterbody,0
1990,SKr10,Succulent Karoo,Artificial-waterbody,0
1990,SKr11,Succulent Karoo,Artificial-waterbody,0
1990,SKr12,Succulent Karoo,Artificial-waterbody,0
1990,SKr13,Succulent Karoo,Artificial-waterbody,0.006
1990,SKr14,Succulent Karoo,Artificial-waterbody,0
1990,SKr15,Succulent Karoo,Artificial-waterbody,0.0028
1990,SKr16,Succulent Karoo,Artificial-waterbody,0.0248
1990,SKr17,Succulent Karoo,Artificial-waterbody,0
1990,SKr18,Succulent Karoo,Artificial-waterbody,0.0868
1990,SKr19,Succulent Karoo,Artificial-waterbody,0.0276
1990,SKr2,Succulent Karoo,Artificial-waterbody,0
1990,SKr3,Succulent Karoo,Artificial-waterbody,0
1990,SKr4,Succulent Karoo,Artificial-waterbody,0
1990,SKr5,Succulent Karoo,Artificial-waterbody,0
1990,SKr6,Succulent Karoo,Artificial-waterbody,0
1990,SKr7,Succulent Karoo,Artificial-waterbody,0
1990,SKr8,Succulent Karoo,Artificial-waterbody,0
1990,SKr9,Succulent Karoo,Artificial-waterbody,0
1990,SKs1,Succulent Karoo,Artificial-waterbody,0.2332
1990,SKs10,Succulent Karoo,Artificial-waterbody,0.0056
1990,SKs11,Succulent Karoo,Artificial-waterbody,0
1990,SKs12,Succulent Karoo,Artificial-waterbody,0.1128
1990,SKs13,Succulent Karoo,Artificial-waterbody,0.3792
1990,SKs14,Succulent Karoo,Artificial-waterbody,0.1952
1990,SKs2,Succulent Karoo,Artificial-waterbody,0
1990,SKs3,Succulent Karoo,Artificial-waterbody,0.0036
1990,SKs4,Succulent Karoo,Artificial-waterbody,0
1990,SKs5,Succulent Karoo,Artificial-waterbody,0
1990,SKs6,Succulent Karoo,Artificial-waterbody,0
1990,SKs7,Succulent Karoo,Artificial-waterbody,0.7372
1990,SKs8,Succulent Karoo,Artificial-waterbody,0.212
1990,SKs9,Succulent Karoo,Artificial-waterbody,0.0564
1990,SKt1,Succulent Karoo,Artificial-waterbody,0
1990,SKt2,Succulent Karoo,Artificial-waterbody,11.9444
1990,SKt3,Succulent Karoo,Artificial-waterbody,18.1608
1990,SKv1,Succulent Karoo,Artificial-waterbody,1.3584
1990,SKv10,Succulent Karoo,Artificial-waterbody,1.876
1990,SKv11,Succulent Karoo,Artificial-waterbody,17.7448
1990,SKv13,Succulent Karoo,Artificial-waterbody,10.3992
1990,SKv14,Succulent Karoo,Artificial-waterbody,5.87
1990,SKv2,Succulent Karoo,Artificial-waterbody,0.0212
1990,SKv3,Succulent Karoo,Artificial-waterbody,0.7056
1990,SKv4,Succulent Karoo,Artificial-waterbody,0.074
1990,SKv5,Succulent Karoo,Artificial-waterbody,7.018
1990,SKv6,Succulent Karoo,Artificial-waterbody,5.9316
1990,SKv7,Succulent Karoo,Artificial-waterbody,7.4112
1990,SKv8,Succulent Karoo,Artificial-waterbody,17.672
1990,SVcb1,Savanna,Artificial-waterbody,10.2944
1990,SVcb10,Savanna,Artificial-waterbody,6.0172
1990,SVcb11,Savanna,Artificial-waterbody,11.584
1990,SVcb12,Savanna,Artificial-waterbody,135.8512
1990,SVcb13,Savanna,Artificial-waterbody,7.0596
1990,SVcb14,Savanna,Artificial-waterbody,28.5456
1990,SVcb15,Savanna,Artificial-waterbody,38.336
1990,SVcb16,Savanna,Artificial-waterbody,51.9012
1990,SVcb17,Savanna,Artificial-waterbody,13.4064
1990,SVcb18,Savanna,Artificial-waterbody,9.1576
1990,SVcb19,Savanna,Artificial-waterbody,4.1476
1990,SVcb2,Savanna,Artificial-waterbody,0.4548
1990,SVcb20,Savanna,Artificial-waterbody,23.9256
1990,SVcb21,Savanna,Artificial-waterbody,14.0088
1990,SVcb22,Savanna,Artificial-waterbody,0
1990,SVcb23,Savanna,Artificial-waterbody,17.5176
1990,SVcb24,Savanna,Artificial-waterbody,0.672
1990,SVcb25,Savanna,Artificial-waterbody,0.1216
1990,SVcb26,Savanna,Artificial-waterbody,1.4064
1990,SVcb27,Savanna,Artificial-waterbody,2.638
1990,SVcb28,Savanna,Artificial-waterbody,2.3808
1990,SVcb29,Savanna,Artificial-waterbody,0.2356
1990,SVcb3,Savanna,Artificial-waterbody,20.3804
1990,SVcb4,Savanna,Artificial-waterbody,10.3836
1990,SVcb5,Savanna,Artificial-waterbody,0.1336
1990,SVcb6,Savanna,Artificial-waterbody,23.3084
1990,SVcb7,Savanna,Artificial-waterbody,2.762
1990,SVcb8,Savanna,Artificial-waterbody,30.7388
1990,SVcb9,Savanna,Artificial-waterbody,7.5604
1990,SVk1,Savanna,Artificial-waterbody,3.7516
1990,SVk10,Savanna,Artificial-waterbody,1.7048
1990,SVk11,Savanna,Artificial-waterbody,0.2008
1990,SVk12,Savanna,Artificial-waterbody,1.6848
1990,SVk13,Savanna,Artificial-waterbody,5.072
1990,SVk14,Savanna,Artificial-waterbody,0.2708
1990,SVk15,Savanna,Artificial-waterbody,0.4832
1990,SVk16,Savanna,Artificial-waterbody,0.4572
1990,SVk17,Savanna,Artificial-waterbody,20.4244
1990,SVk18,Savanna,Artificial-waterbody,0.0204
1990,SVk2,Savanna,Artificial-waterbody,2.7296
1990,SVk3,Savanna,Artificial-waterbody,2.8928
1990,SVk4,Savanna,Artificial-waterbody,33.1204
1990,SVk5,Savanna,Artificial-waterbody,2.5732
1990,SVk6,Savanna,Artificial-waterbody,37.476
1990,SVk7,Savanna,Artificial-waterbody,1.4648
1990,SVk8,Savanna,Artificial-waterbody,0.1196
1990,SVk9,Savanna,Artificial-waterbody,0.9512
1990,SVkd1,Savanna,Artificial-waterbody,3.7248
1990,SVkd2,Savanna,Artificial-waterbody,0.0044
1990,SVkd3,Savanna,Artificial-waterbody,0.0356
1990,SVkd4,Savanna,Artificial-waterbody,0
1990,SVl1,Savanna,Artificial-waterbody,3.8448
1990,SVl10,Savanna,Artificial-waterbody,1.5444
1990,SVl11,Savanna,Artificial-waterbody,0.2208
1990,SVl12,Savanna,Artificial-waterbody,1.0528
1990,SVl13,Savanna,Artificial-waterbody,0.2616
1990,SVl14,Savanna,Artificial-waterbody,7.2844
1990,SVl15,Savanna,Artificial-waterbody,0.0784
1990,SVl16,Savanna,Artificial-waterbody,7.224
1990,SVl17,Savanna,Artificial-waterbody,0.2244
1990,SVl18,Savanna,Artificial-waterbody,0.1188
1990,SVl19,Savanna,Artificial-waterbody,0
1990,SVl2,Savanna,Artificial-waterbody,0
1990,SVl20,Savanna,Artificial-waterbody,118.0068
1990,SVl21,Savanna,Artificial-waterbody,0.17
1990,SVl22,Savanna,Artificial-waterbody,2.974
1990,SVl23,Savanna,Artificial-waterbody,16.594
1990,SVl24,Savanna,Artificial-waterbody,0.9024
1990,SVl25,Savanna,Artificial-waterbody,0.2764
1990,SVl26,Savanna,Artificial-waterbody,0.0252
1990,SVl27,Savanna,Artificial-waterbody,0.8684
1990,SVl3,Savanna,Artificial-waterbody,60.8052
1990,SVl4,Savanna,Artificial-waterbody,3.362
1990,SVl5,Savanna,Artificial-waterbody,3.6512
1990,SVl6,Savanna,Artificial-waterbody,0.258
1990,SVl7,Savanna,Artificial-waterbody,0.2332
1990,SVl8,Savanna,Artificial-waterbody,31.5536
1990,SVl9,Savanna,Artificial-waterbody,19.852
1990,SVmp1,Savanna,Artificial-waterbody,14.0576
1990,SVmp2,Savanna,Artificial-waterbody,2.1156
1990,SVmp3,Savanna,Artificial-waterbody,0.0192
1990,SVmp4,Savanna,Artificial-waterbody,3.276
1990,SVmp5,Savanna,Artificial-waterbody,9.3416
1990,SVmp6,Savanna,Artificial-waterbody,8.2812
1990,SVmp7,Savanna,Artificial-waterbody,5.1924
1990,SVmp8,Savanna,Artificial-waterbody,0.0344
1990,SVs1,Savanna,Artificial-waterbody,1.3788
1990,SVs2,Savanna,Artificial-waterbody,4.9364
1990,SVs3,Savanna,Artificial-waterbody,4.0532
1990,SVs4,Savanna,Artificial-waterbody,0.2964
1990,SVs5,Savanna,Artificial-waterbody,5.0692
1990,SVs6,Savanna,Artificial-waterbody,55.8892
1990,SVs7,Savanna,Artificial-waterbody,20.704
1990,SVs8,Savanna,Artificial-waterbody,6.022
2014,AT15,Albany Thicket,Artificial-waterbody,0.0036
2014,AT16,Albany Thicket,Artificial-waterbody,0.3004
2014,AT17,Albany Thicket,Artificial-waterbody,2.1676
2014,AT18,Albany Thicket,Artificial-waterbody,1.7268
2014,AT19,Albany Thicket,Artificial-waterbody,4.4436
2014,AT20,Albany Thicket,Artificial-waterbody,0.052
2014,AT21,Albany Thicket,Artificial-waterbody,10.7324
2014,AT22,Albany Thicket,Artificial-waterbody,4.2336
2014,AT23,Albany Thicket,Artificial-waterbody,0.448
2014,AT24,Albany Thicket,Artificial-waterbody,7.6188
2014,AT25,Albany Thicket,Artificial-waterbody,5.2184
2014,AT26,Albany Thicket,Artificial-waterbody,0.1684
2014,AT27,Albany Thicket,Artificial-waterbody,1.0784
2014,AT28,Albany Thicket,Artificial-waterbody,3.7028
2014,AT29,Albany Thicket,Artificial-waterbody,2.0236
2014,AT30,Albany Thicket,Artificial-waterbody,3.3568
2014,AT31,Albany Thicket,Artificial-waterbody,0.2164
2014,AT32,Albany Thicket,Artificial-waterbody,12.8968
2014,AT33,Albany Thicket,Artificial-waterbody,1.5272
2014,AT34,Albany Thicket,Artificial-waterbody,0.5796
2014,AT35,Albany Thicket,Artificial-waterbody,0.0032
2014,AT36,Albany Thicket,Artificial-waterbody,0.0148
2014,AT37,Albany Thicket,Artificial-waterbody,0.2872
2014,AT38,Albany Thicket,Artificial-waterbody,3.8752
2014,AT39,Albany Thicket,Artificial-waterbody,0.048
2014,AT40,Albany Thicket,Artificial-waterbody,0.5432
2014,AT41,Albany Thicket,Artificial-waterbody,0.3756
2014,AT42,Albany Thicket,Artificial-waterbody,0.1072
2014,AT43,Albany Thicket,Artificial-waterbody,2.3204
2014,AT44,Albany Thicket,Artificial-waterbody,0.3944
2014,AT45,Albany Thicket,Artificial-waterbody,1.7512
2014,AT46,Albany Thicket,Artificial-waterbody,2.4376
2014,AT47,Albany Thicket,Artificial-waterbody,3.6548
2014,AT48,Albany Thicket,Artificial-waterbody,0.0048
2014,AT49,Albany Thicket,Artificial-waterbody,48.2536
2014,AT50,Albany Thicket,Artificial-waterbody,1.6068
2014,AT51,Albany Thicket,Artificial-waterbody,4.462
2014,AT52,Albany Thicket,Artificial-waterbody,0.0036
2014,AT53,Albany Thicket,Artificial-waterbody,0.0648
2014,AT54,Albany Thicket,Artificial-waterbody,0.8684
2014,AT55,Albany Thicket,Artificial-waterbody,2.4428
2014,AT56,Albany Thicket,Artificial-waterbody,2.3736
2014,AT57,Albany Thicket,Artificial-waterbody,0.1972
2014,AT58,Albany Thicket,Artificial-waterbody,8.9368
2014,AZa1,Azonal,Artificial-waterbody,0.0012
2014,AZa2,Azonal,Artificial-waterbody,3.7148
2014,AZa3,Azonal,Artificial-waterbody,3.912
2014,AZa4,Azonal,Artificial-waterbody,13.0808
2014,AZa5,Azonal,Artificial-waterbody,276.6444
2014,AZa6,Azonal,Artificial-waterbody,5.4656
2014,AZa7,Azonal,Artificial-waterbody,8.4728
2014,AZd1,Azonal,Artificial-waterbody,0.1072
2014,AZd2,Azonal,Artificial-waterbody,0.008
2014,AZd3,Azonal,Artificial-waterbody,0.0044
2014,AZd4,Azonal,Artificial-waterbody,0.0108
2014,AZi1,Azonal,Artificial-waterbody,3.294
2014,AZi3,Azonal,Artificial-waterbody,0.038
2014,AZi5,Azonal,Artificial-waterbody,26.3476
2014,AZi6,Azonal,Artificial-waterbody,123.1108
2014,AZi7,Azonal,Artificial-waterbody,12.7308
2014,AZi8,Azonal,Artificial-waterbody,4.8032
2014,AZs3,Azonal,Artificial-waterbody,0.0588
2014,CB1,IOCB,Artificial-waterbody,1.4956
2014,CB2,IOCB,Artificial-waterbody,0.088
2014,CB3,IOCB,Artificial-waterbody,13.1332
2014,CB4,IOCB,Artificial-waterbody,2.268
2014,CB5,IOCB,Artificial-waterbody,0.18
2014,CB6,IOCB,Artificial-waterbody,0.6688
2014,Dg1,Desert,Artificial-waterbody,0
2014,Dg10,Desert,Artificial-waterbody,1.1716
2014,Dg2,Desert,Artificial-waterbody,0
2014,Dg3,Desert,Artificial-waterbody,0
2014,Dg4,Desert,Artificial-waterbody,0.0268
2014,Dg5,Desert,Artificial-waterbody,0
2014,Dg6,Desert,Artificial-waterbody,0
2014,Dg7,Desert,Artificial-waterbody,0.0168
2014,Dg8,Desert,Artificial-waterbody,0
2014,Dg9,Desert,Artificial-waterbody,5.5216
2014,Dn1,Desert,Artificial-waterbody,0
2014,Dn2,Desert,Artificial-waterbody,0
2014,Dn3,Desert,Artificial-waterbody,0.0152
2014,Dn4,Desert,Artificial-waterbody,0.0644
2014,Dn5,Desert,Artificial-waterbody,0.6444
2014,FFa1,Fynbos,Artificial-waterbody,12.9412
2014,FFa2,Fynbos,Artificial-waterbody,8.5348
2014,FFa3,Fynbos,Artificial-waterbody,25.7952
2014,FFa4,Fynbos,Artificial-waterbody,0.7004
2014,FFb1,Fynbos,Artificial-waterbody,1.548
2014,FFb2,Fynbos,Artificial-waterbody,0.0868
2014,FFb3,Fynbos,Artificial-waterbody,0
2014,FFb4,Fynbos,Artificial-waterbody,0.012
2014,FFb5,Fynbos,Artificial-waterbody,0.1668
2014,FFb6,Fynbos,Artificial-waterbody,2.1956
2014,FFc1,Fynbos,Artificial-waterbody,4.5084
2014,FFd1,Fynbos,Artificial-waterbody,0.0188
2014,FFd10,Fynbos,Artificial-waterbody,0.4252
2014,FFd11,Fynbos,Artificial-waterbody,0.2144
2014,FFd2,Fynbos,Artificial-waterbody,4.2168
2014,FFd3,Fynbos,Artificial-waterbody,1.7668
2014,FFd4,Fynbos,Artificial-waterbody,3.0228
2014,FFd5,Fynbos,Artificial-waterbody,6.8048
2014,FFd6,Fynbos,Artificial-waterbody,0.356
2014,FFd7,Fynbos,Artificial-waterbody,0.108
2014,FFd8,Fynbos,Artificial-waterbody,39.6664
2014,FFd9,Fynbos,Artificial-waterbody,0.342
2014,FFf1,Fynbos,Artificial-waterbody,5.8708
2014,FFf2,Fynbos,Artificial-waterbody,0.0216
2014,FFg1,Fynbos,Artificial-waterbody,0
2014,FFg2,Fynbos,Artificial-waterbody,11.6292
2014,FFg3,Fynbos,Artificial-waterbody,0.218
2014,FFg4,Fynbos,Artificial-waterbody,0.1356
2014,FFg5,Fynbos,Artificial-waterbody,9.2912
2014,FFh1,Fynbos,Artificial-waterbody,20.016
2014,FFh10,Fynbos,Artificial-waterbody,0.0996
2014,FFh11,Fynbos,Artificial-waterbody,0.0272
2014,FFh2,Fynbos,Artificial-waterbody,0.122
2014,FFh3,Fynbos,Artificial-waterbody,0.4688
2014,FFh4,Fynbos,Artificial-waterbody,4.9628
2014,FFh5,Fynbos,Artificial-waterbody,1.3384
2014,FFh6,Fynbos,Artificial-waterbody,41.0012
2014,FFh7,Fynbos,Artificial-waterbody,1.4532
2014,FFh8,Fynbos,Artificial-waterbody,1.3756
2014,FFh9,Fynbos,Artificial-waterbody,8.5744
2014,FFl1,Fynbos,Artificial-waterbody,0.2056
2014,FFl2,Fynbos,Artificial-waterbody,0.0304
2014,FFl3,Fynbos,Artificial-waterbody,0.0592
2014,FFq1,Fynbos,Artificial-waterbody,0
2014,FFq2,Fynbos,Artificial-waterbody,1.2044
2014,FFq3,Fynbos,Artificial-waterbody,0.714
2014,FFq4,Fynbos,Artificial-waterbody,0.8496
2014,FFq5,Fynbos,Artificial-waterbody,0.2412
2014,FFq6,Fynbos,Artificial-waterbody,0.54
2014,FFs1,Fynbos,Artificial-waterbody,0.8688
2014,FFs10,Fynbos,Artificial-waterbody,2.5836
2014,FFs11,Fynbos,Artificial-waterbody,10.2808
2014,FFs12,Fynbos,Artificial-waterbody,1.4372
2014,FFs13,Fynbos,Artificial-waterbody,0.3128
2014,FFs14,Fynbos,Artificial-waterbody,0.7652
2014,FFs15,Fynbos,Artificial-waterbody,1.9684
2014,FFs16,Fynbos,Artificial-waterbody,0.3132
2014,FFs17,Fynbos,Artificial-waterbody,0.0032
2014,FFs18,Fynbos,Artificial-waterbody,3.7464
2014,FFs19,Fynbos,Artificial-waterbody,4.108
2014,FFs2,Fynbos,Artificial-waterbody,3.71
2014,FFs20,Fynbos,Artificial-waterbody,21.154
2014,FFs21,Fynbos,Artificial-waterbody,0.0172
2014,FFs22,Fynbos,Artificial-waterbody,0.0528
2014,FFs23,Fynbos,Artificial-waterbody,0.216
2014,FFs24,Fynbos,Artificial-waterbody,0.2604
2014,FFs25,Fynbos,Artificial-waterbody,0.1288
2014,FFs26,Fynbos,Artificial-waterbody,0.2152
2014,FFs27,Fynbos,Artificial-waterbody,2.3148
2014,FFs28,Fynbos,Artificial-waterbody,6.272
2014,FFs29,Fynbos,Artificial-waterbody,1.0984
2014,FFs3,Fynbos,Artificial-waterbody,0.096
2014,FFs30,Fynbos,Artificial-waterbody,0
2014,FFs31,Fynbos,Artificial-waterbody,0
2014,FFs32,Fynbos,Artificial-waterbody,0.328
2014,FFs4,Fynbos,Artificial-waterbody,4.9216
2014,FFs5,Fynbos,Artificial-waterbody,8.0996
2014,FFs6,Fynbos,Artificial-waterbody,1.6656
2014,FFs7,Fynbos,Artificial-waterbody,2.822
2014,FFs8,Fynbos,Artificial-waterbody,0.2848
2014,FFs9,Fynbos,Artificial-waterbody,0.7576
2014,FFt1,Fynbos,Artificial-waterbody,0.2872
2014,FFt2,Fynbos,Artificial-waterbody,0.1484
2014,FOa1,Forest,Artificial-waterbody,0.0684
2014,FOa2,Forest,Artificial-waterbody,0.0224
2014,FOa3,Forest,Artificial-waterbody,0
2014,FOz1,Forest,Artificial-waterbody,0.6412
2014,FOz2,Forest,Artificial-waterbody,0.0264
2014,FOz3,Forest,Artificial-waterbody,0.094
2014,FOz4,Forest,Artificial-waterbody,0.0112
2014,FOz5,Forest,Artificial-waterbody,0.1096
2014,FOz6,Forest,Artificial-waterbody,0.0132
2014,FOz7,Forest,Artificial-waterbody,0.3528
2014,FOz8,Forest,Artificial-waterbody,0
2014,FOz9,Forest,Artificial-waterbody,0.0012
2014,FRa1,Fynbos,Artificial-waterbody,16.1744
2014,FRa2,Fynbos,Artificial-waterbody,0.078
2014,FRc1,Fynbos,Artificial-waterbody,0.5968
2014,FRc2,Fynbos,Artificial-waterbody,0.5316
2014,FRd1,Fynbos,Artificial-waterbody,0.9908
2014,FRd2,Fynbos,Artificial-waterbody,0.652
2014,FRg1,Fynbos,Artificial-waterbody,0.2588
2014,FRg2,Fynbos,Artificial-waterbody,10.6428
2014,FRg3,Fynbos,Artificial-waterbody,0.0068
2014,FRl1,Fynbos,Artificial-waterbody,2.6356
2014,FRs1,Fynbos,Artificial-waterbody,0.04
2014,FRs10,Fynbos,Artificial-waterbody,0.0756
2014,FRs11,Fynbos,Artificial-waterbody,29.3204
2014,FRs12,Fynbos,Artificial-waterbody,3.2932
2014,FRs13,Fynbos,Artificial-waterbody,6.6332
2014,FRs14,Fynbos,Artificial-waterbody,2.7328
2014,FRs15,Fynbos,Artificial-waterbody,0.558
2014,FRs16,Fynbos,Artificial-waterbody,6.0372
2014,FRs17,Fynbos,Artificial-waterbody,8.3848
2014,FRs18,Fynbos,Artificial-waterbody,0.002
2014,FRs19,Fynbos,Artificial-waterbody,8.7668
2014,FRs2,Fynbos,Artificial-waterbody,0.2848
2014,FRs20,Fynbos,Artificial-waterbody,1.6368
2014,FRs3,Fynbos,Artificial-waterbody,8.2048
2014,FRs4,Fynbos,Artificial-waterbody,18.4584
2014,FRs5,Fynbos,Artificial-waterbody,1.0844
2014,FRs6,Fynbos,Artificial-waterbody,12.484
2014,FRs7,Fynbos,Artificial-waterbody,13.6996
2014,FRs8,Fynbos,Artificial-waterbody,12.0132
2014,FRs9,Fynbos,Artificial-waterbody,34.0444
2014,FS1,Fynbos,Artificial-waterbody,0.142
2014,FS10,Fynbos,Artificial-waterbody,0.2324
2014,FS11,Fynbos,Artificial-waterbody,8.00E-04
2014,FS12,Fynbos,Artificial-waterbody,0.08
2014,FS13,Fynbos,Artificial-waterbody,0
2014,FS14,Fynbos,Artificial-waterbody,0
2014,FS2,Fynbos,Artificial-waterbody,0.0648
2014,FS3,Fynbos,Artificial-waterbody,1.008
2014,FS4,Fynbos,Artificial-waterbody,0
2014,FS5,Fynbos,Artificial-waterbody,0.114
2014,FS6,Fynbos,Artificial-waterbody,7.4852
2014,FS7,Fynbos,Artificial-waterbody,0.0096
2014,FS9,Fynbos,Artificial-waterbody,0.1996
2014,Gd1,Grassland,Artificial-waterbody,29.3508
2014,Gd10,Grassland,Artificial-waterbody,0
2014,Gd2,Grassland,Artificial-waterbody,0.1308
2014,Gd3,Grassland,Artificial-waterbody,27.5588
2014,Gd4,Grassland,Artificial-waterbody,7.3208
2014,Gd5,Grassland,Artificial-waterbody,4.3032
2014,Gd6,Grassland,Artificial-waterbody,0
2014,Gd7,Grassland,Artificial-waterbody,0.2412
2014,Gd8,Grassland,Artificial-waterbody,0.7932
2014,Gh1,Grassland,Artificial-waterbody,28.7188
2014,Gh10,Grassland,Artificial-waterbody,97.7016
2014,Gh11,Grassland,Artificial-waterbody,5.71
2014,Gh12,Grassland,Artificial-waterbody,3.2332
2014,Gh13,Grassland,Artificial-waterbody,12.1056
2014,Gh14,Grassland,Artificial-waterbody,8.4892
2014,Gh15,Grassland,Artificial-waterbody,19.5544
2014,Gh2,Grassland,Artificial-waterbody,109.4208
2014,Gh3,Grassland,Artificial-waterbody,294.2256
2014,Gh4,Grassland,Artificial-waterbody,191.2684
2014,Gh5,Grassland,Artificial-waterbody,17.3032
2014,Gh6,Grassland,Artificial-waterbody,176.306
2014,Gh7,Grassland,Artificial-waterbody,8.1976
2014,Gh8,Grassland,Artificial-waterbody,0.2272
2014,Gh9,Grassland,Artificial-waterbody,29.4104
2014,Gm1,Grassland,Artificial-waterbody,28.2404
2014,Gm10,Grassland,Artificial-waterbody,8.1292
2014,Gm11,Grassland,Artificial-waterbody,79.1244
2014,Gm12,Grassland,Artificial-waterbody,175.812
2014,Gm13,Grassland,Artificial-waterbody,16.4756
2014,Gm14,Grassland,Artificial-waterbody,19.3444
2014,Gm15,Grassland,Artificial-waterbody,7.5712
2014,Gm16,Grassland,Artificial-waterbody,23.5036
2014,Gm17,Grassland,Artificial-waterbody,1.1996
2014,Gm19,Grassland,Artificial-waterbody,3.9264
2014,Gm2,Grassland,Artificial-waterbody,1.2112
2014,Gm20,Grassland,Artificial-waterbody,0
2014,Gm21,Grassland,Artificial-waterbody,16.682
2014,Gm22,Grassland,Artificial-waterbody,0.2764
2014,Gm23,Grassland,Artificial-waterbody,0.2652
2014,Gm24,Grassland,Artificial-waterbody,0
2014,Gm25,Grassland,Artificial-waterbody,5.4732
2014,Gm26,Grassland,Artificial-waterbody,0.0128
2014,Gm27,Grassland,Artificial-waterbody,0.0532
2014,Gm28,Grassland,Artificial-waterbody,0.0024
2014,Gm29,Grassland,Artificial-waterbody,0.284
2014,Gm3,Grassland,Artificial-waterbody,120.1288
2014,Gm30,Grassland,Artificial-waterbody,15.3532
2014,Gm31,Grassland,Artificial-waterbody,0.3588
2014,Gm4,Grassland,Artificial-waterbody,127.3604
2014,Gm5,Grassland,Artificial-waterbody,4.2024
2014,Gm6,Grassland,Artificial-waterbody,339.7524
2014,Gm7,Grassland,Artificial-waterbody,0.0384
2014,Gm8,Grassland,Artificial-waterbody,163.2908
2014,Gm9,Grassland,Artificial-waterbody,11.058
2014,Gs1,Grassland,Artificial-waterbody,2.2392
2014,Gs10,Grassland,Artificial-waterbody,31.3332
2014,Gs11,Grassland,Artificial-waterbody,20.9436
2014,Gs12,Grassland,Artificial-waterbody,25.592
2014,Gs13,Grassland,Artificial-waterbody,4.282
2014,Gs14,Grassland,Artificial-waterbody,7.17
2014,Gs15,Grassland,Artificial-waterbody,63.81
2014,Gs16,Grassland,Artificial-waterbody,36.4892
2014,Gs17,Grassland,Artificial-waterbody,8.9476
2014,Gs18,Grassland,Artificial-waterbody,6.0596
2014,Gs19,Grassland,Artificial-waterbody,29.4796
2014,Gs2,Grassland,Artificial-waterbody,0.574
2014,Gs20,Grassland,Artificial-waterbody,9.4776
2014,Gs3,Grassland,Artificial-waterbody,8.2792
2014,Gs4,Grassland,Artificial-waterbody,121.8588
2014,Gs6,Grassland,Artificial-waterbody,47.3416
2014,Gs7,Grassland,Artificial-waterbody,23.278
2014,Gs8,Grassland,Artificial-waterbody,50.2188
2014,Gs9,Grassland,Artificial-waterbody,27.8696
2014,NKb1,Nama-Karoo,Artificial-waterbody,3.7764
2014,NKb2,Nama-Karoo,Artificial-waterbody,1.072
2014,NKb3,Nama-Karoo,Artificial-waterbody,36.5528
2014,NKb4,Nama-Karoo,Artificial-waterbody,0.11
2014,NKb5,Nama-Karoo,Artificial-waterbody,8.8368
2014,NKb6,Nama-Karoo,Artificial-waterbody,34.8632
2014,NKl1,Nama-Karoo,Artificial-waterbody,26.3508
2014,NKl2,Nama-Karoo,Artificial-waterbody,44.9412
2014,NKl4,Nama-Karoo,Artificial-waterbody,2.892
2014,NKu1,Nama-Karoo,Artificial-waterbody,38.2696
2014,NKu2,Nama-Karoo,Artificial-waterbody,6.7564
2014,NKu3,Nama-Karoo,Artificial-waterbody,113.2648
2014,NKu4,Nama-Karoo,Artificial-waterbody,480.7172
2014,NOTVEG,NOTVEG,Artificial-waterbody,2.3052
2014,SKk1,Succulent Karoo,Artificial-waterbody,0.2204
2014,SKk2,Succulent Karoo,Artificial-waterbody,4.00E-04
2014,SKk3,Succulent Karoo,Artificial-waterbody,0.8168
2014,SKk4,Succulent Karoo,Artificial-waterbody,0.4936
2014,SKk5,Succulent Karoo,Artificial-waterbody,1.3848
2014,SKk6,Succulent Karoo,Artificial-waterbody,0.0088
2014,SKk7,Succulent Karoo,Artificial-waterbody,11.82
2014,SKk8,Succulent Karoo,Artificial-waterbody,0.0024
2014,SKk9,Succulent Karoo,Artificial-waterbody,0.1316
2014,SKn1,Succulent Karoo,Artificial-waterbody,0.622
2014,SKn2,Succulent Karoo,Artificial-waterbody,0.2672
2014,SKn3,Succulent Karoo,Artificial-waterbody,1.1344
2014,SKn4,Succulent Karoo,Artificial-waterbody,1.1748
2014,SKn5,Succulent Karoo,Artificial-waterbody,0.0688
2014,SKn6,Succulent Karoo,Artificial-waterbody,0.0736
2014,SKn7,Succulent Karoo,Artificial-waterbody,0.086
2014,SKr1,Succulent Karoo,Artificial-waterbody,0
2014,SKr10,Succulent Karoo,Artificial-waterbody,0
2014,SKr11,Succulent Karoo,Artificial-waterbody,0
2014,SKr12,Succulent Karoo,Artificial-waterbody,0
2014,SKr13,Succulent Karoo,Artificial-waterbody,0.006
2014,SKr14,Succulent Karoo,Artificial-waterbody,0
2014,SKr15,Succulent Karoo,Artificial-waterbody,0.0152
2014,SKr16,Succulent Karoo,Artificial-waterbody,0.0248
2014,SKr17,Succulent Karoo,Artificial-waterbody,0
2014,SKr18,Succulent Karoo,Artificial-waterbody,0.0896
2014,SKr19,Succulent Karoo,Artificial-waterbody,0.0276
2014,SKr2,Succulent Karoo,Artificial-waterbody,0
2014,SKr3,Succulent Karoo,Artificial-waterbody,0
2014,SKr4,Succulent Karoo,Artificial-waterbody,0
2014,SKr5,Succulent Karoo,Artificial-waterbody,0
2014,SKr6,Succulent Karoo,Artificial-waterbody,0
2014,SKr7,Succulent Karoo,Artificial-waterbody,0
2014,SKr8,Succulent Karoo,Artificial-waterbody,0
2014,SKr9,Succulent Karoo,Artificial-waterbody,0
2014,SKs1,Succulent Karoo,Artificial-waterbody,0.2332
2014,SKs10,Succulent Karoo,Artificial-waterbody,0.0056
2014,SKs11,Succulent Karoo,Artificial-waterbody,0
2014,SKs12,Succulent Karoo,Artificial-waterbody,0.1304
2014,SKs13,Succulent Karoo,Artificial-waterbody,0.7056
2014,SKs14,Succulent Karoo,Artificial-waterbody,0.2092
2014,SKs2,Succulent Karoo,Artificial-waterbody,0
2014,SKs3,Succulent Karoo,Artificial-waterbody,0.0036
2014,SKs4,Succulent Karoo,Artificial-waterbody,0
2014,SKs5,Succulent Karoo,Artificial-waterbody,0
2014,SKs6,Succulent Karoo,Artificial-waterbody,0
2014,SKs7,Succulent Karoo,Artificial-waterbody,1.1004
2014,SKs8,Succulent Karoo,Artificial-waterbody,0.212
2014,SKs9,Succulent Karoo,Artificial-waterbody,0.09
2014,SKt1,Succulent Karoo,Artificial-waterbody,0
2014,SKt2,Succulent Karoo,Artificial-waterbody,12.5228
2014,SKt3,Succulent Karoo,Artificial-waterbody,18.4672
2014,SKv1,Succulent Karoo,Artificial-waterbody,1.4216
2014,SKv10,Succulent Karoo,Artificial-waterbody,1.9884
2014,SKv11,Succulent Karoo,Artificial-waterbody,18.178
2014,SKv13,Succulent Karoo,Artificial-waterbody,10.9408
2014,SKv14,Succulent Karoo,Artificial-waterbody,6.5488
2014,SKv2,Succulent Karoo,Artificial-waterbody,1.5288
2014,SKv3,Succulent Karoo,Artificial-waterbody,0.7572
2014,SKv4,Succulent Karoo,Artificial-waterbody,0.076
2014,SKv5,Succulent Karoo,Artificial-waterbody,7.5072
2014,SKv6,Succulent Karoo,Artificial-waterbody,6.0464
2014,SKv7,Succulent Karoo,Artificial-waterbody,8.422
2014,SKv8,Succulent Karoo,Artificial-waterbody,19.3788
2014,SVcb1,Savanna,Artificial-waterbody,11.096
2014,SVcb10,Savanna,Artificial-waterbody,6.0872
2014,SVcb11,Savanna,Artificial-waterbody,16.308
2014,SVcb12,Savanna,Artificial-waterbody,138.3264
2014,SVcb13,Savanna,Artificial-waterbody,7.0596
2014,SVcb14,Savanna,Artificial-waterbody,28.5528
2014,SVcb15,Savanna,Artificial-waterbody,39.9288
2014,SVcb16,Savanna,Artificial-waterbody,53.09
2014,SVcb17,Savanna,Artificial-waterbody,14.6824
2014,SVcb18,Savanna,Artificial-waterbody,10.1752
2014,SVcb19,Savanna,Artificial-waterbody,4.4276
2014,SVcb2,Savanna,Artificial-waterbody,0.4548
2014,SVcb20,Savanna,Artificial-waterbody,25.3012
2014,SVcb21,Savanna,Artificial-waterbody,16.0432
2014,SVcb22,Savanna,Artificial-waterbody,0
2014,SVcb23,Savanna,Artificial-waterbody,18.7624
2014,SVcb24,Savanna,Artificial-waterbody,0.672
2014,SVcb25,Savanna,Artificial-waterbody,0.1216
2014,SVcb26,Savanna,Artificial-waterbody,1.5736
2014,SVcb27,Savanna,Artificial-waterbody,3.1036
2014,SVcb28,Savanna,Artificial-waterbody,17.97
2014,SVcb29,Savanna,Artificial-waterbody,0.2356
2014,SVcb3,Savanna,Artificial-waterbody,20.3916
2014,SVcb4,Savanna,Artificial-waterbody,10.4008
2014,SVcb5,Savanna,Artificial-waterbody,0.1404
2014,SVcb6,Savanna,Artificial-waterbody,25.1112
2014,SVcb7,Savanna,Artificial-waterbody,2.7788
2014,SVcb8,Savanna,Artificial-waterbody,30.8588
2014,SVcb9,Savanna,Artificial-waterbody,8.384
2014,SVk1,Savanna,Artificial-waterbody,3.7588
2014,SVk10,Savanna,Artificial-waterbody,1.708
2014,SVk11,Savanna,Artificial-waterbody,0.2032
2014,SVk12,Savanna,Artificial-waterbody,1.6848
2014,SVk13,Savanna,Artificial-waterbody,5.0836
2014,SVk14,Savanna,Artificial-waterbody,0.2708
2014,SVk15,Savanna,Artificial-waterbody,0.4832
2014,SVk16,Savanna,Artificial-waterbody,0.4572
2014,SVk17,Savanna,Artificial-waterbody,24.0456
2014,SVk18,Savanna,Artificial-waterbody,0.0204
2014,SVk2,Savanna,Artificial-waterbody,2.9928
2014,SVk3,Savanna,Artificial-waterbody,2.8928
2014,SVk4,Savanna,Artificial-waterbody,33.8068
2014,SVk5,Savanna,Artificial-waterbody,2.774
2014,SVk6,Savanna,Artificial-waterbody,37.6204
2014,SVk7,Savanna,Artificial-waterbody,1.4656
2014,SVk8,Savanna,Artificial-waterbody,0.1196
2014,SVk9,Savanna,Artificial-waterbody,0.9512
2014,SVkd1,Savanna,Artificial-waterbody,3.762
2014,SVkd2,Savanna,Artificial-waterbody,0.0044
2014,SVkd3,Savanna,Artificial-waterbody,0.0356
2014,SVkd4,Savanna,Artificial-waterbody,0
2014,SVl1,Savanna,Artificial-waterbody,4.306
2014,SVl10,Savanna,Artificial-waterbody,1.6004
2014,SVl11,Savanna,Artificial-waterbody,0.2664
2014,SVl12,Savanna,Artificial-waterbody,1.0528
2014,SVl13,Savanna,Artificial-waterbody,0.2632
2014,SVl14,Savanna,Artificial-waterbody,14.1088
2014,SVl15,Savanna,Artificial-waterbody,0.0784
2014,SVl16,Savanna,Artificial-waterbody,7.5332
2014,SVl17,Savanna,Artificial-waterbody,0.2244
2014,SVl18,Savanna,Artificial-waterbody,0.1188
2014,SVl19,Savanna,Artificial-waterbody,0
2014,SVl2,Savanna,Artificial-waterbody,0
2014,SVl20,Savanna,Artificial-waterbody,118.0368
2014,SVl21,Savanna,Artificial-waterbody,0.17
2014,SVl22,Savanna,Artificial-waterbody,3.3648
2014,SVl23,Savanna,Artificial-waterbody,22.7312
2014,SVl24,Savanna,Artificial-waterbody,1.9208
2014,SVl25,Savanna,Artificial-waterbody,0.2772
2014,SVl26,Savanna,Artificial-waterbody,0.0252
2014,SVl27,Savanna,Artificial-waterbody,0.8684
2014,SVl3,Savanna,Artificial-waterbody,99.4832
2014,SVl4,Savanna,Artificial-waterbody,5.2084
2014,SVl5,Savanna,Artificial-waterbody,6.3632
2014,SVl6,Savanna,Artificial-waterbody,0.258
2014,SVl7,Savanna,Artificial-waterbody,0.2332
2014,SVl8,Savanna,Artificial-waterbody,33.9944
2014,SVl9,Savanna,Artificial-waterbody,29.2512
2014,SVmp1,Savanna,Artificial-waterbody,16.1164
2014,SVmp2,Savanna,Artificial-waterbody,2.82
2014,SVmp3,Savanna,Artificial-waterbody,0.0192
2014,SVmp4,Savanna,Artificial-waterbody,3.276
2014,SVmp5,Savanna,Artificial-waterbody,10.1684
2014,SVmp6,Savanna,Artificial-waterbody,8.2812
2014,SVmp7,Savanna,Artificial-waterbody,5.4836
2014,SVmp8,Savanna,Artificial-waterbody,0.0344
2014,SVs1,Savanna,Artificial-waterbody,1.8568
2014,SVs2,Savanna,Artificial-waterbody,4.9508
2014,SVs3,Savanna,Artificial-waterbody,4.7468
2014,SVs4,Savanna,Artificial-waterbody,0.3092
2014,SVs5,Savanna,Artificial-waterbody,5.512
2014,SVs6,Savanna,Artificial-waterbody,56.9348
2014,SVs7,Savanna,Artificial-waterbody,21.668
2014,SVs8,Savanna,Artificial-waterbody,6.0632
2018,AT15,Albany Thicket,Artificial-waterbody,0.0016
2018,AT16,Albany Thicket,Artificial-waterbody,0.0756
2018,AT17,Albany Thicket,Artificial-waterbody,0.73
2018,AT18,Albany Thicket,Artificial-waterbody,0.4
2018,AT19,Albany Thicket,Artificial-waterbody,2.9456
2018,AT20,Albany Thicket,Artificial-waterbody,0.0812
2018,AT21,Albany Thicket,Artificial-waterbody,8.9272
2018,AT22,Albany Thicket,Artificial-waterbody,3.4228
2018,AT23,Albany Thicket,Artificial-waterbody,0.1052
2018,AT24,Albany Thicket,Artificial-waterbody,1.3364
2018,AT25,Albany Thicket,Artificial-waterbody,0.51
2018,AT26,Albany Thicket,Artificial-waterbody,0.0816
2018,AT27,Albany Thicket,Artificial-waterbody,0.2316
2018,AT28,Albany Thicket,Artificial-waterbody,0.9624
2018,AT29,Albany Thicket,Artificial-waterbody,0.4612
2018,AT30,Albany Thicket,Artificial-waterbody,2.382
2018,AT31,Albany Thicket,Artificial-waterbody,0.068
2018,AT32,Albany Thicket,Artificial-waterbody,5.6092
2018,AT33,Albany Thicket,Artificial-waterbody,0.3356
2018,AT34,Albany Thicket,Artificial-waterbody,0.112
2018,AT35,Albany Thicket,Artificial-waterbody,0.0012
2018,AT36,Albany Thicket,Artificial-waterbody,4.00E-04
2018,AT37,Albany Thicket,Artificial-waterbody,0.0528
2018,AT38,Albany Thicket,Artificial-waterbody,0.9332
2018,AT39,Albany Thicket,Artificial-waterbody,0.0312
2018,AT40,Albany Thicket,Artificial-waterbody,0.1424
2018,AT41,Albany Thicket,Artificial-waterbody,0.0752
2018,AT42,Albany Thicket,Artificial-waterbody,0.0136
2018,AT43,Albany Thicket,Artificial-waterbody,0.4916
2018,AT44,Albany Thicket,Artificial-waterbody,0.1344
2018,AT45,Albany Thicket,Artificial-waterbody,0.544
2018,AT46,Albany Thicket,Artificial-waterbody,0.2428
2018,AT47,Albany Thicket,Artificial-waterbody,0.86
2018,AT48,Albany Thicket,Artificial-waterbody,8.00E-04
2018,AT49,Albany Thicket,Artificial-waterbody,19.9636
2018,AT50,Albany Thicket,Artificial-waterbody,0.658
2018,AT51,Albany Thicket,Artificial-waterbody,2.806
2018,AT52,Albany Thicket,Artificial-waterbody,0
2018,AT53,Albany Thicket,Artificial-waterbody,0.0108
2018,AT54,Albany Thicket,Artificial-waterbody,0.524
2018,AT55,Albany Thicket,Artificial-waterbody,0.2512
2018,AT56,Albany Thicket,Artificial-waterbody,0.542
2018,AT57,Albany Thicket,Artificial-waterbody,2.4024
2018,AT58,Albany Thicket,Artificial-waterbody,1.3988
2018,AZa1,Azonal,Artificial-waterbody,0.0036
2018,AZa2,Azonal,Artificial-waterbody,1.0156
2018,AZa3,Azonal,Artificial-waterbody,6.0616
2018,AZa4,Azonal,Artificial-waterbody,5.7444
2018,AZa5,Azonal,Artificial-waterbody,263.8672
2018,AZa6,Azonal,Artificial-waterbody,6.9016
2018,AZa7,Azonal,Artificial-waterbody,7.3132
2018,AZd1,Azonal,Artificial-waterbody,0.0668
2018,AZd2,Azonal,Artificial-waterbody,0.0016
2018,AZd3,Azonal,Artificial-waterbody,0.0352
2018,AZd4,Azonal,Artificial-waterbody,0.0064
2018,AZi1,Azonal,Artificial-waterbody,1.7132
2018,AZi3,Azonal,Artificial-waterbody,0.0012
2018,AZi5,Azonal,Artificial-waterbody,6.7636
2018,AZi6,Azonal,Artificial-waterbody,24.136
2018,AZi7,Azonal,Artificial-waterbody,3.4404
2018,AZi8,Azonal,Artificial-waterbody,0.5652
2018,AZs3,Azonal,Artificial-waterbody,0.0056
2018,CB1,IOCB,Artificial-waterbody,2.0288
2018,CB2,IOCB,Artificial-waterbody,0.1264
2018,CB3,IOCB,Artificial-waterbody,7.884
2018,CB4,IOCB,Artificial-waterbody,0.8936
2018,CB5,IOCB,Artificial-waterbody,0.3328
2018,CB6,IOCB,Artificial-waterbody,0.2964
2018,Dg1,Desert,Artificial-waterbody,0.0124
2018,Dg10,Desert,Artificial-waterbody,0.0488
2018,Dg2,Desert,Artificial-waterbody,0.0096
2018,Dg3,Desert,Artificial-waterbody,0
2018,Dg4,Desert,Artificial-waterbody,0.062
2018,Dg5,Desert,Artificial-waterbody,0.0684
2018,Dg6,Desert,Artificial-waterbody,0
2018,Dg7,Desert,Artificial-waterbody,0.008
2018,Dg8,Desert,Artificial-waterbody,0.0056
2018,Dg9,Desert,Artificial-waterbody,0.002
2018,Dn1,Desert,Artificial-waterbody,0.0276
2018,Dn2,Desert,Artificial-waterbody,0
2018,Dn3,Desert,Artificial-waterbody,0.0072
2018,Dn4,Desert,Artificial-waterbody,0.2256
2018,Dn5,Desert,Artificial-waterbody,0.0792
2018,FFa1,Fynbos,Artificial-waterbody,8.466
2018,FFa2,Fynbos,Artificial-waterbody,5.2236
2018,FFa3,Fynbos,Artificial-waterbody,20.8376
2018,FFa4,Fynbos,Artificial-waterbody,0.238
2018,FFb1,Fynbos,Artificial-waterbody,1.3324
2018,FFb2,Fynbos,Artificial-waterbody,0.0624
2018,FFb3,Fynbos,Artificial-waterbody,0.0188
2018,FFb4,Fynbos,Artificial-waterbody,0.0192
2018,FFb5,Fynbos,Artificial-waterbody,0.1264
2018,FFb6,Fynbos,Artificial-waterbody,0.6008
2018,FFc1,Fynbos,Artificial-waterbody,1.3796
2018,FFd1,Fynbos,Artificial-waterbody,0.004
2018,FFd10,Fynbos,Artificial-waterbody,0.1164
2018,FFd11,Fynbos,Artificial-waterbody,0.0596
2018,FFd2,Fynbos,Artificial-waterbody,1.4304
2018,FFd3,Fynbos,Artificial-waterbody,0.8704
2018,FFd4,Fynbos,Artificial-waterbody,1.2632
2018,FFd5,Fynbos,Artificial-waterbody,1.74
2018,FFd6,Fynbos,Artificial-waterbody,0.1164
2018,FFd7,Fynbos,Artificial-waterbody,0.0488
2018,FFd8,Fynbos,Artificial-waterbody,34.8248
2018,FFd9,Fynbos,Artificial-waterbody,0.0572
2018,FFf1,Fynbos,Artificial-waterbody,2.0108
2018,FFf2,Fynbos,Artificial-waterbody,0.03
2018,FFg1,Fynbos,Artificial-waterbody,0
2018,FFg2,Fynbos,Artificial-waterbody,8.7052
2018,FFg3,Fynbos,Artificial-waterbody,0.052
2018,FFg4,Fynbos,Artificial-waterbody,0.0384
2018,FFg5,Fynbos,Artificial-waterbody,2.0624
2018,FFh1,Fynbos,Artificial-waterbody,12.424
2018,FFh10,Fynbos,Artificial-waterbody,0.0128
2018,FFh11,Fynbos,Artificial-waterbody,0.0132
2018,FFh2,Fynbos,Artificial-waterbody,0.0084
2018,FFh3,Fynbos,Artificial-waterbody,0.1876
2018,FFh4,Fynbos,Artificial-waterbody,2.8596
2018,FFh5,Fynbos,Artificial-waterbody,0.856
2018,FFh6,Fynbos,Artificial-waterbody,26.6816
2018,FFh7,Fynbos,Artificial-waterbody,0.6376
2018,FFh8,Fynbos,Artificial-waterbody,0.2728
2018,FFh9,Fynbos,Artificial-waterbody,2.582
2018,FFl1,Fynbos,Artificial-waterbody,0.0596
2018,FFl2,Fynbos,Artificial-waterbody,0.07
2018,FFl3,Fynbos,Artificial-waterbody,4.00E-04
2018,FFq1,Fynbos,Artificial-waterbody,0
2018,FFq2,Fynbos,Artificial-waterbody,0.2836
2018,FFq3,Fynbos,Artificial-waterbody,0.1388
2018,FFq4,Fynbos,Artificial-waterbody,0.3008
2018,FFq5,Fynbos,Artificial-waterbody,0.0728
2018,FFq6,Fynbos,Artificial-waterbody,0.1332
2018,FFs1,Fynbos,Artificial-waterbody,0.3912
2018,FFs10,Fynbos,Artificial-waterbody,1.9424
2018,FFs11,Fynbos,Artificial-waterbody,6.8072
2018,FFs12,Fynbos,Artificial-waterbody,0.4408
2018,FFs13,Fynbos,Artificial-waterbody,0.0844
2018,FFs14,Fynbos,Artificial-waterbody,0.356
2018,FFs15,Fynbos,Artificial-waterbody,0.4728
2018,FFs16,Fynbos,Artificial-waterbody,0.2656
2018,FFs17,Fynbos,Artificial-waterbody,0.0584
2018,FFs18,Fynbos,Artificial-waterbody,0.5824
2018,FFs19,Fynbos,Artificial-waterbody,0.822
2018,FFs2,Fynbos,Artificial-waterbody,2.0332
2018,FFs20,Fynbos,Artificial-waterbody,7.2356
2018,FFs21,Fynbos,Artificial-waterbody,0.048
2018,FFs22,Fynbos,Artificial-waterbody,0.014
2018,FFs23,Fynbos,Artificial-waterbody,0.1188
2018,FFs24,Fynbos,Artificial-waterbody,0.136
2018,FFs25,Fynbos,Artificial-waterbody,0.0316
2018,FFs26,Fynbos,Artificial-waterbody,0.0684
2018,FFs27,Fynbos,Artificial-waterbody,0.3988
2018,FFs28,Fynbos,Artificial-waterbody,1.7948
2018,FFs29,Fynbos,Artificial-waterbody,0.1576
2018,FFs3,Fynbos,Artificial-waterbody,0.0732
2018,FFs30,Fynbos,Artificial-waterbody,0.0048
2018,FFs31,Fynbos,Artificial-waterbody,0.002
2018,FFs32,Fynbos,Artificial-waterbody,0.0244
2018,FFs4,Fynbos,Artificial-waterbody,3.176
2018,FFs5,Fynbos,Artificial-waterbody,5.2016
2018,FFs6,Fynbos,Artificial-waterbody,0.4992
2018,FFs7,Fynbos,Artificial-waterbody,2.006
2018,FFs8,Fynbos,Artificial-waterbody,0.142
2018,FFs9,Fynbos,Artificial-waterbody,0.384
2018,FFt1,Fynbos,Artificial-waterbody,0.0984
2018,FFt2,Fynbos,Artificial-waterbody,0.0616
2018,FOa1,Forest,Artificial-waterbody,0.1268
2018,FOa2,Forest,Artificial-waterbody,0.0252
2018,FOa3,Forest,Artificial-waterbody,0.026
2018,FOz1,Forest,Artificial-waterbody,0.0992
2018,FOz2,Forest,Artificial-waterbody,0.0092
2018,FOz3,Forest,Artificial-waterbody,0.024
2018,FOz4,Forest,Artificial-waterbody,0.0016
2018,FOz5,Forest,Artificial-waterbody,0.0768
2018,FOz6,Forest,Artificial-waterbody,0
2018,FOz7,Forest,Artificial-waterbody,0.6056
2018,FOz8,Forest,Artificial-waterbody,0.0012
2018,FOz9,Forest,Artificial-waterbody,0
2018,FRa1,Fynbos,Artificial-waterbody,7.2676
2018,FRa2,Fynbos,Artificial-waterbody,0.0748
2018,FRc1,Fynbos,Artificial-waterbody,0.2812
2018,FRc2,Fynbos,Artificial-waterbody,0.2
2018,FRd1,Fynbos,Artificial-waterbody,0.7352
2018,FRd2,Fynbos,Artificial-waterbody,0.358
2018,FRg1,Fynbos,Artificial-waterbody,0.024
2018,FRg2,Fynbos,Artificial-waterbody,4.8084
2018,FRg3,Fynbos,Artificial-waterbody,0
2018,FRl1,Fynbos,Artificial-waterbody,1.108
2018,FRs1,Fynbos,Artificial-waterbody,0.0284
2018,FRs10,Fynbos,Artificial-waterbody,0.0524
2018,FRs11,Fynbos,Artificial-waterbody,21.0772
2018,FRs12,Fynbos,Artificial-waterbody,1.012
2018,FRs13,Fynbos,Artificial-waterbody,0.952
2018,FRs14,Fynbos,Artificial-waterbody,0.594
2018,FRs15,Fynbos,Artificial-waterbody,0.112
2018,FRs16,Fynbos,Artificial-waterbody,0.9092
2018,FRs17,Fynbos,Artificial-waterbody,2.742
2018,FRs18,Fynbos,Artificial-waterbody,0
2018,FRs19,Fynbos,Artificial-waterbody,3.7724
2018,FRs2,Fynbos,Artificial-waterbody,0.1168
2018,FRs20,Fynbos,Artificial-waterbody,1.3568
2018,FRs3,Fynbos,Artificial-waterbody,2.8552
2018,FRs4,Fynbos,Artificial-waterbody,9.9868
2018,FRs5,Fynbos,Artificial-waterbody,0.3984
2018,FRs6,Fynbos,Artificial-waterbody,2.252
2018,FRs7,Fynbos,Artificial-waterbody,2.6824
2018,FRs8,Fynbos,Artificial-waterbody,5.786
2018,FRs9,Fynbos,Artificial-waterbody,16.9536
2018,FS1,Fynbos,Artificial-waterbody,0.0332
2018,FS10,Fynbos,Artificial-waterbody,0.0208
2018,FS11,Fynbos,Artificial-waterbody,4.00E-04
2018,FS12,Fynbos,Artificial-waterbody,0.0168
2018,FS13,Fynbos,Artificial-waterbody,0.0056
2018,FS14,Fynbos,Artificial-waterbody,0.0168
2018,FS2,Fynbos,Artificial-waterbody,0.0424
2018,FS3,Fynbos,Artificial-waterbody,0.6244
2018,FS4,Fynbos,Artificial-waterbody,0
2018,FS5,Fynbos,Artificial-waterbody,0.8484
2018,FS6,Fynbos,Artificial-waterbody,2.316
2018,FS7,Fynbos,Artificial-waterbody,0.0116
2018,FS9,Fynbos,Artificial-waterbody,0.0276
2018,Gd1,Grassland,Artificial-waterbody,16.1744
2018,Gd10,Grassland,Artificial-waterbody,0.1548
2018,Gd2,Grassland,Artificial-waterbody,0.036
2018,Gd3,Grassland,Artificial-waterbody,14.8056
2018,Gd4,Grassland,Artificial-waterbody,3.8452
2018,Gd5,Grassland,Artificial-waterbody,3.0668
2018,Gd6,Grassland,Artificial-waterbody,0
2018,Gd7,Grassland,Artificial-waterbody,0.2204
2018,Gd8,Grassland,Artificial-waterbody,1.0452
2018,Gh1,Grassland,Artificial-waterbody,8.9148
2018,Gh10,Grassland,Artificial-waterbody,29.2548
2018,Gh11,Grassland,Artificial-waterbody,1.8092
2018,Gh12,Grassland,Artificial-waterbody,0.5396
2018,Gh13,Grassland,Artificial-waterbody,2.9928
2018,Gh14,Grassland,Artificial-waterbody,5.2096
2018,Gh15,Grassland,Artificial-waterbody,10.5772
2018,Gh2,Grassland,Artificial-waterbody,68.5528
2018,Gh3,Grassland,Artificial-waterbody,225.2356
2018,Gh4,Grassland,Artificial-waterbody,163.0836
2018,Gh5,Grassland,Artificial-waterbody,4.4068
2018,Gh6,Grassland,Artificial-waterbody,96.0316
2018,Gh7,Grassland,Artificial-waterbody,3.5536
2018,Gh8,Grassland,Artificial-waterbody,0.104
2018,Gh9,Grassland,Artificial-waterbody,7.968
2018,Gm1,Grassland,Artificial-waterbody,14.6168
2018,Gm10,Grassland,Artificial-waterbody,3.714
2018,Gm11,Grassland,Artificial-waterbody,51.5724
2018,Gm12,Grassland,Artificial-waterbody,149.7064
2018,Gm13,Grassland,Artificial-waterbody,11.0328
2018,Gm14,Grassland,Artificial-waterbody,18.0884
2018,Gm15,Grassland,Artificial-waterbody,4.7292
2018,Gm16,Grassland,Artificial-waterbody,19.1488
2018,Gm17,Grassland,Artificial-waterbody,0.8132
2018,Gm19,Grassland,Artificial-waterbody,2.6168
2018,Gm2,Grassland,Artificial-waterbody,1.0064
2018,Gm20,Grassland,Artificial-waterbody,0
2018,Gm21,Grassland,Artificial-waterbody,13.0304
2018,Gm22,Grassland,Artificial-waterbody,0.324
2018,Gm23,Grassland,Artificial-waterbody,0.136
2018,Gm24,Grassland,Artificial-waterbody,0
2018,Gm25,Grassland,Artificial-waterbody,4.4996
2018,Gm26,Grassland,Artificial-waterbody,4.00E-04
2018,Gm27,Grassland,Artificial-waterbody,0
2018,Gm28,Grassland,Artificial-waterbody,0
2018,Gm29,Grassland,Artificial-waterbody,0.194
2018,Gm3,Grassland,Artificial-waterbody,71.4644
2018,Gm30,Grassland,Artificial-waterbody,10.504
2018,Gm31,Grassland,Artificial-waterbody,0.1908
2018,Gm4,Grassland,Artificial-waterbody,94.3388
2018,Gm5,Grassland,Artificial-waterbody,1.3548
2018,Gm6,Grassland,Artificial-waterbody,323.8968
2018,Gm7,Grassland,Artificial-waterbody,0.0128
2018,Gm8,Grassland,Artificial-waterbody,124.3176
2018,Gm9,Grassland,Artificial-waterbody,7.942
2018,Gs1,Grassland,Artificial-waterbody,1.49
2018,Gs10,Grassland,Artificial-waterbody,21.8416
2018,Gs11,Grassland,Artificial-waterbody,20.8048
2018,Gs12,Grassland,Artificial-waterbody,25.3184
2018,Gs13,Grassland,Artificial-waterbody,16.0044
2018,Gs14,Grassland,Artificial-waterbody,4.5104
2018,Gs15,Grassland,Artificial-waterbody,49.3164
2018,Gs16,Grassland,Artificial-waterbody,10.136
2018,Gs17,Grassland,Artificial-waterbody,3.638
2018,Gs18,Grassland,Artificial-waterbody,0.8024
2018,Gs19,Grassland,Artificial-waterbody,23.0288
2018,Gs2,Grassland,Artificial-waterbody,0.4028
2018,Gs20,Grassland,Artificial-waterbody,5.5076
2018,Gs3,Grassland,Artificial-waterbody,6.684
2018,Gs4,Grassland,Artificial-waterbody,100.6984
2018,Gs6,Grassland,Artificial-waterbody,37.1724
2018,Gs7,Grassland,Artificial-waterbody,13.46
2018,Gs8,Grassland,Artificial-waterbody,32.2764
2018,Gs9,Grassland,Artificial-waterbody,14.804
2018,NKb1,Nama-Karoo,Artificial-waterbody,0.2788
2018,NKb2,Nama-Karoo,Artificial-waterbody,0.0144
2018,NKb3,Nama-Karoo,Artificial-waterbody,4.654
2018,NKb4,Nama-Karoo,Artificial-waterbody,0.0076
2018,NKb5,Nama-Karoo,Artificial-waterbody,1.7168
2018,NKb6,Nama-Karoo,Artificial-waterbody,14.3764
2018,NKl1,Nama-Karoo,Artificial-waterbody,4.0516
2018,NKl2,Nama-Karoo,Artificial-waterbody,5.4696
2018,NKl4,Nama-Karoo,Artificial-waterbody,0.9116
2018,NKu1,Nama-Karoo,Artificial-waterbody,6.4088
2018,NKu2,Nama-Karoo,Artificial-waterbody,0.9756
2018,NKu3,Nama-Karoo,Artificial-waterbody,18.9812
2018,NKu4,Nama-Karoo,Artificial-waterbody,262.7548
2018,NOTVEG,NOTVEG,Artificial-waterbody,8.9008
2018,SKk1,Succulent Karoo,Artificial-waterbody,0
2018,SKk2,Succulent Karoo,Artificial-waterbody,0
2018,SKk3,Succulent Karoo,Artificial-waterbody,0.2224
2018,SKk4,Succulent Karoo,Artificial-waterbody,0.1416
2018,SKk5,Succulent Karoo,Artificial-waterbody,0.6432
2018,SKk6,Succulent Karoo,Artificial-waterbody,0.0192
2018,SKk7,Succulent Karoo,Artificial-waterbody,11.262
2018,SKk8,Succulent Karoo,Artificial-waterbody,0
2018,SKk9,Succulent Karoo,Artificial-waterbody,0.0876
2018,SKn1,Succulent Karoo,Artificial-waterbody,0.1164
2018,SKn2,Succulent Karoo,Artificial-waterbody,0.0168
2018,SKn3,Succulent Karoo,Artificial-waterbody,0.0628
2018,SKn4,Succulent Karoo,Artificial-waterbody,0.0348
2018,SKn5,Succulent Karoo,Artificial-waterbody,0
2018,SKn6,Succulent Karoo,Artificial-waterbody,0.014
2018,SKn7,Succulent Karoo,Artificial-waterbody,0.0168
2018,SKr1,Succulent Karoo,Artificial-waterbody,0.0176
2018,SKr10,Succulent Karoo,Artificial-waterbody,0
2018,SKr11,Succulent Karoo,Artificial-waterbody,0
2018,SKr12,Succulent Karoo,Artificial-waterbody,0
2018,SKr13,Succulent Karoo,Artificial-waterbody,0
2018,SKr14,Succulent Karoo,Artificial-waterbody,0
2018,SKr15,Succulent Karoo,Artificial-waterbody,0
2018,SKr16,Succulent Karoo,Artificial-waterbody,0.0132
2018,SKr17,Succulent Karoo,Artificial-waterbody,0
2018,SKr18,Succulent Karoo,Artificial-waterbody,0.0036
2018,SKr19,Succulent Karoo,Artificial-waterbody,0.3
2018,SKr2,Succulent Karoo,Artificial-waterbody,0
2018,SKr3,Succulent Karoo,Artificial-waterbody,0.0028
2018,SKr4,Succulent Karoo,Artificial-waterbody,4.00E-04
2018,SKr5,Succulent Karoo,Artificial-waterbody,0
2018,SKr6,Succulent Karoo,Artificial-waterbody,0
2018,SKr7,Succulent Karoo,Artificial-waterbody,4.00E-04
2018,SKr8,Succulent Karoo,Artificial-waterbody,0.024
2018,SKr9,Succulent Karoo,Artificial-waterbody,0
2018,SKs1,Succulent Karoo,Artificial-waterbody,0.324
2018,SKs10,Succulent Karoo,Artificial-waterbody,0
2018,SKs11,Succulent Karoo,Artificial-waterbody,0
2018,SKs12,Succulent Karoo,Artificial-waterbody,0.0164
2018,SKs13,Succulent Karoo,Artificial-waterbody,0.2784
2018,SKs14,Succulent Karoo,Artificial-waterbody,0.0812
2018,SKs2,Succulent Karoo,Artificial-waterbody,0
2018,SKs3,Succulent Karoo,Artificial-waterbody,0
2018,SKs4,Succulent Karoo,Artificial-waterbody,0
2018,SKs5,Succulent Karoo,Artificial-waterbody,0
2018,SKs6,Succulent Karoo,Artificial-waterbody,0
2018,SKs7,Succulent Karoo,Artificial-waterbody,0.9304
2018,SKs8,Succulent Karoo,Artificial-waterbody,0.4616
2018,SKs9,Succulent Karoo,Artificial-waterbody,0.1996
2018,SKt1,Succulent Karoo,Artificial-waterbody,0
2018,SKt2,Succulent Karoo,Artificial-waterbody,3.2744
2018,SKt3,Succulent Karoo,Artificial-waterbody,3.4388
2018,SKv1,Succulent Karoo,Artificial-waterbody,0.8316
2018,SKv10,Succulent Karoo,Artificial-waterbody,0.1104
2018,SKv11,Succulent Karoo,Artificial-waterbody,2.7756
2018,SKv13,Succulent Karoo,Artificial-waterbody,1.254
2018,SKv14,Succulent Karoo,Artificial-waterbody,1.2528
2018,SKv2,Succulent Karoo,Artificial-waterbody,0.2152
2018,SKv3,Succulent Karoo,Artificial-waterbody,0.1904
2018,SKv4,Succulent Karoo,Artificial-waterbody,0.0676
2018,SKv5,Succulent Karoo,Artificial-waterbody,1.1992
2018,SKv6,Succulent Karoo,Artificial-waterbody,1.7116
2018,SKv7,Succulent Karoo,Artificial-waterbody,4.3496
2018,SKv8,Succulent Karoo,Artificial-waterbody,3.4084
2018,SVcb1,Savanna,Artificial-waterbody,8.5584
2018,SVcb10,Savanna,Artificial-waterbody,1.6196
2018,SVcb11,Savanna,Artificial-waterbody,12.2364
2018,SVcb12,Savanna,Artificial-waterbody,85.9396
2018,SVcb13,Savanna,Artificial-waterbody,5.0932
2018,SVcb14,Savanna,Artificial-waterbody,24.4732
2018,SVcb15,Savanna,Artificial-waterbody,6.9188
2018,SVcb16,Savanna,Artificial-waterbody,26.1792
2018,SVcb17,Savanna,Artificial-waterbody,6.896
2018,SVcb18,Savanna,Artificial-waterbody,2.1632
2018,SVcb19,Savanna,Artificial-waterbody,3.5392
2018,SVcb2,Savanna,Artificial-waterbody,0.1048
2018,SVcb20,Savanna,Artificial-waterbody,9.6996
2018,SVcb21,Savanna,Artificial-waterbody,10.5536
2018,SVcb22,Savanna,Artificial-waterbody,0
2018,SVcb23,Savanna,Artificial-waterbody,4.8628
2018,SVcb24,Savanna,Artificial-waterbody,0.1708
2018,SVcb25,Savanna,Artificial-waterbody,0.0156
2018,SVcb26,Savanna,Artificial-waterbody,0.8632
2018,SVcb27,Savanna,Artificial-waterbody,3.2564
2018,SVcb28,Savanna,Artificial-waterbody,18.922
2018,SVcb29,Savanna,Artificial-waterbody,0.092
2018,SVcb3,Savanna,Artificial-waterbody,14.146
2018,SVcb4,Savanna,Artificial-waterbody,5.4216
2018,SVcb5,Savanna,Artificial-waterbody,0.0568
2018,SVcb6,Savanna,Artificial-waterbody,23.2628
2018,SVcb7,Savanna,Artificial-waterbody,1.9616
2018,SVcb8,Savanna,Artificial-waterbody,23.2204
2018,SVcb9,Savanna,Artificial-waterbody,4.482
2018,SVk1,Savanna,Artificial-waterbody,0.1624
2018,SVk10,Savanna,Artificial-waterbody,0.6248
2018,SVk11,Savanna,Artificial-waterbody,0.7144
2018,SVk12,Savanna,Artificial-waterbody,1.0644
2018,SVk13,Savanna,Artificial-waterbody,1.7644
2018,SVk14,Savanna,Artificial-waterbody,0.31
2018,SVk15,Savanna,Artificial-waterbody,0.006
2018,SVk16,Savanna,Artificial-waterbody,0.0564
2018,SVk17,Savanna,Artificial-waterbody,10.8516
2018,SVk18,Savanna,Artificial-waterbody,0.0472
2018,SVk2,Savanna,Artificial-waterbody,2.4956
2018,SVk3,Savanna,Artificial-waterbody,0.8392
2018,SVk4,Savanna,Artificial-waterbody,15.372
2018,SVk5,Savanna,Artificial-waterbody,0.276
2018,SVk6,Savanna,Artificial-waterbody,25.9444
2018,SVk7,Savanna,Artificial-waterbody,0.5812
2018,SVk8,Savanna,Artificial-waterbody,0.8504
2018,SVk9,Savanna,Artificial-waterbody,0.9244
2018,SVkd1,Savanna,Artificial-waterbody,1.9436
2018,SVkd2,Savanna,Artificial-waterbody,0.0144
2018,SVkd3,Savanna,Artificial-waterbody,0.0016
2018,SVkd4,Savanna,Artificial-waterbody,0
2018,SVl1,Savanna,Artificial-waterbody,2.7452
2018,SVl10,Savanna,Artificial-waterbody,0.8584
2018,SVl11,Savanna,Artificial-waterbody,0.0804
2018,SVl12,Savanna,Artificial-waterbody,0.4868
2018,SVl13,Savanna,Artificial-waterbody,0.126
2018,SVl14,Savanna,Artificial-waterbody,13.5008
2018,SVl15,Savanna,Artificial-waterbody,0.3744
2018,SVl16,Savanna,Artificial-waterbody,6.2888
2018,SVl17,Savanna,Artificial-waterbody,0.0552
2018,SVl18,Savanna,Artificial-waterbody,0.04
2018,SVl19,Savanna,Artificial-waterbody,0.0012
2018,SVl2,Savanna,Artificial-waterbody,0
2018,SVl20,Savanna,Artificial-waterbody,79.236
2018,SVl21,Savanna,Artificial-waterbody,0.2392
2018,SVl22,Savanna,Artificial-waterbody,1.6248
2018,SVl23,Savanna,Artificial-waterbody,10.4028
2018,SVl24,Savanna,Artificial-waterbody,1.1296
2018,SVl25,Savanna,Artificial-waterbody,0.4288
2018,SVl26,Savanna,Artificial-waterbody,0.0016
2018,SVl27,Savanna,Artificial-waterbody,0.27
2018,SVl3,Savanna,Artificial-waterbody,52.0044
2018,SVl4,Savanna,Artificial-waterbody,2.7668
2018,SVl5,Savanna,Artificial-waterbody,4.188
2018,SVl6,Savanna,Artificial-waterbody,0.0504
2018,SVl7,Savanna,Artificial-waterbody,0.026
2018,SVl8,Savanna,Artificial-waterbody,17.2892
2018,SVl9,Savanna,Artificial-waterbody,20.8156
2018,SVmp1,Savanna,Artificial-waterbody,4.7868
2018,SVmp2,Savanna,Artificial-waterbody,1.4024
2018,SVmp3,Savanna,Artificial-waterbody,0.0156
2018,SVmp4,Savanna,Artificial-waterbody,0.5432
2018,SVmp5,Savanna,Artificial-waterbody,3.5512
2018,SVmp6,Savanna,Artificial-waterbody,7.72
2018,SVmp7,Savanna,Artificial-waterbody,4.3948
2018,SVmp8,Savanna,Artificial-waterbody,0.0168
2018,SVs1,Savanna,Artificial-waterbody,0.8604
2018,SVs2,Savanna,Artificial-waterbody,2.1332
2018,SVs3,Savanna,Artificial-waterbody,2.4228
2018,SVs4,Savanna,Artificial-waterbody,0.3184
2018,SVs5,Savanna,Artificial-waterbody,2.7708
2018,SVs6,Savanna,Artificial-waterbody,49.712
2018,SVs7,Savanna,Artificial-waterbody,10.5436
2018,SVs8,Savanna,Artificial-waterbody,1.3808
2020,AT15,Albany Thicket,Artificial-waterbody,0.0012
2020,AT16,Albany Thicket,Artificial-waterbody,0.0612
2020,AT17,Albany Thicket,Artificial-waterbody,0.3984
2020,AT18,Albany Thicket,Artificial-waterbody,0.2788
2020,AT19,Albany Thicket,Artificial-waterbody,2.1364
2020,AT20,Albany Thicket,Artificial-waterbody,0.0828
2020,AT21,Albany Thicket,Artificial-waterbody,6.3244
2020,AT22,Albany Thicket,Artificial-waterbody,3.1748
2020,AT23,Albany Thicket,Artificial-waterbody,0.1072
2020,AT24,Albany Thicket,Artificial-waterbody,1.578
2020,AT25,Albany Thicket,Artificial-waterbody,0.52
2020,AT26,Albany Thicket,Artificial-waterbody,0.076
2020,AT27,Albany Thicket,Artificial-waterbody,0.2876
2020,AT28,Albany Thicket,Artificial-waterbody,0.986
2020,AT29,Albany Thicket,Artificial-waterbody,0.4976
2020,AT30,Albany Thicket,Artificial-waterbody,2.0252
2020,AT31,Albany Thicket,Artificial-waterbody,0.0316
2020,AT32,Albany Thicket,Artificial-waterbody,4.7768
2020,AT33,Albany Thicket,Artificial-waterbody,0.6196
2020,AT34,Albany Thicket,Artificial-waterbody,0.1136
2020,AT35,Albany Thicket,Artificial-waterbody,0
2020,AT36,Albany Thicket,Artificial-waterbody,4.00E-04
2020,AT37,Albany Thicket,Artificial-waterbody,0.04
2020,AT38,Albany Thicket,Artificial-waterbody,0.5796
2020,AT39,Albany Thicket,Artificial-waterbody,0.0084
2020,AT40,Albany Thicket,Artificial-waterbody,0.1344
2020,AT41,Albany Thicket,Artificial-waterbody,0.0604
2020,AT42,Albany Thicket,Artificial-waterbody,0.0128
2020,AT43,Albany Thicket,Artificial-waterbody,0.6364
2020,AT44,Albany Thicket,Artificial-waterbody,0.0836
2020,AT45,Albany Thicket,Artificial-waterbody,0.2744
2020,AT46,Albany Thicket,Artificial-waterbody,1.0464
2020,AT47,Albany Thicket,Artificial-waterbody,0.6536
2020,AT48,Albany Thicket,Artificial-waterbody,8.00E-04
2020,AT49,Albany Thicket,Artificial-waterbody,20.2892
2020,AT50,Albany Thicket,Artificial-waterbody,0.6156
2020,AT51,Albany Thicket,Artificial-waterbody,2.458
2020,AT52,Albany Thicket,Artificial-waterbody,0
2020,AT53,Albany Thicket,Artificial-waterbody,0.0104
2020,AT54,Albany Thicket,Artificial-waterbody,0.4208
2020,AT55,Albany Thicket,Artificial-waterbody,0.3284
2020,AT56,Albany Thicket,Artificial-waterbody,0.4028
2020,AT57,Albany Thicket,Artificial-waterbody,2.2724
2020,AT58,Albany Thicket,Artificial-waterbody,1.2736
2020,AZa1,Azonal,Artificial-waterbody,0.0096
2020,AZa2,Azonal,Artificial-waterbody,1.0348
2020,AZa3,Azonal,Artificial-waterbody,5.1596
2020,AZa4,Azonal,Artificial-waterbody,5.4224
2020,AZa5,Azonal,Artificial-waterbody,265.7904
2020,AZa6,Azonal,Artificial-waterbody,6.5396
2020,AZa7,Azonal,Artificial-waterbody,6.9672
2020,AZd1,Azonal,Artificial-waterbody,0.064
2020,AZd2,Azonal,Artificial-waterbody,0.002
2020,AZd3,Azonal,Artificial-waterbody,0.0124
2020,AZd4,Azonal,Artificial-waterbody,0.0072
2020,AZi1,Azonal,Artificial-waterbody,1.9408
2020,AZi3,Azonal,Artificial-waterbody,0.0168
2020,AZi5,Azonal,Artificial-waterbody,6.6248
2020,AZi6,Azonal,Artificial-waterbody,34.7252
2020,AZi7,Azonal,Artificial-waterbody,1.2644
2020,AZi8,Azonal,Artificial-waterbody,0.6628
2020,AZs3,Azonal,Artificial-waterbody,0.0012
2020,CB1,IOCB,Artificial-waterbody,1.6892
2020,CB2,IOCB,Artificial-waterbody,0.0864
2020,CB3,IOCB,Artificial-waterbody,7.6256
2020,CB4,IOCB,Artificial-waterbody,0.9356
2020,CB5,IOCB,Artificial-waterbody,0.3832
2020,CB6,IOCB,Artificial-waterbody,0.2804
2020,Dg1,Desert,Artificial-waterbody,0.0188
2020,Dg10,Desert,Artificial-waterbody,0.1524
2020,Dg2,Desert,Artificial-waterbody,0.0284
2020,Dg3,Desert,Artificial-waterbody,8.00E-04
2020,Dg4,Desert,Artificial-waterbody,0.0672
2020,Dg5,Desert,Artificial-waterbody,0.1248
2020,Dg6,Desert,Artificial-waterbody,0
2020,Dg7,Desert,Artificial-waterbody,0.0152
2020,Dg8,Desert,Artificial-waterbody,0.0096
2020,Dg9,Desert,Artificial-waterbody,0.0044
2020,Dn1,Desert,Artificial-waterbody,0.0124
2020,Dn2,Desert,Artificial-waterbody,0
2020,Dn3,Desert,Artificial-waterbody,0.0036
2020,Dn4,Desert,Artificial-waterbody,0.1384
2020,Dn5,Desert,Artificial-waterbody,0.1228
2020,FFa1,Fynbos,Artificial-waterbody,11.054
2020,FFa2,Fynbos,Artificial-waterbody,5.266
2020,FFa3,Fynbos,Artificial-waterbody,20.9652
2020,FFa4,Fynbos,Artificial-waterbody,0.246
2020,FFb1,Fynbos,Artificial-waterbody,1.182
2020,FFb2,Fynbos,Artificial-waterbody,0.0548
2020,FFb3,Fynbos,Artificial-waterbody,0.028
2020,FFb4,Fynbos,Artificial-waterbody,0.0104
2020,FFb5,Fynbos,Artificial-waterbody,0.1276
2020,FFb6,Fynbos,Artificial-waterbody,0.488
2020,FFc1,Fynbos,Artificial-waterbody,1.3016
2020,FFd1,Fynbos,Artificial-waterbody,0.0092
2020,FFd10,Fynbos,Artificial-waterbody,0.128
2020,FFd11,Fynbos,Artificial-waterbody,0.0704
2020,FFd2,Fynbos,Artificial-waterbody,1.3804
2020,FFd3,Fynbos,Artificial-waterbody,0.9188
2020,FFd4,Fynbos,Artificial-waterbody,1.3348
2020,FFd5,Fynbos,Artificial-waterbody,1.806
2020,FFd6,Fynbos,Artificial-waterbody,0.158
2020,FFd7,Fynbos,Artificial-waterbody,0.3556
2020,FFd8,Fynbos,Artificial-waterbody,35.794
2020,FFd9,Fynbos,Artificial-waterbody,0.088
2020,FFf1,Fynbos,Artificial-waterbody,2.3152
2020,FFf2,Fynbos,Artificial-waterbody,0.0372
2020,FFg1,Fynbos,Artificial-waterbody,0
2020,FFg2,Fynbos,Artificial-waterbody,8.9468
2020,FFg3,Fynbos,Artificial-waterbody,0.0964
2020,FFg4,Fynbos,Artificial-waterbody,0.0256
2020,FFg5,Fynbos,Artificial-waterbody,1.6568
2020,FFh1,Fynbos,Artificial-waterbody,14.5008
2020,FFh10,Fynbos,Artificial-waterbody,0.0076
2020,FFh11,Fynbos,Artificial-waterbody,0.0108
2020,FFh2,Fynbos,Artificial-waterbody,0.0668
2020,FFh3,Fynbos,Artificial-waterbody,0.2176
2020,FFh4,Fynbos,Artificial-waterbody,2.7668
2020,FFh5,Fynbos,Artificial-waterbody,0.8244
2020,FFh6,Fynbos,Artificial-waterbody,35.5072
2020,FFh7,Fynbos,Artificial-waterbody,0.7448
2020,FFh8,Fynbos,Artificial-waterbody,0.39
2020,FFh9,Fynbos,Artificial-waterbody,2.1432
2020,FFl1,Fynbos,Artificial-waterbody,0.086
2020,FFl2,Fynbos,Artificial-waterbody,0.0852
2020,FFl3,Fynbos,Artificial-waterbody,0.0016
2020,FFq1,Fynbos,Artificial-waterbody,0
2020,FFq2,Fynbos,Artificial-waterbody,0.628
2020,FFq3,Fynbos,Artificial-waterbody,0.2136
2020,FFq4,Fynbos,Artificial-waterbody,0.316
2020,FFq5,Fynbos,Artificial-waterbody,0.0572
2020,FFq6,Fynbos,Artificial-waterbody,0.0656
2020,FFs1,Fynbos,Artificial-waterbody,0.2788
2020,FFs10,Fynbos,Artificial-waterbody,2.1488
2020,FFs11,Fynbos,Artificial-waterbody,7.3504
2020,FFs12,Fynbos,Artificial-waterbody,0.4296
2020,FFs13,Fynbos,Artificial-waterbody,0.086
2020,FFs14,Fynbos,Artificial-waterbody,0.3788
2020,FFs15,Fynbos,Artificial-waterbody,0.5396
2020,FFs16,Fynbos,Artificial-waterbody,0.1552
2020,FFs17,Fynbos,Artificial-waterbody,0.01
2020,FFs18,Fynbos,Artificial-waterbody,0.564
2020,FFs19,Fynbos,Artificial-waterbody,0.6948
2020,FFs2,Fynbos,Artificial-waterbody,1.6624
2020,FFs20,Fynbos,Artificial-waterbody,6.7756
2020,FFs21,Fynbos,Artificial-waterbody,0.0528
2020,FFs22,Fynbos,Artificial-waterbody,0.0112
2020,FFs23,Fynbos,Artificial-waterbody,0.2196
2020,FFs24,Fynbos,Artificial-waterbody,0.226
2020,FFs25,Fynbos,Artificial-waterbody,0.0392
2020,FFs26,Fynbos,Artificial-waterbody,0.046
2020,FFs27,Fynbos,Artificial-waterbody,0.1908
2020,FFs28,Fynbos,Artificial-waterbody,1.3452
2020,FFs29,Fynbos,Artificial-waterbody,0.1332
2020,FFs3,Fynbos,Artificial-waterbody,0.0956
2020,FFs30,Fynbos,Artificial-waterbody,0.0072
2020,FFs31,Fynbos,Artificial-waterbody,0.0376
2020,FFs32,Fynbos,Artificial-waterbody,0.0348
2020,FFs4,Fynbos,Artificial-waterbody,3.328
2020,FFs5,Fynbos,Artificial-waterbody,6.0024
2020,FFs6,Fynbos,Artificial-waterbody,0.528
2020,FFs7,Fynbos,Artificial-waterbody,2.1104
2020,FFs8,Fynbos,Artificial-waterbody,0.1776
2020,FFs9,Fynbos,Artificial-waterbody,0.3668
2020,FFt1,Fynbos,Artificial-waterbody,0.0912
2020,FFt2,Fynbos,Artificial-waterbody,0.0276
2020,FOa1,Forest,Artificial-waterbody,0.0716
2020,FOa2,Forest,Artificial-waterbody,0.0168
2020,FOa3,Forest,Artificial-waterbody,0.0508
2020,FOz1,Forest,Artificial-waterbody,0.0764
2020,FOz2,Forest,Artificial-waterbody,0.006
2020,FOz3,Forest,Artificial-waterbody,0.0212
2020,FOz4,Forest,Artificial-waterbody,0.0044
2020,FOz5,Forest,Artificial-waterbody,0.0704
2020,FOz6,Forest,Artificial-waterbody,0.0016
2020,FOz7,Forest,Artificial-waterbody,0.4492
2020,FOz8,Forest,Artificial-waterbody,0
2020,FOz9,Forest,Artificial-waterbody,0.0072
2020,FRa1,Fynbos,Artificial-waterbody,8.9456
2020,FRa2,Fynbos,Artificial-waterbody,0.0856
2020,FRc1,Fynbos,Artificial-waterbody,0.292
2020,FRc2,Fynbos,Artificial-waterbody,0.1708
2020,FRd1,Fynbos,Artificial-waterbody,0.3328
2020,FRd2,Fynbos,Artificial-waterbody,0.3
2020,FRg1,Fynbos,Artificial-waterbody,0.05
2020,FRg2,Fynbos,Artificial-waterbody,5.1196
2020,FRg3,Fynbos,Artificial-waterbody,0
2020,FRl1,Fynbos,Artificial-waterbody,1.3028
2020,FRs1,Fynbos,Artificial-waterbody,0.0496
2020,FRs10,Fynbos,Artificial-waterbody,0.0476
2020,FRs11,Fynbos,Artificial-waterbody,25.032
2020,FRs12,Fynbos,Artificial-waterbody,1.8172
2020,FRs13,Fynbos,Artificial-waterbody,0.8768
2020,FRs14,Fynbos,Artificial-waterbody,0.5572
2020,FRs15,Fynbos,Artificial-waterbody,0.1428
2020,FRs16,Fynbos,Artificial-waterbody,0.6856
2020,FRs17,Fynbos,Artificial-waterbody,2.4608
2020,FRs18,Fynbos,Artificial-waterbody,4.00E-04
2020,FRs19,Fynbos,Artificial-waterbody,2.5308
2020,FRs2,Fynbos,Artificial-waterbody,0.106
2020,FRs20,Fynbos,Artificial-waterbody,1.3324
2020,FRs3,Fynbos,Artificial-waterbody,2.3152
2020,FRs4,Fynbos,Artificial-waterbody,11.7352
2020,FRs5,Fynbos,Artificial-waterbody,0.4604
2020,FRs6,Fynbos,Artificial-waterbody,3.9616
2020,FRs7,Fynbos,Artificial-waterbody,3.8136
2020,FRs8,Fynbos,Artificial-waterbody,6.5712
2020,FRs9,Fynbos,Artificial-waterbody,17.6132
2020,FS1,Fynbos,Artificial-waterbody,0.0364
2020,FS10,Fynbos,Artificial-waterbody,0.0112
2020,FS11,Fynbos,Artificial-waterbody,0
2020,FS12,Fynbos,Artificial-waterbody,0.0192
2020,FS13,Fynbos,Artificial-waterbody,0.0032
2020,FS14,Fynbos,Artificial-waterbody,0.0476
2020,FS2,Fynbos,Artificial-waterbody,0.0496
2020,FS3,Fynbos,Artificial-waterbody,0.7804
2020,FS4,Fynbos,Artificial-waterbody,0
2020,FS5,Fynbos,Artificial-waterbody,0.5976
2020,FS6,Fynbos,Artificial-waterbody,1.826
2020,FS7,Fynbos,Artificial-waterbody,0.0192
2020,FS9,Fynbos,Artificial-waterbody,0.0268
2020,Gd1,Grassland,Artificial-waterbody,10.756
2020,Gd10,Grassland,Artificial-waterbody,0.0864
2020,Gd2,Grassland,Artificial-waterbody,0.0372
2020,Gd3,Grassland,Artificial-waterbody,10.9176
2020,Gd4,Grassland,Artificial-waterbody,3.0912
2020,Gd5,Grassland,Artificial-waterbody,2.65
2020,Gd6,Grassland,Artificial-waterbody,0
2020,Gd7,Grassland,Artificial-waterbody,0.2288
2020,Gd8,Grassland,Artificial-waterbody,0.432
2020,Gh1,Grassland,Artificial-waterbody,11.972
2020,Gh10,Grassland,Artificial-waterbody,42.3092
2020,Gh11,Grassland,Artificial-waterbody,2.0204
2020,Gh12,Grassland,Artificial-waterbody,0.718
2020,Gh13,Grassland,Artificial-waterbody,4.596
2020,Gh14,Grassland,Artificial-waterbody,6.546
2020,Gh15,Grassland,Artificial-waterbody,11.042
2020,Gh2,Grassland,Artificial-waterbody,58.816
2020,Gh3,Grassland,Artificial-waterbody,204.3848
2020,Gh4,Grassland,Artificial-waterbody,152.8736
2020,Gh5,Grassland,Artificial-waterbody,7.2948
2020,Gh6,Grassland,Artificial-waterbody,86.4036
2020,Gh7,Grassland,Artificial-waterbody,3.2936
2020,Gh8,Grassland,Artificial-waterbody,0.1252
2020,Gh9,Grassland,Artificial-waterbody,8.1556
2020,Gm1,Grassland,Artificial-waterbody,13.748
2020,Gm10,Grassland,Artificial-waterbody,4.014
2020,Gm11,Grassland,Artificial-waterbody,54.6676
2020,Gm12,Grassland,Artificial-waterbody,153.374
2020,Gm13,Grassland,Artificial-waterbody,10.8396
2020,Gm14,Grassland,Artificial-waterbody,15.2084
2020,Gm15,Grassland,Artificial-waterbody,4.5384
2020,Gm16,Grassland,Artificial-waterbody,16.7416
2020,Gm17,Grassland,Artificial-waterbody,0.658
2020,Gm19,Grassland,Artificial-waterbody,2.7268
2020,Gm2,Grassland,Artificial-waterbody,0.9712
2020,Gm20,Grassland,Artificial-waterbody,8.00E-04
2020,Gm21,Grassland,Artificial-waterbody,11.0988
2020,Gm22,Grassland,Artificial-waterbody,0.2432
2020,Gm23,Grassland,Artificial-waterbody,0.1384
2020,Gm24,Grassland,Artificial-waterbody,0
2020,Gm25,Grassland,Artificial-waterbody,2.736
2020,Gm26,Grassland,Artificial-waterbody,0
2020,Gm27,Grassland,Artificial-waterbody,4.00E-04
2020,Gm28,Grassland,Artificial-waterbody,4.00E-04
2020,Gm29,Grassland,Artificial-waterbody,0.222
2020,Gm3,Grassland,Artificial-waterbody,60.4032
2020,Gm30,Grassland,Artificial-waterbody,10.4664
2020,Gm31,Grassland,Artificial-waterbody,0.1924
2020,Gm4,Grassland,Artificial-waterbody,89.3008
2020,Gm5,Grassland,Artificial-waterbody,1.162
2020,Gm6,Grassland,Artificial-waterbody,227.4664
2020,Gm7,Grassland,Artificial-waterbody,0.0108
2020,Gm8,Grassland,Artificial-waterbody,123.592
2020,Gm9,Grassland,Artificial-waterbody,7.766
2020,Gs1,Grassland,Artificial-waterbody,1.486
2020,Gs10,Grassland,Artificial-waterbody,21.4456
2020,Gs11,Grassland,Artificial-waterbody,20.4636
2020,Gs12,Grassland,Artificial-waterbody,24.2324
2020,Gs13,Grassland,Artificial-waterbody,10.6992
2020,Gs14,Grassland,Artificial-waterbody,3.1184
2020,Gs15,Grassland,Artificial-waterbody,46.6004
2020,Gs16,Grassland,Artificial-waterbody,13.106
2020,Gs17,Grassland,Artificial-waterbody,3.0484
2020,Gs18,Grassland,Artificial-waterbody,1.132
2020,Gs19,Grassland,Artificial-waterbody,21.1052
2020,Gs2,Grassland,Artificial-waterbody,0.4028
2020,Gs20,Grassland,Artificial-waterbody,5.42
2020,Gs3,Grassland,Artificial-waterbody,6.5208
2020,Gs4,Grassland,Artificial-waterbody,97.2984
2020,Gs6,Grassland,Artificial-waterbody,36.2996
2020,Gs7,Grassland,Artificial-waterbody,13.1952
2020,Gs8,Grassland,Artificial-waterbody,30.5264
2020,Gs9,Grassland,Artificial-waterbody,14.4484
2020,NKb1,Nama-Karoo,Artificial-waterbody,0.2344
2020,NKb2,Nama-Karoo,Artificial-waterbody,0.0136
2020,NKb3,Nama-Karoo,Artificial-waterbody,3.4988
2020,NKb4,Nama-Karoo,Artificial-waterbody,0.0392
2020,NKb5,Nama-Karoo,Artificial-waterbody,0.6688
2020,NKb6,Nama-Karoo,Artificial-waterbody,5.788
2020,NKl1,Nama-Karoo,Artificial-waterbody,8.9612
2020,NKl2,Nama-Karoo,Artificial-waterbody,10.138
2020,NKl4,Nama-Karoo,Artificial-waterbody,0.8468
2020,NKu1,Nama-Karoo,Artificial-waterbody,5.4484
2020,NKu2,Nama-Karoo,Artificial-waterbody,1.8204
2020,NKu3,Nama-Karoo,Artificial-waterbody,30.2168
2020,NKu4,Nama-Karoo,Artificial-waterbody,269.4556
2020,NOTVEG,NOTVEG,Artificial-waterbody,8.158
2020,SKk1,Succulent Karoo,Artificial-waterbody,0.0036
2020,SKk2,Succulent Karoo,Artificial-waterbody,0
2020,SKk3,Succulent Karoo,Artificial-waterbody,0.2448
2020,SKk4,Succulent Karoo,Artificial-waterbody,0.0844
2020,SKk5,Succulent Karoo,Artificial-waterbody,0.6172
2020,SKk6,Succulent Karoo,Artificial-waterbody,0.0224
2020,SKk7,Succulent Karoo,Artificial-waterbody,11.2724
2020,SKk8,Succulent Karoo,Artificial-waterbody,8.00E-04
2020,SKk9,Succulent Karoo,Artificial-waterbody,0.1132
2020,SKn1,Succulent Karoo,Artificial-waterbody,0.234
2020,SKn2,Succulent Karoo,Artificial-waterbody,0.0728
2020,SKn3,Succulent Karoo,Artificial-waterbody,0.1416
2020,SKn4,Succulent Karoo,Artificial-waterbody,0.0812
2020,SKn5,Succulent Karoo,Artificial-waterbody,0
2020,SKn6,Succulent Karoo,Artificial-waterbody,0.02
2020,SKn7,Succulent Karoo,Artificial-waterbody,0.018
2020,SKr1,Succulent Karoo,Artificial-waterbody,0.0332
2020,SKr10,Succulent Karoo,Artificial-waterbody,0
2020,SKr11,Succulent Karoo,Artificial-waterbody,0
2020,SKr12,Succulent Karoo,Artificial-waterbody,0.0012
2020,SKr13,Succulent Karoo,Artificial-waterbody,0
2020,SKr14,Succulent Karoo,Artificial-waterbody,0
2020,SKr15,Succulent Karoo,Artificial-waterbody,0
2020,SKr16,Succulent Karoo,Artificial-waterbody,0.0016
2020,SKr17,Succulent Karoo,Artificial-waterbody,0
2020,SKr18,Succulent Karoo,Artificial-waterbody,0.0424
2020,SKr19,Succulent Karoo,Artificial-waterbody,0.2256
2020,SKr2,Succulent Karoo,Artificial-waterbody,0
2020,SKr3,Succulent Karoo,Artificial-waterbody,0.0044
2020,SKr4,Succulent Karoo,Artificial-waterbody,0
2020,SKr5,Succulent Karoo,Artificial-waterbody,0
2020,SKr6,Succulent Karoo,Artificial-waterbody,0.038
2020,SKr7,Succulent Karoo,Artificial-waterbody,4.00E-04
2020,SKr8,Succulent Karoo,Artificial-waterbody,0.038
2020,SKr9,Succulent Karoo,Artificial-waterbody,0
2020,SKs1,Succulent Karoo,Artificial-waterbody,0.286
2020,SKs10,Succulent Karoo,Artificial-waterbody,0
2020,SKs11,Succulent Karoo,Artificial-waterbody,0
2020,SKs12,Succulent Karoo,Artificial-waterbody,0.0168
2020,SKs13,Succulent Karoo,Artificial-waterbody,0.2936
2020,SKs14,Succulent Karoo,Artificial-waterbody,0.0668
2020,SKs2,Succulent Karoo,Artificial-waterbody,0
2020,SKs3,Succulent Karoo,Artificial-waterbody,0
2020,SKs4,Succulent Karoo,Artificial-waterbody,0
2020,SKs5,Succulent Karoo,Artificial-waterbody,0
2020,SKs6,Succulent Karoo,Artificial-waterbody,0
2020,SKs7,Succulent Karoo,Artificial-waterbody,1.028
2020,SKs8,Succulent Karoo,Artificial-waterbody,0.4288
2020,SKs9,Succulent Karoo,Artificial-waterbody,0.232
2020,SKt1,Succulent Karoo,Artificial-waterbody,0
2020,SKt2,Succulent Karoo,Artificial-waterbody,2.8808
2020,SKt3,Succulent Karoo,Artificial-waterbody,5.5796
2020,SKv1,Succulent Karoo,Artificial-waterbody,0.8188
2020,SKv10,Succulent Karoo,Artificial-waterbody,0.1664
2020,SKv11,Succulent Karoo,Artificial-waterbody,3.2516
2020,SKv13,Succulent Karoo,Artificial-waterbody,2.5952
2020,SKv14,Succulent Karoo,Artificial-waterbody,0.618
2020,SKv2,Succulent Karoo,Artificial-waterbody,0.222
2020,SKv3,Succulent Karoo,Artificial-waterbody,0.1948
2020,SKv4,Succulent Karoo,Artificial-waterbody,0.156
2020,SKv5,Succulent Karoo,Artificial-waterbody,1.1176
2020,SKv6,Succulent Karoo,Artificial-waterbody,1.1928
2020,SKv7,Succulent Karoo,Artificial-waterbody,5.0032
2020,SKv8,Succulent Karoo,Artificial-waterbody,3.4844
2020,SVcb1,Savanna,Artificial-waterbody,7.9836
2020,SVcb10,Savanna,Artificial-waterbody,1.7328
2020,SVcb11,Savanna,Artificial-waterbody,13.2008
2020,SVcb12,Savanna,Artificial-waterbody,85.528
2020,SVcb13,Savanna,Artificial-waterbody,5.3112
2020,SVcb14,Savanna,Artificial-waterbody,24.6616
2020,SVcb15,Savanna,Artificial-waterbody,6.016
2020,SVcb16,Savanna,Artificial-waterbody,18.8296
2020,SVcb17,Savanna,Artificial-waterbody,6.9724
2020,SVcb18,Savanna,Artificial-waterbody,5.4124
2020,SVcb19,Savanna,Artificial-waterbody,3.9372
2020,SVcb2,Savanna,Artificial-waterbody,0.1312
2020,SVcb20,Savanna,Artificial-waterbody,8.2676
2020,SVcb21,Savanna,Artificial-waterbody,11.3228
2020,SVcb22,Savanna,Artificial-waterbody,0
2020,SVcb23,Savanna,Artificial-waterbody,6.1396
2020,SVcb24,Savanna,Artificial-waterbody,0.2284
2020,SVcb25,Savanna,Artificial-waterbody,0.0224
2020,SVcb26,Savanna,Artificial-waterbody,0.9316
2020,SVcb27,Savanna,Artificial-waterbody,3.4484
2020,SVcb28,Savanna,Artificial-waterbody,19.292
2020,SVcb29,Savanna,Artificial-waterbody,0.0844
2020,SVcb3,Savanna,Artificial-waterbody,13.2308
2020,SVcb4,Savanna,Artificial-waterbody,6.298
2020,SVcb5,Savanna,Artificial-waterbody,0.068
2020,SVcb6,Savanna,Artificial-waterbody,23.3688
2020,SVcb7,Savanna,Artificial-waterbody,1.8068
2020,SVcb8,Savanna,Artificial-waterbody,24.6388
2020,SVcb9,Savanna,Artificial-waterbody,4.54
2020,SVk1,Savanna,Artificial-waterbody,0.3296
2020,SVk10,Savanna,Artificial-waterbody,0.464
2020,SVk11,Savanna,Artificial-waterbody,0.3728
2020,SVk12,Savanna,Artificial-waterbody,1.1752
2020,SVk13,Savanna,Artificial-waterbody,2.0344
2020,SVk14,Savanna,Artificial-waterbody,0.2996
2020,SVk15,Savanna,Artificial-waterbody,0.0564
2020,SVk16,Savanna,Artificial-waterbody,0.0612
2020,SVk17,Savanna,Artificial-waterbody,13.8212
2020,SVk18,Savanna,Artificial-waterbody,0.3636
2020,SVk2,Savanna,Artificial-waterbody,2.0688
2020,SVk3,Savanna,Artificial-waterbody,1.0812
2020,SVk4,Savanna,Artificial-waterbody,18.07
2020,SVk5,Savanna,Artificial-waterbody,0.8156
2020,SVk6,Savanna,Artificial-waterbody,26.912
2020,SVk7,Savanna,Artificial-waterbody,1.2144
2020,SVk8,Savanna,Artificial-waterbody,0.3052
2020,SVk9,Savanna,Artificial-waterbody,0.4888
2020,SVkd1,Savanna,Artificial-waterbody,1.3864
2020,SVkd2,Savanna,Artificial-waterbody,0.0068
2020,SVkd3,Savanna,Artificial-waterbody,0
2020,SVkd4,Savanna,Artificial-waterbody,0
2020,SVl1,Savanna,Artificial-waterbody,3.4676
2020,SVl10,Savanna,Artificial-waterbody,0.8584
2020,SVl11,Savanna,Artificial-waterbody,0.0624
2020,SVl12,Savanna,Artificial-waterbody,0.4552
2020,SVl13,Savanna,Artificial-waterbody,0.1268
2020,SVl14,Savanna,Artificial-waterbody,13.3928
2020,SVl15,Savanna,Artificial-waterbody,0.9268
2020,SVl16,Savanna,Artificial-waterbody,6.1708
2020,SVl17,Savanna,Artificial-waterbody,0.0204
2020,SVl18,Savanna,Artificial-waterbody,0.0168
2020,SVl19,Savanna,Artificial-waterbody,0
2020,SVl2,Savanna,Artificial-waterbody,0.0028
2020,SVl20,Savanna,Artificial-waterbody,76.4248
2020,SVl21,Savanna,Artificial-waterbody,0.1604
2020,SVl22,Savanna,Artificial-waterbody,1.6552
2020,SVl23,Savanna,Artificial-waterbody,10.3912
2020,SVl24,Savanna,Artificial-waterbody,1.1264
2020,SVl25,Savanna,Artificial-waterbody,0.066
2020,SVl26,Savanna,Artificial-waterbody,8.00E-04
2020,SVl27,Savanna,Artificial-waterbody,0.1652
2020,SVl3,Savanna,Artificial-waterbody,53.6016
2020,SVl4,Savanna,Artificial-waterbody,2.7688
2020,SVl5,Savanna,Artificial-waterbody,4.3484
2020,SVl6,Savanna,Artificial-waterbody,0.096
2020,SVl7,Savanna,Artificial-waterbody,0.0296
2020,SVl8,Savanna,Artificial-waterbody,13.0408
2020,SVl9,Savanna,Artificial-waterbody,17.3368
2020,SVmp1,Savanna,Artificial-waterbody,6.5792
2020,SVmp2,Savanna,Artificial-waterbody,1.6728
2020,SVmp3,Savanna,Artificial-waterbody,0.0388
2020,SVmp4,Savanna,Artificial-waterbody,0.6724
2020,SVmp5,Savanna,Artificial-waterbody,4.8844
2020,SVmp6,Savanna,Artificial-waterbody,7.2168
2020,SVmp7,Savanna,Artificial-waterbody,5.1844
2020,SVmp8,Savanna,Artificial-waterbody,0.0164
2020,SVs1,Savanna,Artificial-waterbody,0.7956
2020,SVs2,Savanna,Artificial-waterbody,2.2496
2020,SVs3,Savanna,Artificial-waterbody,2.3848
2020,SVs4,Savanna,Artificial-waterbody,0.2756
2020,SVs5,Savanna,Artificial-waterbody,2.8768
2020,SVs6,Savanna,Artificial-waterbody,50.7484
2020,SVs7,Savanna,Artificial-waterbody,8.2952
2020,SVs8,Savanna,Artificial-waterbody,1.1592
2022,AT15,Albany Thicket,Artificial-waterbody,0.002
2022,AT16,Albany Thicket,Artificial-waterbody,0.0668
2022,AT17,Albany Thicket,Artificial-waterbody,0.4696
2022,AT18,Albany Thicket,Artificial-waterbody,0.4148
2022,AT19,Albany Thicket,Artificial-waterbody,1.9008
2022,AT20,Albany Thicket,Artificial-waterbody,0.0892
2022,AT21,Albany Thicket,Artificial-waterbody,9.0576
2022,AT22,Albany Thicket,Artificial-waterbody,3.596
2022,AT23,Albany Thicket,Artificial-waterbody,0.1236
2022,AT24,Albany Thicket,Artificial-waterbody,2.0328
2022,AT25,Albany Thicket,Artificial-waterbody,1.476
2022,AT26,Albany Thicket,Artificial-waterbody,0.1196
2022,AT27,Albany Thicket,Artificial-waterbody,0.288
2022,AT28,Albany Thicket,Artificial-waterbody,1.0536
2022,AT29,Albany Thicket,Artificial-waterbody,0.6732
2022,AT30,Albany Thicket,Artificial-waterbody,2.344
2022,AT31,Albany Thicket,Artificial-waterbody,0.038
2022,AT32,Albany Thicket,Artificial-waterbody,6.098
2022,AT33,Albany Thicket,Artificial-waterbody,0.9732
2022,AT34,Albany Thicket,Artificial-waterbody,0.1548
2022,AT35,Albany Thicket,Artificial-waterbody,0
2022,AT36,Albany Thicket,Artificial-waterbody,0.0032
2022,AT37,Albany Thicket,Artificial-waterbody,0.0608
2022,AT38,Albany Thicket,Artificial-waterbody,0.778
2022,AT39,Albany Thicket,Artificial-waterbody,0.0336
2022,AT40,Albany Thicket,Artificial-waterbody,0.13
2022,AT41,Albany Thicket,Artificial-waterbody,0.1024
2022,AT42,Albany Thicket,Artificial-waterbody,0.0264
2022,AT43,Albany Thicket,Artificial-waterbody,0.8396
2022,AT44,Albany Thicket,Artificial-waterbody,0.1012
2022,AT45,Albany Thicket,Artificial-waterbody,0.3772
2022,AT46,Albany Thicket,Artificial-waterbody,1.358
2022,AT47,Albany Thicket,Artificial-waterbody,0.9892
2022,AT48,Albany Thicket,Artificial-waterbody,0.0036
2022,AT49,Albany Thicket,Artificial-waterbody,22.0328
2022,AT50,Albany Thicket,Artificial-waterbody,0.6372
2022,AT51,Albany Thicket,Artificial-waterbody,2.9284
2022,AT52,Albany Thicket,Artificial-waterbody,0
2022,AT53,Albany Thicket,Artificial-waterbody,0.0088
2022,AT54,Albany Thicket,Artificial-waterbody,0.3336
2022,AT55,Albany Thicket,Artificial-waterbody,0.5152
2022,AT56,Albany Thicket,Artificial-waterbody,0.54
2022,AT57,Albany Thicket,Artificial-waterbody,2.4812
2022,AT58,Albany Thicket,Artificial-waterbody,2.5696
2022,AZa1,Azonal,Artificial-waterbody,8.00E-04
2022,AZa2,Azonal,Artificial-waterbody,1.2644
2022,AZa3,Azonal,Artificial-waterbody,16.6428
2022,AZa4,Azonal,Artificial-waterbody,7.3076
2022,AZa5,Azonal,Artificial-waterbody,299.1976
2022,AZa6,Azonal,Artificial-waterbody,6.8808
2022,AZa7,Azonal,Artificial-waterbody,23.7732
2022,AZd1,Azonal,Artificial-waterbody,0.0664
2022,AZd2,Azonal,Artificial-waterbody,0.002
2022,AZd3,Azonal,Artificial-waterbody,0.1296
2022,AZd4,Azonal,Artificial-waterbody,0.0124
2022,AZi1,Azonal,Artificial-waterbody,1.9448
2022,AZi3,Azonal,Artificial-waterbody,0.048
2022,AZi5,Azonal,Artificial-waterbody,27.1388
2022,AZi6,Azonal,Artificial-waterbody,44.4596
2022,AZi7,Azonal,Artificial-waterbody,6.1872
2022,AZi8,Azonal,Artificial-waterbody,1.426
2022,AZs3,Azonal,Artificial-waterbody,0.004
2022,CB1,IOCB,Artificial-waterbody,3.6284
2022,CB2,IOCB,Artificial-waterbody,0.1236
2022,CB3,IOCB,Artificial-waterbody,8.952
2022,CB4,IOCB,Artificial-waterbody,1.1276
2022,CB5,IOCB,Artificial-waterbody,0.366
2022,CB6,IOCB,Artificial-waterbody,0.3756
2022,Dg1,Desert,Artificial-waterbody,0.0132
2022,Dg10,Desert,Artificial-waterbody,0.0696
2022,Dg2,Desert,Artificial-waterbody,0.0192
2022,Dg3,Desert,Artificial-waterbody,4.00E-04
2022,Dg4,Desert,Artificial-waterbody,0.0732
2022,Dg5,Desert,Artificial-waterbody,0.0948
2022,Dg6,Desert,Artificial-waterbody,0
2022,Dg7,Desert,Artificial-waterbody,0.0136
2022,Dg8,Desert,Artificial-waterbody,0.0064
2022,Dg9,Desert,Artificial-waterbody,0.0152
2022,Dn1,Desert,Artificial-waterbody,0.0156
2022,Dn2,Desert,Artificial-waterbody,0
2022,Dn3,Desert,Artificial-waterbody,0.0124
2022,Dn4,Desert,Artificial-waterbody,0.0908
2022,Dn5,Desert,Artificial-waterbody,0.112
2022,FFa1,Fynbos,Artificial-waterbody,7.7224
2022,FFa2,Fynbos,Artificial-waterbody,4.6548
2022,FFa3,Fynbos,Artificial-waterbody,19.7576
2022,FFa4,Fynbos,Artificial-waterbody,0.2292
2022,FFb1,Fynbos,Artificial-waterbody,1.0792
2022,FFb2,Fynbos,Artificial-waterbody,0.0588
2022,FFb3,Fynbos,Artificial-waterbody,0.0124
2022,FFb4,Fynbos,Artificial-waterbody,0.0096
2022,FFb5,Fynbos,Artificial-waterbody,0.1172
2022,FFb6,Fynbos,Artificial-waterbody,0.6264
2022,FFc1,Fynbos,Artificial-waterbody,1.5288
2022,FFd1,Fynbos,Artificial-waterbody,4.00E-04
2022,FFd10,Fynbos,Artificial-waterbody,0.126
2022,FFd11,Fynbos,Artificial-waterbody,0.0668
2022,FFd2,Fynbos,Artificial-waterbody,1.4332
2022,FFd3,Fynbos,Artificial-waterbody,0.9452
2022,FFd4,Fynbos,Artificial-waterbody,1.018
2022,FFd5,Fynbos,Artificial-waterbody,1.6952
2022,FFd6,Fynbos,Artificial-waterbody,0.1052
2022,FFd7,Fynbos,Artificial-waterbody,0.3704
2022,FFd8,Fynbos,Artificial-waterbody,35.6776
2022,FFd9,Fynbos,Artificial-waterbody,0.066
2022,FFf1,Fynbos,Artificial-waterbody,2.0204
2022,FFf2,Fynbos,Artificial-waterbody,0.0444
2022,FFg1,Fynbos,Artificial-waterbody,0
2022,FFg2,Fynbos,Artificial-waterbody,8.544
2022,FFg3,Fynbos,Artificial-waterbody,0.0844
2022,FFg4,Fynbos,Artificial-waterbody,0.0364
2022,FFg5,Fynbos,Artificial-waterbody,1.946
2022,FFh1,Fynbos,Artificial-waterbody,11.5472
2022,FFh10,Fynbos,Artificial-waterbody,0.0196
2022,FFh11,Fynbos,Artificial-waterbody,0.014
2022,FFh2,Fynbos,Artificial-waterbody,0.0592
2022,FFh3,Fynbos,Artificial-waterbody,0.2304
2022,FFh4,Fynbos,Artificial-waterbody,2.5944
2022,FFh5,Fynbos,Artificial-waterbody,0.8576
2022,FFh6,Fynbos,Artificial-waterbody,34.0836
2022,FFh7,Fynbos,Artificial-waterbody,0.6936
2022,FFh8,Fynbos,Artificial-waterbody,0.4332
2022,FFh9,Fynbos,Artificial-waterbody,2.5496
2022,FFl1,Fynbos,Artificial-waterbody,0.0632
2022,FFl2,Fynbos,Artificial-waterbody,0.1808
2022,FFl3,Fynbos,Artificial-waterbody,0.0024
2022,FFq1,Fynbos,Artificial-waterbody,0
2022,FFq2,Fynbos,Artificial-waterbody,0.4956
2022,FFq3,Fynbos,Artificial-waterbody,0.2076
2022,FFq4,Fynbos,Artificial-waterbody,0.2988
2022,FFq5,Fynbos,Artificial-waterbody,0.0312
2022,FFq6,Fynbos,Artificial-waterbody,0.0924
2022,FFs1,Fynbos,Artificial-waterbody,0.2252
2022,FFs10,Fynbos,Artificial-waterbody,1.9936
2022,FFs11,Fynbos,Artificial-waterbody,6.922
2022,FFs12,Fynbos,Artificial-waterbody,0.414
2022,FFs13,Fynbos,Artificial-waterbody,0.0964
2022,FFs14,Fynbos,Artificial-waterbody,0.33
2022,FFs15,Fynbos,Artificial-waterbody,0.612
2022,FFs16,Fynbos,Artificial-waterbody,0.1568
2022,FFs17,Fynbos,Artificial-waterbody,0.0484
2022,FFs18,Fynbos,Artificial-waterbody,0.6376
2022,FFs19,Fynbos,Artificial-waterbody,0.702
2022,FFs2,Fynbos,Artificial-waterbody,1.5792
2022,FFs20,Fynbos,Artificial-waterbody,7.012
2022,FFs21,Fynbos,Artificial-waterbody,0.0288
2022,FFs22,Fynbos,Artificial-waterbody,0.004
2022,FFs23,Fynbos,Artificial-waterbody,0.166
2022,FFs24,Fynbos,Artificial-waterbody,0.23
2022,FFs25,Fynbos,Artificial-waterbody,0.0268
2022,FFs26,Fynbos,Artificial-waterbody,0.0528
2022,FFs27,Fynbos,Artificial-waterbody,0.2596
2022,FFs28,Fynbos,Artificial-waterbody,1.536
2022,FFs29,Fynbos,Artificial-waterbody,0.1448
2022,FFs3,Fynbos,Artificial-waterbody,0.0768
2022,FFs30,Fynbos,Artificial-waterbody,0.0052
2022,FFs31,Fynbos,Artificial-waterbody,4.00E-04
2022,FFs32,Fynbos,Artificial-waterbody,0.03
2022,FFs4,Fynbos,Artificial-waterbody,2.8464
2022,FFs5,Fynbos,Artificial-waterbody,4.76
2022,FFs6,Fynbos,Artificial-waterbody,0.606
2022,FFs7,Fynbos,Artificial-waterbody,1.8752
2022,FFs8,Fynbos,Artificial-waterbody,0.2012
2022,FFs9,Fynbos,Artificial-waterbody,0.3476
2022,FFt1,Fynbos,Artificial-waterbody,0.0964
2022,FFt2,Fynbos,Artificial-waterbody,0.038
2022,FOa1,Forest,Artificial-waterbody,0.588
2022,FOa2,Forest,Artificial-waterbody,0.0768
2022,FOa3,Forest,Artificial-waterbody,0.1232
2022,FOz1,Forest,Artificial-waterbody,0.0808
2022,FOz2,Forest,Artificial-waterbody,0.01
2022,FOz3,Forest,Artificial-waterbody,0.0336
2022,FOz4,Forest,Artificial-waterbody,0.014
2022,FOz5,Forest,Artificial-waterbody,0.094
2022,FOz6,Forest,Artificial-waterbody,0
2022,FOz7,Forest,Artificial-waterbody,0.8116
2022,FOz8,Forest,Artificial-waterbody,0.1876
2022,FOz9,Forest,Artificial-waterbody,0.0012
2022,FRa1,Fynbos,Artificial-waterbody,7.9796
2022,FRa2,Fynbos,Artificial-waterbody,0.0668
2022,FRc1,Fynbos,Artificial-waterbody,0.266
2022,FRc2,Fynbos,Artificial-waterbody,0.1764
2022,FRd1,Fynbos,Artificial-waterbody,0.6572
2022,FRd2,Fynbos,Artificial-waterbody,0.276
2022,FRg1,Fynbos,Artificial-waterbody,0.0424
2022,FRg2,Fynbos,Artificial-waterbody,4.986
2022,FRg3,Fynbos,Artificial-waterbody,0
2022,FRl1,Fynbos,Artificial-waterbody,1.434
2022,FRs1,Fynbos,Artificial-waterbody,0.0436
2022,FRs10,Fynbos,Artificial-waterbody,0.0436
2022,FRs11,Fynbos,Artificial-waterbody,24.1488
2022,FRs12,Fynbos,Artificial-waterbody,1.6464
2022,FRs13,Fynbos,Artificial-waterbody,1.2988
2022,FRs14,Fynbos,Artificial-waterbody,0.5676
2022,FRs15,Fynbos,Artificial-waterbody,0.2176
2022,FRs16,Fynbos,Artificial-waterbody,1.342
2022,FRs17,Fynbos,Artificial-waterbody,2.4188
2022,FRs18,Fynbos,Artificial-waterbody,4.00E-04
2022,FRs19,Fynbos,Artificial-waterbody,2.284
2022,FRs2,Fynbos,Artificial-waterbody,0.0532
2022,FRs20,Fynbos,Artificial-waterbody,1.3608
2022,FRs3,Fynbos,Artificial-waterbody,3.3836
2022,FRs4,Fynbos,Artificial-waterbody,7.6292
2022,FRs5,Fynbos,Artificial-waterbody,0.5936
2022,FRs6,Fynbos,Artificial-waterbody,3.1488
2022,FRs7,Fynbos,Artificial-waterbody,4.3368
2022,FRs8,Fynbos,Artificial-waterbody,6.248
2022,FRs9,Fynbos,Artificial-waterbody,16.3136
2022,FS1,Fynbos,Artificial-waterbody,0.0288
2022,FS10,Fynbos,Artificial-waterbody,0.0168
2022,FS11,Fynbos,Artificial-waterbody,0
2022,FS12,Fynbos,Artificial-waterbody,0.016
2022,FS13,Fynbos,Artificial-waterbody,0.0012
2022,FS14,Fynbos,Artificial-waterbody,0.0648
2022,FS2,Fynbos,Artificial-waterbody,0.0204
2022,FS3,Fynbos,Artificial-waterbody,0.7496
2022,FS4,Fynbos,Artificial-waterbody,0
2022,FS5,Fynbos,Artificial-waterbody,0.6748
2022,FS6,Fynbos,Artificial-waterbody,1.7964
2022,FS7,Fynbos,Artificial-waterbody,0.0252
2022,FS9,Fynbos,Artificial-waterbody,0.0332
2022,Gd1,Grassland,Artificial-waterbody,16.8532
2022,Gd10,Grassland,Artificial-waterbody,1.8088
2022,Gd2,Grassland,Artificial-waterbody,0.0504
2022,Gd3,Grassland,Artificial-waterbody,17.374
2022,Gd4,Grassland,Artificial-waterbody,4.072
2022,Gd5,Grassland,Artificial-waterbody,3.6668
2022,Gd6,Grassland,Artificial-waterbody,4.00E-04
2022,Gd7,Grassland,Artificial-waterbody,0.2516
2022,Gd8,Grassland,Artificial-waterbody,0.7376
2022,Gh1,Grassland,Artificial-waterbody,13.8864
2022,Gh10,Grassland,Artificial-waterbody,100.4916
2022,Gh11,Grassland,Artificial-waterbody,2.754
2022,Gh12,Grassland,Artificial-waterbody,0.9164
2022,Gh13,Grassland,Artificial-waterbody,5.8692
2022,Gh14,Grassland,Artificial-waterbody,28.882
2022,Gh15,Grassland,Artificial-waterbody,13.5496
2022,Gh2,Grassland,Artificial-waterbody,72.3404
2022,Gh3,Grassland,Artificial-waterbody,269.4976
2022,Gh4,Grassland,Artificial-waterbody,173.4168
2022,Gh5,Grassland,Artificial-waterbody,16.6844
2022,Gh6,Grassland,Artificial-waterbody,125.2832
2022,Gh7,Grassland,Artificial-waterbody,4.8092
2022,Gh8,Grassland,Artificial-waterbody,0.1428
2022,Gh9,Grassland,Artificial-waterbody,33.418
2022,Gm1,Grassland,Artificial-waterbody,15.7044
2022,Gm10,Grassland,Artificial-waterbody,4.3496
2022,Gm11,Grassland,Artificial-waterbody,64.6888
2022,Gm12,Grassland,Artificial-waterbody,182.0952
2022,Gm13,Grassland,Artificial-waterbody,14.456
2022,Gm14,Grassland,Artificial-waterbody,19.3552
2022,Gm15,Grassland,Artificial-waterbody,5.7496
2022,Gm16,Grassland,Artificial-waterbody,20.7896
2022,Gm17,Grassland,Artificial-waterbody,0.9372
2022,Gm19,Grassland,Artificial-waterbody,2.9412
2022,Gm2,Grassland,Artificial-waterbody,0.9812
2022,Gm20,Grassland,Artificial-waterbody,0
2022,Gm21,Grassland,Artificial-waterbody,15.9156
2022,Gm22,Grassland,Artificial-waterbody,0.3952
2022,Gm23,Grassland,Artificial-waterbody,0.1492
2022,Gm24,Grassland,Artificial-waterbody,0
2022,Gm25,Grassland,Artificial-waterbody,4.7408
2022,Gm26,Grassland,Artificial-waterbody,0.0028
2022,Gm27,Grassland,Artificial-waterbody,0.0048
2022,Gm28,Grassland,Artificial-waterbody,0
2022,Gm29,Grassland,Artificial-waterbody,0.206
2022,Gm3,Grassland,Artificial-waterbody,84.4416
2022,Gm30,Grassland,Artificial-waterbody,11.4744
2022,Gm31,Grassland,Artificial-waterbody,0.2128
2022,Gm4,Grassland,Artificial-waterbody,106.6476
2022,Gm5,Grassland,Artificial-waterbody,1.7748
2022,Gm6,Grassland,Artificial-waterbody,340.7752
2022,Gm7,Grassland,Artificial-waterbody,0.0168
2022,Gm8,Grassland,Artificial-waterbody,147.0256
2022,Gm9,Grassland,Artificial-waterbody,9.9256
2022,Gs1,Grassland,Artificial-waterbody,1.6464
2022,Gs10,Grassland,Artificial-waterbody,24.28
2022,Gs11,Grassland,Artificial-waterbody,21.7308
2022,Gs12,Grassland,Artificial-waterbody,31.816
2022,Gs13,Grassland,Artificial-waterbody,21.208
2022,Gs14,Grassland,Artificial-waterbody,6.1892
2022,Gs15,Grassland,Artificial-waterbody,52.8828
2022,Gs16,Grassland,Artificial-waterbody,15.1688
2022,Gs17,Grassland,Artificial-waterbody,4.4032
2022,Gs18,Grassland,Artificial-waterbody,1.0376
2022,Gs19,Grassland,Artificial-waterbody,27.6816
2022,Gs2,Grassland,Artificial-waterbody,0.476
2022,Gs20,Grassland,Artificial-waterbody,6.4096
2022,Gs3,Grassland,Artificial-waterbody,7.0544
2022,Gs4,Grassland,Artificial-waterbody,106.8888
2022,Gs6,Grassland,Artificial-waterbody,41.5472
2022,Gs7,Grassland,Artificial-waterbody,18.086
2022,Gs8,Grassland,Artificial-waterbody,36.3376
2022,Gs9,Grassland,Artificial-waterbody,18.9668
2022,NKb1,Nama-Karoo,Artificial-waterbody,0.4664
2022,NKb2,Nama-Karoo,Artificial-waterbody,0.0204
2022,NKb3,Nama-Karoo,Artificial-waterbody,7.7844
2022,NKb4,Nama-Karoo,Artificial-waterbody,0.0084
2022,NKb5,Nama-Karoo,Artificial-waterbody,5.7392
2022,NKb6,Nama-Karoo,Artificial-waterbody,30.5868
2022,NKl1,Nama-Karoo,Artificial-waterbody,13.9664
2022,NKl2,Nama-Karoo,Artificial-waterbody,18.9104
2022,NKl4,Nama-Karoo,Artificial-waterbody,1.0188
2022,NKu1,Nama-Karoo,Artificial-waterbody,23.9348
2022,NKu2,Nama-Karoo,Artificial-waterbody,3.036
2022,NKu3,Nama-Karoo,Artificial-waterbody,54.522
2022,NKu4,Nama-Karoo,Artificial-waterbody,334.2584
2022,NOTVEG,NOTVEG,Artificial-waterbody,8.1508
2022,SKk1,Succulent Karoo,Artificial-waterbody,0.0064
2022,SKk2,Succulent Karoo,Artificial-waterbody,0
2022,SKk3,Succulent Karoo,Artificial-waterbody,0.2484
2022,SKk4,Succulent Karoo,Artificial-waterbody,0.0928
2022,SKk5,Succulent Karoo,Artificial-waterbody,0.7392
2022,SKk6,Succulent Karoo,Artificial-waterbody,0.0268
2022,SKk7,Succulent Karoo,Artificial-waterbody,10.8148
2022,SKk8,Succulent Karoo,Artificial-waterbody,0
2022,SKk9,Succulent Karoo,Artificial-waterbody,0.1072
2022,SKn1,Succulent Karoo,Artificial-waterbody,0.1604
2022,SKn2,Succulent Karoo,Artificial-waterbody,0.0208
2022,SKn3,Succulent Karoo,Artificial-waterbody,0.1408
2022,SKn4,Succulent Karoo,Artificial-waterbody,0.0512
2022,SKn5,Succulent Karoo,Artificial-waterbody,0.0024
2022,SKn6,Succulent Karoo,Artificial-waterbody,0.0228
2022,SKn7,Succulent Karoo,Artificial-waterbody,0.0112
2022,SKr1,Succulent Karoo,Artificial-waterbody,0.022
2022,SKr10,Succulent Karoo,Artificial-waterbody,0
2022,SKr11,Succulent Karoo,Artificial-waterbody,0
2022,SKr12,Succulent Karoo,Artificial-waterbody,8.00E-04
2022,SKr13,Succulent Karoo,Artificial-waterbody,0.0024
2022,SKr14,Succulent Karoo,Artificial-waterbody,0
2022,SKr15,Succulent Karoo,Artificial-waterbody,0
2022,SKr16,Succulent Karoo,Artificial-waterbody,0.0124
2022,SKr17,Succulent Karoo,Artificial-waterbody,0
2022,SKr18,Succulent Karoo,Artificial-waterbody,0.0564
2022,SKr19,Succulent Karoo,Artificial-waterbody,0.3812
2022,SKr2,Succulent Karoo,Artificial-waterbody,0
2022,SKr3,Succulent Karoo,Artificial-waterbody,0.008
2022,SKr4,Succulent Karoo,Artificial-waterbody,0
2022,SKr5,Succulent Karoo,Artificial-waterbody,0
2022,SKr6,Succulent Karoo,Artificial-waterbody,0
2022,SKr7,Succulent Karoo,Artificial-waterbody,4.00E-04
2022,SKr8,Succulent Karoo,Artificial-waterbody,0.0268
2022,SKr9,Succulent Karoo,Artificial-waterbody,0
2022,SKs1,Succulent Karoo,Artificial-waterbody,0.198
2022,SKs10,Succulent Karoo,Artificial-waterbody,0
2022,SKs11,Succulent Karoo,Artificial-waterbody,0
2022,SKs12,Succulent Karoo,Artificial-waterbody,0.0192
2022,SKs13,Succulent Karoo,Artificial-waterbody,0.2644
2022,SKs14,Succulent Karoo,Artificial-waterbody,0.1036
2022,SKs2,Succulent Karoo,Artificial-waterbody,0
2022,SKs3,Succulent Karoo,Artificial-waterbody,0
2022,SKs4,Succulent Karoo,Artificial-waterbody,0
2022,SKs5,Succulent Karoo,Artificial-waterbody,0
2022,SKs6,Succulent Karoo,Artificial-waterbody,0
2022,SKs7,Succulent Karoo,Artificial-waterbody,1.2548
2022,SKs8,Succulent Karoo,Artificial-waterbody,0.3788
2022,SKs9,Succulent Karoo,Artificial-waterbody,0.172
2022,SKt1,Succulent Karoo,Artificial-waterbody,0
2022,SKt2,Succulent Karoo,Artificial-waterbody,3.9088
2022,SKt3,Succulent Karoo,Artificial-waterbody,10.1648
2022,SKv1,Succulent Karoo,Artificial-waterbody,0.7272
2022,SKv10,Succulent Karoo,Artificial-waterbody,0.2888
2022,SKv11,Succulent Karoo,Artificial-waterbody,5.01
2022,SKv13,Succulent Karoo,Artificial-waterbody,6.6752
2022,SKv14,Succulent Karoo,Artificial-waterbody,1.4768
2022,SKv2,Succulent Karoo,Artificial-waterbody,0.2148
2022,SKv3,Succulent Karoo,Artificial-waterbody,0.1728
2022,SKv4,Succulent Karoo,Artificial-waterbody,0.1
2022,SKv5,Succulent Karoo,Artificial-waterbody,1.6076
2022,SKv6,Succulent Karoo,Artificial-waterbody,2.134
2022,SKv7,Succulent Karoo,Artificial-waterbody,4.746
2022,SKv8,Succulent Karoo,Artificial-waterbody,4.9184
2022,SVcb1,Savanna,Artificial-waterbody,14.0152
2022,SVcb10,Savanna,Artificial-waterbody,2.4796
2022,SVcb11,Savanna,Artificial-waterbody,16.7488
2022,SVcb12,Savanna,Artificial-waterbody,113.628
2022,SVcb13,Savanna,Artificial-waterbody,5.6688
2022,SVcb14,Savanna,Artificial-waterbody,25.4764
2022,SVcb15,Savanna,Artificial-waterbody,22.906
2022,SVcb16,Savanna,Artificial-waterbody,32.248
2022,SVcb17,Savanna,Artificial-waterbody,9.8144
2022,SVcb18,Savanna,Artificial-waterbody,5.7232
2022,SVcb19,Savanna,Artificial-waterbody,5.0944
2022,SVcb2,Savanna,Artificial-waterbody,0.1348
2022,SVcb20,Savanna,Artificial-waterbody,12.1668
2022,SVcb21,Savanna,Artificial-waterbody,11.9276
2022,SVcb22,Savanna,Artificial-waterbody,0
2022,SVcb23,Savanna,Artificial-waterbody,7.3236
2022,SVcb24,Savanna,Artificial-waterbody,0.36
2022,SVcb25,Savanna,Artificial-waterbody,0.0468
2022,SVcb26,Savanna,Artificial-waterbody,1.112
2022,SVcb27,Savanna,Artificial-waterbody,3.7644
2022,SVcb28,Savanna,Artificial-waterbody,20.946
2022,SVcb29,Savanna,Artificial-waterbody,0.362
2022,SVcb3,Savanna,Artificial-waterbody,14.4696
2022,SVcb4,Savanna,Artificial-waterbody,7.8288
2022,SVcb5,Savanna,Artificial-waterbody,0.0684
2022,SVcb6,Savanna,Artificial-waterbody,27.1304
2022,SVcb7,Savanna,Artificial-waterbody,2.2796
2022,SVcb8,Savanna,Artificial-waterbody,26.1784
2022,SVcb9,Savanna,Artificial-waterbody,5.2632
2022,SVk1,Savanna,Artificial-waterbody,0.6452
2022,SVk10,Savanna,Artificial-waterbody,0.7488
2022,SVk11,Savanna,Artificial-waterbody,0.5972
2022,SVk12,Savanna,Artificial-waterbody,1.3188
2022,SVk13,Savanna,Artificial-waterbody,2.5276
2022,SVk14,Savanna,Artificial-waterbody,0.528
2022,SVk15,Savanna,Artificial-waterbody,0.188
2022,SVk16,Savanna,Artificial-waterbody,0.0152
2022,SVk17,Savanna,Artificial-waterbody,18.402
2022,SVk18,Savanna,Artificial-waterbody,0.1524
2022,SVk2,Savanna,Artificial-waterbody,6.392
2022,SVk3,Savanna,Artificial-waterbody,1.7488
2022,SVk4,Savanna,Artificial-waterbody,29.6436
2022,SVk5,Savanna,Artificial-waterbody,3.2164
2022,SVk6,Savanna,Artificial-waterbody,35.0404
2022,SVk7,Savanna,Artificial-waterbody,14.83
2022,SVk8,Savanna,Artificial-waterbody,4.4304
2022,SVk9,Savanna,Artificial-waterbody,1.3136
2022,SVkd1,Savanna,Artificial-waterbody,1.9416
2022,SVkd2,Savanna,Artificial-waterbody,0.016
2022,SVkd3,Savanna,Artificial-waterbody,8.00E-04
2022,SVkd4,Savanna,Artificial-waterbody,0
2022,SVl1,Savanna,Artificial-waterbody,2.9348
2022,SVl10,Savanna,Artificial-waterbody,1.0852
2022,SVl11,Savanna,Artificial-waterbody,0.1432
2022,SVl12,Savanna,Artificial-waterbody,0.6656
2022,SVl13,Savanna,Artificial-waterbody,0.1576
2022,SVl14,Savanna,Artificial-waterbody,13.764
2022,SVl15,Savanna,Artificial-waterbody,0.7304
2022,SVl16,Savanna,Artificial-waterbody,7.2012
2022,SVl17,Savanna,Artificial-waterbody,0.0804
2022,SVl18,Savanna,Artificial-waterbody,1.8968
2022,SVl19,Savanna,Artificial-waterbody,0.2012
2022,SVl2,Savanna,Artificial-waterbody,0.0016
2022,SVl20,Savanna,Artificial-waterbody,113.1512
2022,SVl21,Savanna,Artificial-waterbody,2.1536
2022,SVl22,Savanna,Artificial-waterbody,2.0512
2022,SVl23,Savanna,Artificial-waterbody,12.4084
2022,SVl24,Savanna,Artificial-waterbody,1.32
2022,SVl25,Savanna,Artificial-waterbody,0.5752
2022,SVl26,Savanna,Artificial-waterbody,0.0104
2022,SVl27,Savanna,Artificial-waterbody,0.4976
2022,SVl3,Savanna,Artificial-waterbody,60.3332
2022,SVl4,Savanna,Artificial-waterbody,3.1708
2022,SVl5,Savanna,Artificial-waterbody,4.572
2022,SVl6,Savanna,Artificial-waterbody,0.1552
2022,SVl7,Savanna,Artificial-waterbody,0.0252
2022,SVl8,Savanna,Artificial-waterbody,21.3396
2022,SVl9,Savanna,Artificial-waterbody,22.3416
2022,SVmp1,Savanna,Artificial-waterbody,7.2076
2022,SVmp2,Savanna,Artificial-waterbody,1.904
2022,SVmp3,Savanna,Artificial-waterbody,0.0416
2022,SVmp4,Savanna,Artificial-waterbody,0.5812
2022,SVmp5,Savanna,Artificial-waterbody,4.936
2022,SVmp6,Savanna,Artificial-waterbody,6.5396
2022,SVmp7,Savanna,Artificial-waterbody,4.1596
2022,SVmp8,Savanna,Artificial-waterbody,0.0204
2022,SVs1,Savanna,Artificial-waterbody,0.9868
2022,SVs2,Savanna,Artificial-waterbody,2.8632
2022,SVs3,Savanna,Artificial-waterbody,3.2324
2022,SVs4,Savanna,Artificial-waterbody,0.3372
2022,SVs5,Savanna,Artificial-waterbody,3.112
2022,SVs6,Savanna,Artificial-waterbody,57.366
2022,SVs7,Savanna,Artificial-waterbody,11.8048
2022,SVs8,Savanna,Artificial-waterbody,1.6312
1990,AT15,Albany Thicket,Built-up,0
1990,AT16,Albany Thicket,Built-up,0.2024
1990,AT17,Albany Thicket,Built-up,4.326
1990,AT18,Albany Thicket,Built-up,1.1764
1990,AT19,Albany Thicket,Built-up,0.6856
1990,AT20,Albany Thicket,Built-up,12.6752
1990,AT21,Albany Thicket,Built-up,16.9116
1990,AT22,Albany Thicket,Built-up,37.0636
1990,AT23,Albany Thicket,Built-up,9.452
1990,AT24,Albany Thicket,Built-up,52.0116
1990,AT25,Albany Thicket,Built-up,2.6952
1990,AT26,Albany Thicket,Built-up,0.402
1990,AT27,Albany Thicket,Built-up,1.07
1990,AT28,Albany Thicket,Built-up,24.4828
1990,AT29,Albany Thicket,Built-up,4.7964
1990,AT30,Albany Thicket,Built-up,7.2392
1990,AT31,Albany Thicket,Built-up,1.834
1990,AT32,Albany Thicket,Built-up,21.1252
1990,AT33,Albany Thicket,Built-up,0.0264
1990,AT34,Albany Thicket,Built-up,0
1990,AT35,Albany Thicket,Built-up,0.0892
1990,AT36,Albany Thicket,Built-up,4.4024
1990,AT37,Albany Thicket,Built-up,0.622
1990,AT38,Albany Thicket,Built-up,21.022
1990,AT39,Albany Thicket,Built-up,4.9852
1990,AT40,Albany Thicket,Built-up,28.3916
1990,AT41,Albany Thicket,Built-up,11.8424
1990,AT42,Albany Thicket,Built-up,0.1112
1990,AT43,Albany Thicket,Built-up,0.7896
1990,AT44,Albany Thicket,Built-up,58.078
1990,AT45,Albany Thicket,Built-up,3.8824
1990,AT46,Albany Thicket,Built-up,1.8684
1990,AT47,Albany Thicket,Built-up,2.6884
1990,AT48,Albany Thicket,Built-up,6.0612
1990,AT49,Albany Thicket,Built-up,7.602
1990,AT50,Albany Thicket,Built-up,13.852
1990,AT51,Albany Thicket,Built-up,35.686
1990,AT52,Albany Thicket,Built-up,0
1990,AT53,Albany Thicket,Built-up,4.2492
1990,AT54,Albany Thicket,Built-up,0.0328
1990,AT55,Albany Thicket,Built-up,0
1990,AT56,Albany Thicket,Built-up,59.1296
1990,AT57,Albany Thicket,Built-up,10.0844
1990,AT58,Albany Thicket,Built-up,1.23
1990,AZa1,Azonal,Built-up,0
1990,AZa2,Azonal,Built-up,2.51
1990,AZa3,Azonal,Built-up,5.08
1990,AZa4,Azonal,Built-up,14.2828
1990,AZa5,Azonal,Built-up,26.27
1990,AZa6,Azonal,Built-up,36.4564
1990,AZa7,Azonal,Built-up,10.2128
1990,AZd1,Azonal,Built-up,0
1990,AZd2,Azonal,Built-up,0.0012
1990,AZd3,Azonal,Built-up,2.976
1990,AZd4,Azonal,Built-up,1.0272
1990,AZi1,Azonal,Built-up,0.7256
1990,AZi3,Azonal,Built-up,1.1964
1990,AZi5,Azonal,Built-up,0.0636
1990,AZi6,Azonal,Built-up,36.268
1990,AZi7,Azonal,Built-up,0
1990,AZi8,Azonal,Built-up,2.6276
1990,AZs3,Azonal,Built-up,0.3468
1990,CB1,IOCB,Built-up,374.6528
1990,CB2,IOCB,Built-up,95.5924
1990,CB3,IOCB,Built-up,1242.1436
1990,CB4,IOCB,Built-up,112.0496
1990,CB5,IOCB,Built-up,352.884
1990,CB6,IOCB,Built-up,318.186
1990,Dg1,Desert,Built-up,0
1990,Dg10,Desert,Built-up,0.092
1990,Dg2,Desert,Built-up,0
1990,Dg3,Desert,Built-up,0
1990,Dg4,Desert,Built-up,0
1990,Dg5,Desert,Built-up,0
1990,Dg6,Desert,Built-up,0
1990,Dg7,Desert,Built-up,0.1268
1990,Dg8,Desert,Built-up,0
1990,Dg9,Desert,Built-up,2.2888
1990,Dn1,Desert,Built-up,0.46
1990,Dn2,Desert,Built-up,0
1990,Dn3,Desert,Built-up,1.0912
1990,Dn4,Desert,Built-up,0
1990,Dn5,Desert,Built-up,0.4468
1990,FFa1,Fynbos,Built-up,0.0168
1990,FFa2,Fynbos,Built-up,3.8788
1990,FFa3,Fynbos,Built-up,17.4608
1990,FFa4,Fynbos,Built-up,10.3252
1990,FFb1,Fynbos,Built-up,0
1990,FFb2,Fynbos,Built-up,0.0056
1990,FFb3,Fynbos,Built-up,0
1990,FFb4,Fynbos,Built-up,0.0196
1990,FFb5,Fynbos,Built-up,0.1028
1990,FFb6,Fynbos,Built-up,2.1412
1990,FFc1,Fynbos,Built-up,2.5888
1990,FFd1,Fynbos,Built-up,0
1990,FFd10,Fynbos,Built-up,7.5444
1990,FFd11,Fynbos,Built-up,1.1824
1990,FFd2,Fynbos,Built-up,0.5384
1990,FFd3,Fynbos,Built-up,4.7944
1990,FFd4,Fynbos,Built-up,11.7308
1990,FFd5,Fynbos,Built-up,273.6928
1990,FFd6,Fynbos,Built-up,23.1332
1990,FFd7,Fynbos,Built-up,1.1532
1990,FFd8,Fynbos,Built-up,0
1990,FFd9,Fynbos,Built-up,1.968
1990,FFf1,Fynbos,Built-up,4.226
1990,FFf2,Fynbos,Built-up,0
1990,FFg1,Fynbos,Built-up,0.1608
1990,FFg2,Fynbos,Built-up,27.3488
1990,FFg3,Fynbos,Built-up,38.8204
1990,FFg4,Fynbos,Built-up,0
1990,FFg5,Fynbos,Built-up,25.868
1990,FFh1,Fynbos,Built-up,0.3788
1990,FFh10,Fynbos,Built-up,4.00E-04
1990,FFh11,Fynbos,Built-up,4.8728
1990,FFh2,Fynbos,Built-up,0
1990,FFh3,Fynbos,Built-up,0
1990,FFh4,Fynbos,Built-up,0.026
1990,FFh5,Fynbos,Built-up,6.638
1990,FFh6,Fynbos,Built-up,1.1908
1990,FFh7,Fynbos,Built-up,2.0176
1990,FFh8,Fynbos,Built-up,0
1990,FFh9,Fynbos,Built-up,30.0284
1990,FFl1,Fynbos,Built-up,6.0508
1990,FFl2,Fynbos,Built-up,0.9988
1990,FFl3,Fynbos,Built-up,0.67
1990,FFq1,Fynbos,Built-up,0
1990,FFq2,Fynbos,Built-up,0
1990,FFq3,Fynbos,Built-up,0.118
1990,FFq4,Fynbos,Built-up,0.1312
1990,FFq5,Fynbos,Built-up,0.0348
1990,FFq6,Fynbos,Built-up,0.5364
1990,FFs1,Fynbos,Built-up,0.1532
1990,FFs10,Fynbos,Built-up,0.042
1990,FFs11,Fynbos,Built-up,5.034
1990,FFs12,Fynbos,Built-up,6.9004
1990,FFs13,Fynbos,Built-up,0.0776
1990,FFs14,Fynbos,Built-up,0.2156
1990,FFs15,Fynbos,Built-up,1.3428
1990,FFs16,Fynbos,Built-up,0.4304
1990,FFs17,Fynbos,Built-up,0.0108
1990,FFs18,Fynbos,Built-up,0
1990,FFs19,Fynbos,Built-up,12.744
1990,FFs2,Fynbos,Built-up,0.004
1990,FFs20,Fynbos,Built-up,16.0992
1990,FFs21,Fynbos,Built-up,0
1990,FFs22,Fynbos,Built-up,0
1990,FFs23,Fynbos,Built-up,0
1990,FFs24,Fynbos,Built-up,0.002
1990,FFs25,Fynbos,Built-up,0
1990,FFs26,Fynbos,Built-up,0
1990,FFs27,Fynbos,Built-up,0.9416
1990,FFs28,Fynbos,Built-up,17.5388
1990,FFs29,Fynbos,Built-up,111.7716
1990,FFs3,Fynbos,Built-up,0
1990,FFs30,Fynbos,Built-up,0
1990,FFs31,Fynbos,Built-up,0
1990,FFs32,Fynbos,Built-up,0
1990,FFs4,Fynbos,Built-up,0
1990,FFs5,Fynbos,Built-up,0.2348
1990,FFs6,Fynbos,Built-up,0.9896
1990,FFs7,Fynbos,Built-up,0
1990,FFs8,Fynbos,Built-up,0
1990,FFs9,Fynbos,Built-up,6.1164
1990,FFt1,Fynbos,Built-up,0
1990,FFt2,Fynbos,Built-up,1.81
1990,FOa1,Forest,Built-up,0.2828
1990,FOa2,Forest,Built-up,2.756
1990,FOa3,Forest,Built-up,1.8512
1990,FOz1,Forest,Built-up,2.1512
1990,FOz2,Forest,Built-up,0.3964
1990,FOz3,Forest,Built-up,2.0504
1990,FOz4,Forest,Built-up,0.1276
1990,FOz5,Forest,Built-up,13.3384
1990,FOz6,Forest,Built-up,0.466
1990,FOz7,Forest,Built-up,41.4512
1990,FOz8,Forest,Built-up,6.0464
1990,FOz9,Forest,Built-up,0.0088
1990,FRa1,Fynbos,Built-up,12.8
1990,FRa2,Fynbos,Built-up,0.868
1990,FRc1,Fynbos,Built-up,0.6384
1990,FRc2,Fynbos,Built-up,0.1428
1990,FRd1,Fynbos,Built-up,0
1990,FRd2,Fynbos,Built-up,0
1990,FRg1,Fynbos,Built-up,0.224
1990,FRg2,Fynbos,Built-up,33.3144
1990,FRg3,Fynbos,Built-up,0
1990,FRl1,Fynbos,Built-up,0.0204
1990,FRs1,Fynbos,Built-up,0
1990,FRs10,Fynbos,Built-up,20.512
1990,FRs11,Fynbos,Built-up,6.562
1990,FRs12,Fynbos,Built-up,5.8276
1990,FRs13,Fynbos,Built-up,5.1172
1990,FRs14,Fynbos,Built-up,3.1964
1990,FRs15,Fynbos,Built-up,0
1990,FRs16,Fynbos,Built-up,1.7588
1990,FRs17,Fynbos,Built-up,3.9568
1990,FRs18,Fynbos,Built-up,0
1990,FRs19,Fynbos,Built-up,11.4592
1990,FRs2,Fynbos,Built-up,1.1344
1990,FRs20,Fynbos,Built-up,1.4264
1990,FRs3,Fynbos,Built-up,0.2468
1990,FRs4,Fynbos,Built-up,6.2556
1990,FRs5,Fynbos,Built-up,0
1990,FRs6,Fynbos,Built-up,1.3552
1990,FRs7,Fynbos,Built-up,4.7828
1990,FRs8,Fynbos,Built-up,5.3004
1990,FRs9,Fynbos,Built-up,69.9248
1990,FS1,Fynbos,Built-up,3.1588
1990,FS10,Fynbos,Built-up,9.5552
1990,FS11,Fynbos,Built-up,0
1990,FS12,Fynbos,Built-up,19.7188
1990,FS13,Fynbos,Built-up,4.068
1990,FS14,Fynbos,Built-up,5.9288
1990,FS2,Fynbos,Built-up,16.3384
1990,FS3,Fynbos,Built-up,12.8184
1990,FS4,Fynbos,Built-up,1.3936
1990,FS5,Fynbos,Built-up,11.7468
1990,FS6,Fynbos,Built-up,114.94
1990,FS7,Fynbos,Built-up,3.1344
1990,FS9,Fynbos,Built-up,1.534
1990,Gd1,Grassland,Built-up,46.5728
1990,Gd10,Grassland,Built-up,0
1990,Gd2,Grassland,Built-up,0.0332
1990,Gd3,Grassland,Built-up,6.4296
1990,Gd4,Grassland,Built-up,47.9012
1990,Gd5,Grassland,Built-up,43.9896
1990,Gd6,Grassland,Built-up,0
1990,Gd7,Grassland,Built-up,0.0444
1990,Gd8,Grassland,Built-up,0.6836
1990,Gh1,Grassland,Built-up,12.754
1990,Gh10,Grassland,Built-up,140.908
1990,Gh11,Grassland,Built-up,20.25
1990,Gh12,Grassland,Built-up,17.8856
1990,Gh13,Grassland,Built-up,69.1952
1990,Gh14,Grassland,Built-up,97.956
1990,Gh15,Grassland,Built-up,378.9172
1990,Gh2,Grassland,Built-up,9.198
1990,Gh3,Grassland,Built-up,14.4648
1990,Gh4,Grassland,Built-up,6.5544
1990,Gh5,Grassland,Built-up,230.3304
1990,Gh6,Grassland,Built-up,152.3532
1990,Gh7,Grassland,Built-up,71.1924
1990,Gh8,Grassland,Built-up,0.732
1990,Gh9,Grassland,Built-up,20.274
1990,Gm1,Grassland,Built-up,94.0716
1990,Gm10,Grassland,Built-up,553.0876
1990,Gm11,Grassland,Built-up,362.2484
1990,Gm12,Grassland,Built-up,271.0976
1990,Gm13,Grassland,Built-up,40.3872
1990,Gm14,Grassland,Built-up,8.0272
1990,Gm15,Grassland,Built-up,99.6008
1990,Gm16,Grassland,Built-up,115.0252
1990,Gm17,Grassland,Built-up,1.8212
1990,Gm19,Grassland,Built-up,6.1184
1990,Gm2,Grassland,Built-up,44.5212
1990,Gm20,Grassland,Built-up,0
1990,Gm21,Grassland,Built-up,15.6592
1990,Gm22,Grassland,Built-up,15.8872
1990,Gm23,Grassland,Built-up,7.7116
1990,Gm24,Grassland,Built-up,0.0272
1990,Gm25,Grassland,Built-up,3.7272
1990,Gm26,Grassland,Built-up,0
1990,Gm27,Grassland,Built-up,0
1990,Gm28,Grassland,Built-up,0
1990,Gm29,Grassland,Built-up,0.0224
1990,Gm3,Grassland,Built-up,51.238
1990,Gm30,Grassland,Built-up,15.4228
1990,Gm31,Grassland,Built-up,0.46
1990,Gm4,Grassland,Built-up,93.4776
1990,Gm5,Grassland,Built-up,10.0064
1990,Gm6,Grassland,Built-up,32.556
1990,Gm7,Grassland,Built-up,0
1990,Gm8,Grassland,Built-up,1066.9284
1990,Gm9,Grassland,Built-up,231.554
1990,Gs1,Grassland,Built-up,9.91
1990,Gs10,Grassland,Built-up,638.7968
1990,Gs11,Grassland,Built-up,267.4004
1990,Gs12,Grassland,Built-up,695.1124
1990,Gs13,Grassland,Built-up,15.7684
1990,Gs14,Grassland,Built-up,812.6136
1990,Gs15,Grassland,Built-up,435.9392
1990,Gs16,Grassland,Built-up,140.398
1990,Gs17,Grassland,Built-up,11.5748
1990,Gs18,Grassland,Built-up,2.4964
1990,Gs19,Grassland,Built-up,430.944
1990,Gs2,Grassland,Built-up,43.7024
1990,Gs20,Grassland,Built-up,1184.7472
1990,Gs3,Grassland,Built-up,9.306
1990,Gs4,Grassland,Built-up,435.832
1990,Gs6,Grassland,Built-up,238.0156
1990,Gs7,Grassland,Built-up,316.2724
1990,Gs8,Grassland,Built-up,36.9588
1990,Gs9,Grassland,Built-up,644.4732
1990,NKb1,Nama-Karoo,Built-up,0.4164
1990,NKb2,Nama-Karoo,Built-up,0
1990,NKb3,Nama-Karoo,Built-up,25.3624
1990,NKb4,Nama-Karoo,Built-up,0
1990,NKb5,Nama-Karoo,Built-up,17.2344
1990,NKb6,Nama-Karoo,Built-up,2.8804
1990,NKl1,Nama-Karoo,Built-up,5.5628
1990,NKl2,Nama-Karoo,Built-up,9.7164
1990,NKl4,Nama-Karoo,Built-up,0.7272
1990,NKu1,Nama-Karoo,Built-up,3.0448
1990,NKu2,Nama-Karoo,Built-up,0.8508
1990,NKu3,Nama-Karoo,Built-up,36.4928
1990,NKu4,Nama-Karoo,Built-up,54.9508
1990,NOTVEG,NOTVEG,Built-up,15.8804
1990,SKk1,Succulent Karoo,Built-up,0
1990,SKk2,Succulent Karoo,Built-up,0
1990,SKk3,Succulent Karoo,Built-up,0.8196
1990,SKk4,Succulent Karoo,Built-up,0
1990,SKk5,Succulent Karoo,Built-up,2.5924
1990,SKk6,Succulent Karoo,Built-up,0.0376
1990,SKk7,Succulent Karoo,Built-up,2.5244
1990,SKk8,Succulent Karoo,Built-up,0
1990,SKk9,Succulent Karoo,Built-up,0
1990,SKn1,Succulent Karoo,Built-up,12.3236
1990,SKn2,Succulent Karoo,Built-up,0.1048
1990,SKn3,Succulent Karoo,Built-up,8.5212
1990,SKn4,Succulent Karoo,Built-up,2.7248
1990,SKn5,Succulent Karoo,Built-up,0
1990,SKn6,Succulent Karoo,Built-up,0
1990,SKn7,Succulent Karoo,Built-up,0.182
1990,SKr1,Succulent Karoo,Built-up,0.1224
1990,SKr10,Succulent Karoo,Built-up,0
1990,SKr11,Succulent Karoo,Built-up,0.2424
1990,SKr12,Succulent Karoo,Built-up,0
1990,SKr13,Succulent Karoo,Built-up,0
1990,SKr14,Succulent Karoo,Built-up,0
1990,SKr15,Succulent Karoo,Built-up,0
1990,SKr16,Succulent Karoo,Built-up,0
1990,SKr17,Succulent Karoo,Built-up,0
1990,SKr18,Succulent Karoo,Built-up,0
1990,SKr19,Succulent Karoo,Built-up,0
1990,SKr2,Succulent Karoo,Built-up,0.3596
1990,SKr3,Succulent Karoo,Built-up,0
1990,SKr4,Succulent Karoo,Built-up,0.276
1990,SKr5,Succulent Karoo,Built-up,0
1990,SKr6,Succulent Karoo,Built-up,0.0012
1990,SKr7,Succulent Karoo,Built-up,0
1990,SKr8,Succulent Karoo,Built-up,0
1990,SKr9,Succulent Karoo,Built-up,0
1990,SKs1,Succulent Karoo,Built-up,1.8848
1990,SKs10,Succulent Karoo,Built-up,0
1990,SKs11,Succulent Karoo,Built-up,0
1990,SKs12,Succulent Karoo,Built-up,0.1876
1990,SKs13,Succulent Karoo,Built-up,0.91
1990,SKs14,Succulent Karoo,Built-up,0.962
1990,SKs2,Succulent Karoo,Built-up,0
1990,SKs3,Succulent Karoo,Built-up,0
1990,SKs4,Succulent Karoo,Built-up,0
1990,SKs5,Succulent Karoo,Built-up,0
1990,SKs6,Succulent Karoo,Built-up,0
1990,SKs7,Succulent Karoo,Built-up,4.5884
1990,SKs8,Succulent Karoo,Built-up,1.7788
1990,SKs9,Succulent Karoo,Built-up,0.1256
1990,SKt1,Succulent Karoo,Built-up,0
1990,SKt2,Succulent Karoo,Built-up,7.2872
1990,SKt3,Succulent Karoo,Built-up,1.6628
1990,SKv1,Succulent Karoo,Built-up,0.1208
1990,SKv10,Succulent Karoo,Built-up,0
1990,SKv11,Succulent Karoo,Built-up,13.5784
1990,SKv13,Succulent Karoo,Built-up,2.0168
1990,SKv14,Succulent Karoo,Built-up,3.18
1990,SKv2,Succulent Karoo,Built-up,0
1990,SKv3,Succulent Karoo,Built-up,0
1990,SKv4,Succulent Karoo,Built-up,0
1990,SKv5,Succulent Karoo,Built-up,0
1990,SKv6,Succulent Karoo,Built-up,1.3808
1990,SKv7,Succulent Karoo,Built-up,12.4052
1990,SKv8,Succulent Karoo,Built-up,3.296
1990,SVcb1,Savanna,Built-up,25.9012
1990,SVcb10,Savanna,Built-up,70.1152
1990,SVcb11,Savanna,Built-up,116.1772
1990,SVcb12,Savanna,Built-up,1000.99
1990,SVcb13,Savanna,Built-up,21.9652
1990,SVcb14,Savanna,Built-up,7.158
1990,SVcb15,Savanna,Built-up,242.7508
1990,SVcb16,Savanna,Built-up,454.0888
1990,SVcb17,Savanna,Built-up,12.5392
1990,SVcb18,Savanna,Built-up,156.5668
1990,SVcb19,Savanna,Built-up,59.946
1990,SVcb2,Savanna,Built-up,7.4704
1990,SVcb20,Savanna,Built-up,372.7828
1990,SVcb21,Savanna,Built-up,267.6068
1990,SVcb22,Savanna,Built-up,0
1990,SVcb23,Savanna,Built-up,380.2416
1990,SVcb24,Savanna,Built-up,16.29
1990,SVcb25,Savanna,Built-up,16.6932
1990,SVcb26,Savanna,Built-up,55.1244
1990,SVcb27,Savanna,Built-up,305.3832
1990,SVcb28,Savanna,Built-up,115.696
1990,SVcb29,Savanna,Built-up,1.9948
1990,SVcb3,Savanna,Built-up,66.0228
1990,SVcb4,Savanna,Built-up,47.692
1990,SVcb5,Savanna,Built-up,3.7536
1990,SVcb6,Savanna,Built-up,356.7324
1990,SVcb7,Savanna,Built-up,35.8812
1990,SVcb8,Savanna,Built-up,178.8004
1990,SVcb9,Savanna,Built-up,100.7792
1990,SVk1,Savanna,Built-up,63.8384
1990,SVk10,Savanna,Built-up,44.3048
1990,SVk11,Savanna,Built-up,33.476
1990,SVk12,Savanna,Built-up,11.1924
1990,SVk13,Savanna,Built-up,5.0488
1990,SVk14,Savanna,Built-up,1.7852
1990,SVk15,Savanna,Built-up,0.1584
1990,SVk16,Savanna,Built-up,0.4828
1990,SVk17,Savanna,Built-up,359.6012
1990,SVk18,Savanna,Built-up,10.0356
1990,SVk2,Savanna,Built-up,13.0192
1990,SVk3,Savanna,Built-up,6.996
1990,SVk4,Savanna,Built-up,119.3272
1990,SVk5,Savanna,Built-up,1.0288
1990,SVk6,Savanna,Built-up,92.8992
1990,SVk7,Savanna,Built-up,34.8016
1990,SVk8,Savanna,Built-up,25.5252
1990,SVk9,Savanna,Built-up,85.7628
1990,SVkd1,Savanna,Built-up,0.3836
1990,SVkd2,Savanna,Built-up,0
1990,SVkd3,Savanna,Built-up,0.1416
1990,SVkd4,Savanna,Built-up,0.1056
1990,SVl1,Savanna,Built-up,131.2468
1990,SVl10,Savanna,Built-up,90.1156
1990,SVl11,Savanna,Built-up,12.2728
1990,SVl12,Savanna,Built-up,8.5224
1990,SVl13,Savanna,Built-up,0.5636
1990,SVl14,Savanna,Built-up,48.304
1990,SVl15,Savanna,Built-up,0.272
1990,SVl16,Savanna,Built-up,115.014
1990,SVl17,Savanna,Built-up,59.3276
1990,SVl18,Savanna,Built-up,110.6512
1990,SVl19,Savanna,Built-up,50.2056
1990,SVl2,Savanna,Built-up,0
1990,SVl20,Savanna,Built-up,213.2488
1990,SVl21,Savanna,Built-up,20.4148
1990,SVl22,Savanna,Built-up,372.5592
1990,SVl23,Savanna,Built-up,500.856
1990,SVl24,Savanna,Built-up,190.0428
1990,SVl25,Savanna,Built-up,84.9476
1990,SVl26,Savanna,Built-up,81.7304
1990,SVl27,Savanna,Built-up,42.0336
1990,SVl3,Savanna,Built-up,811.958
1990,SVl4,Savanna,Built-up,2.6144
1990,SVl5,Savanna,Built-up,19.0224
1990,SVl6,Savanna,Built-up,0.5336
1990,SVl7,Savanna,Built-up,11.3604
1990,SVl8,Savanna,Built-up,280.2636
1990,SVl9,Savanna,Built-up,211.6112
1990,SVmp1,Savanna,Built-up,38.0684
1990,SVmp2,Savanna,Built-up,0.8072
1990,SVmp3,Savanna,Built-up,0
1990,SVmp4,Savanna,Built-up,0.12
1990,SVmp5,Savanna,Built-up,67.5452
1990,SVmp6,Savanna,Built-up,84.9532
1990,SVmp7,Savanna,Built-up,49.436
1990,SVmp8,Savanna,Built-up,0
1990,SVs1,Savanna,Built-up,175.0592
1990,SVs2,Savanna,Built-up,151.7264
1990,SVs3,Savanna,Built-up,169.5252
1990,SVs4,Savanna,Built-up,185.1948
1990,SVs5,Savanna,Built-up,309.8184
1990,SVs6,Savanna,Built-up,792.4636
1990,SVs7,Savanna,Built-up,872.3832
1990,SVs8,Savanna,Built-up,120.8096
2014,AT15,Albany Thicket,Built-up,0
2014,AT16,Albany Thicket,Built-up,0.1776
2014,AT17,Albany Thicket,Built-up,4.4148
2014,AT18,Albany Thicket,Built-up,0.7664
2014,AT19,Albany Thicket,Built-up,0.4712
2014,AT20,Albany Thicket,Built-up,12.3684
2014,AT21,Albany Thicket,Built-up,15.3668
2014,AT22,Albany Thicket,Built-up,38.8512
2014,AT23,Albany Thicket,Built-up,8.2404
2014,AT24,Albany Thicket,Built-up,45.9516
2014,AT25,Albany Thicket,Built-up,2.1152
2014,AT26,Albany Thicket,Built-up,0.384
2014,AT27,Albany Thicket,Built-up,0.9772
2014,AT28,Albany Thicket,Built-up,21.5196
2014,AT29,Albany Thicket,Built-up,4.6256
2014,AT30,Albany Thicket,Built-up,6.3596
2014,AT31,Albany Thicket,Built-up,1.382
2014,AT32,Albany Thicket,Built-up,19.8152
2014,AT33,Albany Thicket,Built-up,0.0124
2014,AT34,Albany Thicket,Built-up,0
2014,AT35,Albany Thicket,Built-up,0.074
2014,AT36,Albany Thicket,Built-up,4.6348
2014,AT37,Albany Thicket,Built-up,0.5084
2014,AT38,Albany Thicket,Built-up,22.146
2014,AT39,Albany Thicket,Built-up,7.0712
2014,AT40,Albany Thicket,Built-up,30.5072
2014,AT41,Albany Thicket,Built-up,12.8916
2014,AT42,Albany Thicket,Built-up,0.05
2014,AT43,Albany Thicket,Built-up,0.7548
2014,AT44,Albany Thicket,Built-up,67.5704
2014,AT45,Albany Thicket,Built-up,4.0764
2014,AT46,Albany Thicket,Built-up,2.0248
2014,AT47,Albany Thicket,Built-up,2.4412
2014,AT48,Albany Thicket,Built-up,5.6376
2014,AT49,Albany Thicket,Built-up,6.0396
2014,AT50,Albany Thicket,Built-up,15.0316
2014,AT51,Albany Thicket,Built-up,43.474
2014,AT52,Albany Thicket,Built-up,0
2014,AT53,Albany Thicket,Built-up,5.192
2014,AT54,Albany Thicket,Built-up,0.0192
2014,AT55,Albany Thicket,Built-up,0
2014,AT56,Albany Thicket,Built-up,56.244
2014,AT57,Albany Thicket,Built-up,9.2856
2014,AT58,Albany Thicket,Built-up,1.4696
2014,AZa1,Azonal,Built-up,0
2014,AZa2,Azonal,Built-up,3.3416
2014,AZa3,Azonal,Built-up,3.7192
2014,AZa4,Azonal,Built-up,14.3548
2014,AZa5,Azonal,Built-up,24.9492
2014,AZa6,Azonal,Built-up,29.9184
2014,AZa7,Azonal,Built-up,12.3164
2014,AZd1,Azonal,Built-up,0
2014,AZd2,Azonal,Built-up,4.00E-04
2014,AZd3,Azonal,Built-up,1.7096
2014,AZd4,Azonal,Built-up,0.698
2014,AZi1,Azonal,Built-up,0.5564
2014,AZi3,Azonal,Built-up,1.04
2014,AZi5,Azonal,Built-up,0.1332
2014,AZi6,Azonal,Built-up,30.0196
2014,AZi7,Azonal,Built-up,0
2014,AZi8,Azonal,Built-up,2.5168
2014,AZs3,Azonal,Built-up,0.2976
2014,CB1,IOCB,Built-up,336.7776
2014,CB2,IOCB,Built-up,89.9772
2014,CB3,IOCB,Built-up,1088.9888
2014,CB4,IOCB,Built-up,95.3132
2014,CB5,IOCB,Built-up,312.6464
2014,CB6,IOCB,Built-up,280.01
2014,Dg1,Desert,Built-up,0
2014,Dg10,Desert,Built-up,0.082
2014,Dg2,Desert,Built-up,0
2014,Dg3,Desert,Built-up,0
2014,Dg4,Desert,Built-up,0
2014,Dg5,Desert,Built-up,0
2014,Dg6,Desert,Built-up,0
2014,Dg7,Desert,Built-up,0.556
2014,Dg8,Desert,Built-up,0
2014,Dg9,Desert,Built-up,3.114
2014,Dn1,Desert,Built-up,0.3712
2014,Dn2,Desert,Built-up,0
2014,Dn3,Desert,Built-up,0.9484
2014,Dn4,Desert,Built-up,0
2014,Dn5,Desert,Built-up,0.8264
2014,FFa1,Fynbos,Built-up,0.0108
2014,FFa2,Fynbos,Built-up,4.9136
2014,FFa3,Fynbos,Built-up,21.5644
2014,FFa4,Fynbos,Built-up,15.6576
2014,FFb1,Fynbos,Built-up,0
2014,FFb2,Fynbos,Built-up,0.0052
2014,FFb3,Fynbos,Built-up,0
2014,FFb4,Fynbos,Built-up,0.024
2014,FFb5,Fynbos,Built-up,0.0804
2014,FFb6,Fynbos,Built-up,1.7896
2014,FFc1,Fynbos,Built-up,4.628
2014,FFd1,Fynbos,Built-up,0
2014,FFd10,Fynbos,Built-up,8.2204
2014,FFd11,Fynbos,Built-up,1.03
2014,FFd2,Fynbos,Built-up,0.5888
2014,FFd3,Fynbos,Built-up,4.096
2014,FFd4,Fynbos,Built-up,12.8796
2014,FFd5,Fynbos,Built-up,286.7824
2014,FFd6,Fynbos,Built-up,24.924
2014,FFd7,Fynbos,Built-up,1.3612
2014,FFd8,Fynbos,Built-up,0
2014,FFd9,Fynbos,Built-up,2.6212
2014,FFf1,Fynbos,Built-up,3.9968
2014,FFf2,Fynbos,Built-up,0
2014,FFg1,Fynbos,Built-up,0.122
2014,FFg2,Fynbos,Built-up,28.7672
2014,FFg3,Fynbos,Built-up,34.9704
2014,FFg4,Fynbos,Built-up,0
2014,FFg5,Fynbos,Built-up,37.8328
2014,FFh1,Fynbos,Built-up,0.2512
2014,FFh10,Fynbos,Built-up,0
2014,FFh11,Fynbos,Built-up,4.516
2014,FFh2,Fynbos,Built-up,0
2014,FFh3,Fynbos,Built-up,0
2014,FFh4,Fynbos,Built-up,0.0644
2014,FFh5,Fynbos,Built-up,7.5924
2014,FFh6,Fynbos,Built-up,1.0668
2014,FFh7,Fynbos,Built-up,2.0204
2014,FFh8,Fynbos,Built-up,0
2014,FFh9,Fynbos,Built-up,31.7712
2014,FFl1,Fynbos,Built-up,6.6236
2014,FFl2,Fynbos,Built-up,0.7808
2014,FFl3,Fynbos,Built-up,0.634
2014,FFq1,Fynbos,Built-up,0
2014,FFq2,Fynbos,Built-up,0
2014,FFq3,Fynbos,Built-up,0.1044
2014,FFq4,Fynbos,Built-up,0.272
2014,FFq5,Fynbos,Built-up,0.0576
2014,FFq6,Fynbos,Built-up,0.4316
2014,FFs1,Fynbos,Built-up,0.1424
2014,FFs10,Fynbos,Built-up,0.2856
2014,FFs11,Fynbos,Built-up,5.7328
2014,FFs12,Fynbos,Built-up,7.7764
2014,FFs13,Fynbos,Built-up,0.0632
2014,FFs14,Fynbos,Built-up,0.0868
2014,FFs15,Fynbos,Built-up,1.5576
2014,FFs16,Fynbos,Built-up,0.3664
2014,FFs17,Fynbos,Built-up,0.006
2014,FFs18,Fynbos,Built-up,0
2014,FFs19,Fynbos,Built-up,12.9004
2014,FFs2,Fynbos,Built-up,0.0016
2014,FFs20,Fynbos,Built-up,15.2988
2014,FFs21,Fynbos,Built-up,0
2014,FFs22,Fynbos,Built-up,0
2014,FFs23,Fynbos,Built-up,0
2014,FFs24,Fynbos,Built-up,0
2014,FFs25,Fynbos,Built-up,0
2014,FFs26,Fynbos,Built-up,0
2014,FFs27,Fynbos,Built-up,0.7928
2014,FFs28,Fynbos,Built-up,17.422
2014,FFs29,Fynbos,Built-up,93.5392
2014,FFs3,Fynbos,Built-up,0
2014,FFs30,Fynbos,Built-up,0
2014,FFs31,Fynbos,Built-up,0
2014,FFs32,Fynbos,Built-up,0
2014,FFs4,Fynbos,Built-up,0
2014,FFs5,Fynbos,Built-up,0.2316
2014,FFs6,Fynbos,Built-up,0.8116
2014,FFs7,Fynbos,Built-up,0
2014,FFs8,Fynbos,Built-up,0
2014,FFs9,Fynbos,Built-up,5.5828
2014,FFt1,Fynbos,Built-up,0
2014,FFt2,Fynbos,Built-up,1.4756
2014,FOa1,Forest,Built-up,0.1712
2014,FOa2,Forest,Built-up,2.3864
2014,FOa3,Forest,Built-up,1.842
2014,FOz1,Forest,Built-up,2.9588
2014,FOz2,Forest,Built-up,0.3048
2014,FOz3,Forest,Built-up,1.7192
2014,FOz4,Forest,Built-up,0.0872
2014,FOz5,Forest,Built-up,11.2076
2014,FOz6,Forest,Built-up,0.3852
2014,FOz7,Forest,Built-up,48.3992
2014,FOz8,Forest,Built-up,7.8252
2014,FOz9,Forest,Built-up,0.004
2014,FRa1,Fynbos,Built-up,13.9028
2014,FRa2,Fynbos,Built-up,1.0112
2014,FRc1,Fynbos,Built-up,1.0484
2014,FRc2,Fynbos,Built-up,1.1088
2014,FRd1,Fynbos,Built-up,0
2014,FRd2,Fynbos,Built-up,0
2014,FRg1,Fynbos,Built-up,0.202
2014,FRg2,Fynbos,Built-up,34.0944
2014,FRg3,Fynbos,Built-up,0
2014,FRl1,Fynbos,Built-up,0.0092
2014,FRs1,Fynbos,Built-up,0
2014,FRs10,Fynbos,Built-up,19.3528
2014,FRs11,Fynbos,Built-up,6.5524
2014,FRs12,Fynbos,Built-up,5.6612
2014,FRs13,Fynbos,Built-up,5.5308
2014,FRs14,Fynbos,Built-up,3.5192
2014,FRs15,Fynbos,Built-up,0
2014,FRs16,Fynbos,Built-up,1.6336
2014,FRs17,Fynbos,Built-up,2.776
2014,FRs18,Fynbos,Built-up,0
2014,FRs19,Fynbos,Built-up,10.1052
2014,FRs2,Fynbos,Built-up,0.9616
2014,FRs20,Fynbos,Built-up,1.3192
2014,FRs3,Fynbos,Built-up,0.1804
2014,FRs4,Fynbos,Built-up,7.034
2014,FRs5,Fynbos,Built-up,0
2014,FRs6,Fynbos,Built-up,1.7
2014,FRs7,Fynbos,Built-up,4.7572
2014,FRs8,Fynbos,Built-up,5.7544
2014,FRs9,Fynbos,Built-up,79.5084
2014,FS1,Fynbos,Built-up,2.9052
2014,FS10,Fynbos,Built-up,10.946
2014,FS11,Fynbos,Built-up,0
2014,FS12,Fynbos,Built-up,21.5284
2014,FS13,Fynbos,Built-up,4.1524
2014,FS14,Fynbos,Built-up,9.9684
2014,FS2,Fynbos,Built-up,16.1588
2014,FS3,Fynbos,Built-up,15.8316
2014,FS4,Fynbos,Built-up,1.1952
2014,FS5,Fynbos,Built-up,12.378
2014,FS6,Fynbos,Built-up,141.5292
2014,FS7,Fynbos,Built-up,3.4868
2014,FS9,Fynbos,Built-up,2.0332
2014,Gd1,Grassland,Built-up,48.7464
2014,Gd10,Grassland,Built-up,0
2014,Gd2,Grassland,Built-up,0.0084
2014,Gd3,Grassland,Built-up,7.2144
2014,Gd4,Grassland,Built-up,44.618
2014,Gd5,Grassland,Built-up,41.0044
2014,Gd6,Grassland,Built-up,0
2014,Gd7,Grassland,Built-up,0.0316
2014,Gd8,Grassland,Built-up,0.5628
2014,Gh1,Grassland,Built-up,11.3744
2014,Gh10,Grassland,Built-up,166.2936
2014,Gh11,Grassland,Built-up,24.5272
2014,Gh12,Grassland,Built-up,19.7136
2014,Gh13,Grassland,Built-up,91.9612
2014,Gh14,Grassland,Built-up,115.0184
2014,Gh15,Grassland,Built-up,451.2248
2014,Gh2,Grassland,Built-up,9.99
2014,Gh3,Grassland,Built-up,14.8284
2014,Gh4,Grassland,Built-up,7.3592
2014,Gh5,Grassland,Built-up,182.4364
2014,Gh6,Grassland,Built-up,174.8072
2014,Gh7,Grassland,Built-up,70.4784
2014,Gh8,Grassland,Built-up,1.7952
2014,Gh9,Grassland,Built-up,21.4896
2014,Gm1,Grassland,Built-up,101.5328
2014,Gm10,Grassland,Built-up,564.0456
2014,Gm11,Grassland,Built-up,359.2596
2014,Gm12,Grassland,Built-up,282.4068
2014,Gm13,Grassland,Built-up,54.6564
2014,Gm14,Grassland,Built-up,7.256
2014,Gm15,Grassland,Built-up,91.8044
2014,Gm16,Grassland,Built-up,124.1764
2014,Gm17,Grassland,Built-up,1.74
2014,Gm19,Grassland,Built-up,6.1224
2014,Gm2,Grassland,Built-up,40.1976
2014,Gm20,Grassland,Built-up,0.1108
2014,Gm21,Grassland,Built-up,19.9764
2014,Gm22,Grassland,Built-up,19.8392
2014,Gm23,Grassland,Built-up,10.36
2014,Gm24,Grassland,Built-up,0.0168
2014,Gm25,Grassland,Built-up,3.4516
2014,Gm26,Grassland,Built-up,0
2014,Gm27,Grassland,Built-up,0
2014,Gm28,Grassland,Built-up,0
2014,Gm29,Grassland,Built-up,0.016
2014,Gm3,Grassland,Built-up,69.7184
2014,Gm30,Grassland,Built-up,19.7188
2014,Gm31,Grassland,Built-up,0.4492
2014,Gm4,Grassland,Built-up,107.4052
2014,Gm5,Grassland,Built-up,10.9512
2014,Gm6,Grassland,Built-up,39.878
2014,Gm7,Grassland,Built-up,0
2014,Gm8,Grassland,Built-up,1045.4812
2014,Gm9,Grassland,Built-up,241.5104
2014,Gs1,Grassland,Built-up,8.4996
2014,Gs10,Grassland,Built-up,577.0916
2014,Gs11,Grassland,Built-up,232.932
2014,Gs12,Grassland,Built-up,659.1484
2014,Gs13,Grassland,Built-up,15.5132
2014,Gs14,Grassland,Built-up,807.2852
2014,Gs15,Grassland,Built-up,420.558
2014,Gs16,Grassland,Built-up,138.8772
2014,Gs17,Grassland,Built-up,10.0196
2014,Gs18,Grassland,Built-up,2.0724
2014,Gs19,Grassland,Built-up,379.2712
2014,Gs2,Grassland,Built-up,35.0508
2014,Gs20,Grassland,Built-up,990.3692
2014,Gs3,Grassland,Built-up,11.8076
2014,Gs4,Grassland,Built-up,364.9532
2014,Gs6,Grassland,Built-up,217.2468
2014,Gs7,Grassland,Built-up,330.0968
2014,Gs8,Grassland,Built-up,36.0768
2014,Gs9,Grassland,Built-up,598.8928
2014,NKb1,Nama-Karoo,Built-up,0.5292
2014,NKb2,Nama-Karoo,Built-up,0
2014,NKb3,Nama-Karoo,Built-up,31.0276
2014,NKb4,Nama-Karoo,Built-up,0
2014,NKb5,Nama-Karoo,Built-up,21.3832
2014,NKb6,Nama-Karoo,Built-up,4.0364
2014,NKl1,Nama-Karoo,Built-up,7.954
2014,NKl2,Nama-Karoo,Built-up,10.36
2014,NKl4,Nama-Karoo,Built-up,0.5392
2014,NKu1,Nama-Karoo,Built-up,4.4372
2014,NKu2,Nama-Karoo,Built-up,0.8364
2014,NKu3,Nama-Karoo,Built-up,36.466
2014,NKu4,Nama-Karoo,Built-up,54.3464
2014,NOTVEG,NOTVEG,Built-up,14.562
2014,SKk1,Succulent Karoo,Built-up,0
2014,SKk2,Succulent Karoo,Built-up,0
2014,SKk3,Succulent Karoo,Built-up,0.6484
2014,SKk4,Succulent Karoo,Built-up,0
2014,SKk5,Succulent Karoo,Built-up,3.3616
2014,SKk6,Succulent Karoo,Built-up,0.06
2014,SKk7,Succulent Karoo,Built-up,3.1244
2014,SKk8,Succulent Karoo,Built-up,0
2014,SKk9,Succulent Karoo,Built-up,0
2014,SKn1,Succulent Karoo,Built-up,11.6508
2014,SKn2,Succulent Karoo,Built-up,0.1824
2014,SKn3,Succulent Karoo,Built-up,8.6376
2014,SKn4,Succulent Karoo,Built-up,3.492
2014,SKn5,Succulent Karoo,Built-up,0
2014,SKn6,Succulent Karoo,Built-up,0
2014,SKn7,Succulent Karoo,Built-up,0.134
2014,SKr1,Succulent Karoo,Built-up,0.116
2014,SKr10,Succulent Karoo,Built-up,0
2014,SKr11,Succulent Karoo,Built-up,0.2124
2014,SKr12,Succulent Karoo,Built-up,0
2014,SKr13,Succulent Karoo,Built-up,0
2014,SKr14,Succulent Karoo,Built-up,0
2014,SKr15,Succulent Karoo,Built-up,0
2014,SKr16,Succulent Karoo,Built-up,0
2014,SKr17,Succulent Karoo,Built-up,0
2014,SKr18,Succulent Karoo,Built-up,0
2014,SKr19,Succulent Karoo,Built-up,0
2014,SKr2,Succulent Karoo,Built-up,0.328
2014,SKr3,Succulent Karoo,Built-up,0
2014,SKr4,Succulent Karoo,Built-up,0.2072
2014,SKr5,Succulent Karoo,Built-up,0
2014,SKr6,Succulent Karoo,Built-up,0
2014,SKr7,Succulent Karoo,Built-up,0
2014,SKr8,Succulent Karoo,Built-up,0
2014,SKr9,Succulent Karoo,Built-up,0
2014,SKs1,Succulent Karoo,Built-up,2.1404
2014,SKs10,Succulent Karoo,Built-up,0
2014,SKs11,Succulent Karoo,Built-up,0
2014,SKs12,Succulent Karoo,Built-up,0.2696
2014,SKs13,Succulent Karoo,Built-up,0.8248
2014,SKs14,Succulent Karoo,Built-up,1.1948
2014,SKs2,Succulent Karoo,Built-up,0
2014,SKs3,Succulent Karoo,Built-up,0
2014,SKs4,Succulent Karoo,Built-up,0
2014,SKs5,Succulent Karoo,Built-up,0
2014,SKs6,Succulent Karoo,Built-up,0
2014,SKs7,Succulent Karoo,Built-up,4.2116
2014,SKs8,Succulent Karoo,Built-up,1.7104
2014,SKs9,Succulent Karoo,Built-up,0.1052
2014,SKt1,Succulent Karoo,Built-up,0
2014,SKt2,Succulent Karoo,Built-up,7.8616
2014,SKt3,Succulent Karoo,Built-up,1.4724
2014,SKv1,Succulent Karoo,Built-up,0.1484
2014,SKv10,Succulent Karoo,Built-up,0
2014,SKv11,Succulent Karoo,Built-up,14.6176
2014,SKv13,Succulent Karoo,Built-up,2.294
2014,SKv14,Succulent Karoo,Built-up,3.6332
2014,SKv2,Succulent Karoo,Built-up,0
2014,SKv3,Succulent Karoo,Built-up,0
2014,SKv4,Succulent Karoo,Built-up,0
2014,SKv5,Succulent Karoo,Built-up,0
2014,SKv6,Succulent Karoo,Built-up,1.6052
2014,SKv7,Succulent Karoo,Built-up,13.3608
2014,SKv8,Succulent Karoo,Built-up,3.2612
2014,SVcb1,Savanna,Built-up,31.9456
2014,SVcb10,Savanna,Built-up,73.032
2014,SVcb11,Savanna,Built-up,132.344
2014,SVcb12,Savanna,Built-up,1273.25
2014,SVcb13,Savanna,Built-up,30.4332
2014,SVcb14,Savanna,Built-up,6.7212
2014,SVcb15,Savanna,Built-up,322.846
2014,SVcb16,Savanna,Built-up,462.594
2014,SVcb17,Savanna,Built-up,13.8988
2014,SVcb18,Savanna,Built-up,162.72
2014,SVcb19,Savanna,Built-up,89.5316
2014,SVcb2,Savanna,Built-up,11.6288
2014,SVcb20,Savanna,Built-up,499.63
2014,SVcb21,Savanna,Built-up,274.578
2014,SVcb22,Savanna,Built-up,0
2014,SVcb23,Savanna,Built-up,471.102
2014,SVcb24,Savanna,Built-up,18.1144
2014,SVcb25,Savanna,Built-up,18.4252
2014,SVcb26,Savanna,Built-up,54.0384
2014,SVcb27,Savanna,Built-up,369.7284
2014,SVcb28,Savanna,Built-up,125.058
2014,SVcb29,Savanna,Built-up,2.6128
2014,SVcb3,Savanna,Built-up,79.1156
2014,SVcb4,Savanna,Built-up,54.4196
2014,SVcb5,Savanna,Built-up,3.4088
2014,SVcb6,Savanna,Built-up,418.856
2014,SVcb7,Savanna,Built-up,46.1712
2014,SVcb8,Savanna,Built-up,183.6256
2014,SVcb9,Savanna,Built-up,103.0532
2014,SVk1,Savanna,Built-up,66.6956
2014,SVk10,Savanna,Built-up,41.426
2014,SVk11,Savanna,Built-up,32.7008
2014,SVk12,Savanna,Built-up,17.3884
2014,SVk13,Savanna,Built-up,6.6944
2014,SVk14,Savanna,Built-up,1.7556
2014,SVk15,Savanna,Built-up,0.1664
2014,SVk16,Savanna,Built-up,0.3636
2014,SVk17,Savanna,Built-up,374.8228
2014,SVk18,Savanna,Built-up,11.4136
2014,SVk2,Savanna,Built-up,16.7164
2014,SVk3,Savanna,Built-up,9.9376
2014,SVk4,Savanna,Built-up,141.3976
2014,SVk5,Savanna,Built-up,1.1668
2014,SVk6,Savanna,Built-up,105.52
2014,SVk7,Savanna,Built-up,36.5256
2014,SVk8,Savanna,Built-up,25.8348
2014,SVk9,Savanna,Built-up,113.2928
2014,SVkd1,Savanna,Built-up,0.388
2014,SVkd2,Savanna,Built-up,0
2014,SVkd3,Savanna,Built-up,0.0996
2014,SVkd4,Savanna,Built-up,0.0768
2014,SVl1,Savanna,Built-up,138.0252
2014,SVl10,Savanna,Built-up,94.8376
2014,SVl11,Savanna,Built-up,19.054
2014,SVl12,Savanna,Built-up,7.682
2014,SVl13,Savanna,Built-up,0.4652
2014,SVl14,Savanna,Built-up,54.9844
2014,SVl15,Savanna,Built-up,0.2444
2014,SVl16,Savanna,Built-up,95.9944
2014,SVl17,Savanna,Built-up,47.9656
2014,SVl18,Savanna,Built-up,104.2516
2014,SVl19,Savanna,Built-up,48.7408
2014,SVl2,Savanna,Built-up,0
2014,SVl20,Savanna,Built-up,181.8372
2014,SVl21,Savanna,Built-up,19.0484
2014,SVl22,Savanna,Built-up,307.9392
2014,SVl23,Savanna,Built-up,464.1492
2014,SVl24,Savanna,Built-up,157.2384
2014,SVl25,Savanna,Built-up,79.9596
2014,SVl26,Savanna,Built-up,78.3228
2014,SVl27,Savanna,Built-up,38.092
2014,SVl3,Savanna,Built-up,1007.324
2014,SVl4,Savanna,Built-up,2.9364
2014,SVl5,Savanna,Built-up,26.2196
2014,SVl6,Savanna,Built-up,0.3996
2014,SVl7,Savanna,Built-up,13.3196
2014,SVl8,Savanna,Built-up,319.9264
2014,SVl9,Savanna,Built-up,243.1752
2014,SVmp1,Savanna,Built-up,47.2604
2014,SVmp2,Savanna,Built-up,0.6804
2014,SVmp3,Savanna,Built-up,0
2014,SVmp4,Savanna,Built-up,0.0968
2014,SVmp5,Savanna,Built-up,80.3624
2014,SVmp6,Savanna,Built-up,106.7664
2014,SVmp7,Savanna,Built-up,71.2392
2014,SVmp8,Savanna,Built-up,0
2014,SVs1,Savanna,Built-up,145.5292
2014,SVs2,Savanna,Built-up,138.8296
2014,SVs3,Savanna,Built-up,154.2976
2014,SVs4,Savanna,Built-up,172.7784
2014,SVs5,Savanna,Built-up,266.238
2014,SVs6,Savanna,Built-up,688.9072
2014,SVs7,Savanna,Built-up,816.7168
2014,SVs8,Savanna,Built-up,126.3516
2018,AT15,Albany Thicket,Built-up,0.0044
2018,AT16,Albany Thicket,Built-up,0.122
2018,AT17,Albany Thicket,Built-up,5.1984
2018,AT18,Albany Thicket,Built-up,2.2428
2018,AT19,Albany Thicket,Built-up,1.576
2018,AT20,Albany Thicket,Built-up,12.9828
2018,AT21,Albany Thicket,Built-up,18.4204
2018,AT22,Albany Thicket,Built-up,43.4776
2018,AT23,Albany Thicket,Built-up,10.1208
2018,AT24,Albany Thicket,Built-up,57.216
2018,AT25,Albany Thicket,Built-up,6.3284
2018,AT26,Albany Thicket,Built-up,0.31
2018,AT27,Albany Thicket,Built-up,2.21
2018,AT28,Albany Thicket,Built-up,25.262
2018,AT29,Albany Thicket,Built-up,5.6928
2018,AT30,Albany Thicket,Built-up,8.7476
2018,AT31,Albany Thicket,Built-up,1.8076
2018,AT32,Albany Thicket,Built-up,27.2368
2018,AT33,Albany Thicket,Built-up,0.8172
2018,AT34,Albany Thicket,Built-up,0.4092
2018,AT35,Albany Thicket,Built-up,0.1728
2018,AT36,Albany Thicket,Built-up,5.4392
2018,AT37,Albany Thicket,Built-up,1.7984
2018,AT38,Albany Thicket,Built-up,25.326
2018,AT39,Albany Thicket,Built-up,9.8876
2018,AT40,Albany Thicket,Built-up,40.1792
2018,AT41,Albany Thicket,Built-up,14.146
2018,AT42,Albany Thicket,Built-up,0.5796
2018,AT43,Albany Thicket,Built-up,2.3524
2018,AT44,Albany Thicket,Built-up,74.1672
2018,AT45,Albany Thicket,Built-up,6.0544
2018,AT46,Albany Thicket,Built-up,3.8116
2018,AT47,Albany Thicket,Built-up,5.5568
2018,AT48,Albany Thicket,Built-up,5.704
2018,AT49,Albany Thicket,Built-up,19.5624
2018,AT50,Albany Thicket,Built-up,16.8448
2018,AT51,Albany Thicket,Built-up,57.2708
2018,AT52,Albany Thicket,Built-up,0.022
2018,AT53,Albany Thicket,Built-up,5.6512
2018,AT54,Albany Thicket,Built-up,0.0372
2018,AT55,Albany Thicket,Built-up,1.5696
2018,AT56,Albany Thicket,Built-up,64.0056
2018,AT57,Albany Thicket,Built-up,11.048
2018,AT58,Albany Thicket,Built-up,5.3476
2018,AZa1,Azonal,Built-up,0.0324
2018,AZa2,Azonal,Built-up,8.902
2018,AZa3,Azonal,Built-up,12.1692
2018,AZa4,Azonal,Built-up,19.7588
2018,AZa5,Azonal,Built-up,39.8844
2018,AZa6,Azonal,Built-up,42.4308
2018,AZa7,Azonal,Built-up,16.242
2018,AZd1,Azonal,Built-up,0
2018,AZd2,Azonal,Built-up,0.0244
2018,AZd3,Azonal,Built-up,2.4564
2018,AZd4,Azonal,Built-up,0.7032
2018,AZi1,Azonal,Built-up,5.3804
2018,AZi3,Azonal,Built-up,15.85
2018,AZi5,Azonal,Built-up,8.224
2018,AZi6,Azonal,Built-up,55.9264
2018,AZi7,Azonal,Built-up,4.4796
2018,AZi8,Azonal,Built-up,10.3848
2018,AZs3,Azonal,Built-up,0.33
2018,CB1,IOCB,Built-up,408.2752
2018,CB2,IOCB,Built-up,109.5916
2018,CB3,IOCB,Built-up,1368.3948
2018,CB4,IOCB,Built-up,119.5044
2018,CB5,IOCB,Built-up,358.4192
2018,CB6,IOCB,Built-up,339.6256
2018,Dg1,Desert,Built-up,0
2018,Dg10,Desert,Built-up,1.5388
2018,Dg2,Desert,Built-up,0
2018,Dg3,Desert,Built-up,0.0072
2018,Dg4,Desert,Built-up,0
2018,Dg5,Desert,Built-up,0.2016
2018,Dg6,Desert,Built-up,0.1168
2018,Dg7,Desert,Built-up,1.362
2018,Dg8,Desert,Built-up,0.2012
2018,Dg9,Desert,Built-up,6.852
2018,Dn1,Desert,Built-up,0.5372
2018,Dn2,Desert,Built-up,0
2018,Dn3,Desert,Built-up,2.5216
2018,Dn4,Desert,Built-up,1.5576
2018,Dn5,Desert,Built-up,1.6912
2018,FFa1,Fynbos,Built-up,0.5616
2018,FFa2,Fynbos,Built-up,17.4496
2018,FFa3,Fynbos,Built-up,35.4924
2018,FFa4,Fynbos,Built-up,19.4448
2018,FFb1,Fynbos,Built-up,0.458
2018,FFb2,Fynbos,Built-up,0.0472
2018,FFb3,Fynbos,Built-up,0.0252
2018,FFb4,Fynbos,Built-up,0.1116
2018,FFb5,Fynbos,Built-up,0.2212
2018,FFb6,Fynbos,Built-up,2.442
2018,FFc1,Fynbos,Built-up,9.0956
2018,FFd1,Fynbos,Built-up,0.418
2018,FFd10,Fynbos,Built-up,9.4684
2018,FFd11,Fynbos,Built-up,1.4884
2018,FFd2,Fynbos,Built-up,6.5364
2018,FFd3,Fynbos,Built-up,7.0416
2018,FFd4,Fynbos,Built-up,20.192
2018,FFd5,Fynbos,Built-up,342.8952
2018,FFd6,Fynbos,Built-up,29.8756
2018,FFd7,Fynbos,Built-up,2.1976
2018,FFd8,Fynbos,Built-up,0.7312
2018,FFd9,Fynbos,Built-up,5.7096
2018,FFf1,Fynbos,Built-up,9.0012
2018,FFf2,Fynbos,Built-up,0.1604
2018,FFg1,Fynbos,Built-up,0.1624
2018,FFg2,Fynbos,Built-up,37.7176
2018,FFg3,Fynbos,Built-up,41.2012
2018,FFg4,Fynbos,Built-up,0.0024
2018,FFg5,Fynbos,Built-up,49.2396
2018,FFh1,Fynbos,Built-up,2.8528
2018,FFh10,Fynbos,Built-up,0.2492
2018,FFh11,Fynbos,Built-up,4.7552
2018,FFh2,Fynbos,Built-up,0.0452
2018,FFh3,Fynbos,Built-up,0.2256
2018,FFh4,Fynbos,Built-up,2.4048
2018,FFh5,Fynbos,Built-up,9.1812
2018,FFh6,Fynbos,Built-up,5.6824
2018,FFh7,Fynbos,Built-up,3.9884
2018,FFh8,Fynbos,Built-up,0.626
2018,FFh9,Fynbos,Built-up,37.2836
2018,FFl1,Fynbos,Built-up,8.188
2018,FFl2,Fynbos,Built-up,4.0576
2018,FFl3,Fynbos,Built-up,2.9652
2018,FFq1,Fynbos,Built-up,0
2018,FFq2,Fynbos,Built-up,0.8196
2018,FFq3,Fynbos,Built-up,0.5616
2018,FFq4,Fynbos,Built-up,0.7596
2018,FFq5,Fynbos,Built-up,0.082
2018,FFq6,Fynbos,Built-up,1.056
2018,FFs1,Fynbos,Built-up,1.2592
2018,FFs10,Fynbos,Built-up,2.374
2018,FFs11,Fynbos,Built-up,9.2836
2018,FFs12,Fynbos,Built-up,10.9828
2018,FFs13,Fynbos,Built-up,0.228
2018,FFs14,Fynbos,Built-up,0.444
2018,FFs15,Fynbos,Built-up,3.5116
2018,FFs16,Fynbos,Built-up,0.948
2018,FFs17,Fynbos,Built-up,0.5524
2018,FFs18,Fynbos,Built-up,1.4372
2018,FFs19,Fynbos,Built-up,16.0756
2018,FFs2,Fynbos,Built-up,3.0872
2018,FFs20,Fynbos,Built-up,23.2344
2018,FFs21,Fynbos,Built-up,0.0364
2018,FFs22,Fynbos,Built-up,0.076
2018,FFs23,Fynbos,Built-up,0.366
2018,FFs24,Fynbos,Built-up,0.5364
2018,FFs25,Fynbos,Built-up,0.054
2018,FFs26,Fynbos,Built-up,0.1784
2018,FFs27,Fynbos,Built-up,2.586
2018,FFs28,Fynbos,Built-up,24.6088
2018,FFs29,Fynbos,Built-up,129.5056
2018,FFs3,Fynbos,Built-up,0.4176
2018,FFs30,Fynbos,Built-up,0.0292
2018,FFs31,Fynbos,Built-up,0.0048
2018,FFs32,Fynbos,Built-up,0.3892
2018,FFs4,Fynbos,Built-up,3.9744
2018,FFs5,Fynbos,Built-up,1.7876
2018,FFs6,Fynbos,Built-up,2.122
2018,FFs7,Fynbos,Built-up,0.4988
2018,FFs8,Fynbos,Built-up,0.234
2018,FFs9,Fynbos,Built-up,7.5376
2018,FFt1,Fynbos,Built-up,0.248
2018,FFt2,Fynbos,Built-up,2.2648
2018,FOa1,Forest,Built-up,0.1876
2018,FOa2,Forest,Built-up,1.3136
2018,FOa3,Forest,Built-up,1.8836
2018,FOz1,Forest,Built-up,1.172
2018,FOz2,Forest,Built-up,0.1416
2018,FOz3,Forest,Built-up,0.6576
2018,FOz4,Forest,Built-up,0.0292
2018,FOz5,Forest,Built-up,2.3536
2018,FOz6,Forest,Built-up,0.1876
2018,FOz7,Forest,Built-up,19.8108
2018,FOz8,Forest,Built-up,1.7296
2018,FOz9,Forest,Built-up,0
2018,FRa1,Fynbos,Built-up,25.2372
2018,FRa2,Fynbos,Built-up,1.4068
2018,FRc1,Fynbos,Built-up,2.1872
2018,FRc2,Fynbos,Built-up,2.0816
2018,FRd1,Fynbos,Built-up,0.3784
2018,FRd2,Fynbos,Built-up,0.2824
2018,FRg1,Fynbos,Built-up,0.6508
2018,FRg2,Fynbos,Built-up,48.4076
2018,FRg3,Fynbos,Built-up,0.0064
2018,FRl1,Fynbos,Built-up,2.1896
2018,FRs1,Fynbos,Built-up,0.1168
2018,FRs10,Fynbos,Built-up,20.0884
2018,FRs11,Fynbos,Built-up,13.5832
2018,FRs12,Fynbos,Built-up,14.6252
2018,FRs13,Fynbos,Built-up,20.506
2018,FRs14,Fynbos,Built-up,9.5356
2018,FRs15,Fynbos,Built-up,0.7316
2018,FRs16,Fynbos,Built-up,4.8868
2018,FRs17,Fynbos,Built-up,5.9548
2018,FRs18,Fynbos,Built-up,0.0016
2018,FRs19,Fynbos,Built-up,12.1916
2018,FRs2,Fynbos,Built-up,1.8032
2018,FRs20,Fynbos,Built-up,1.9436
2018,FRs3,Fynbos,Built-up,2.5548
2018,FRs4,Fynbos,Built-up,11.4832
2018,FRs5,Fynbos,Built-up,0.9628
2018,FRs6,Fynbos,Built-up,6.9652
2018,FRs7,Fynbos,Built-up,12.684
2018,FRs8,Fynbos,Built-up,14.7888
2018,FRs9,Fynbos,Built-up,120.49
2018,FS1,Fynbos,Built-up,6.046
2018,FS10,Fynbos,Built-up,14.4824
2018,FS11,Fynbos,Built-up,0.0868
2018,FS12,Fynbos,Built-up,24.6732
2018,FS13,Fynbos,Built-up,4.8628
2018,FS14,Fynbos,Built-up,8.8084
2018,FS2,Fynbos,Built-up,22.9924
2018,FS3,Fynbos,Built-up,26.3744
2018,FS4,Fynbos,Built-up,1.6912
2018,FS5,Fynbos,Built-up,17.9264
2018,FS6,Fynbos,Built-up,179.8112
2018,FS7,Fynbos,Built-up,4.3112
2018,FS9,Fynbos,Built-up,2.5032
2018,Gd1,Grassland,Built-up,63.5192
2018,Gd10,Grassland,Built-up,0.0228
2018,Gd2,Grassland,Built-up,0.1112
2018,Gd3,Grassland,Built-up,16.396
2018,Gd4,Grassland,Built-up,63.6596
2018,Gd5,Grassland,Built-up,47.4348
2018,Gd6,Grassland,Built-up,4.00E-04
2018,Gd7,Grassland,Built-up,0.1264
2018,Gd8,Grassland,Built-up,2.7148
2018,Gh1,Grassland,Built-up,18.8648
2018,Gh10,Grassland,Built-up,291.748
2018,Gh11,Grassland,Built-up,32.078
2018,Gh12,Grassland,Built-up,24.8516
2018,Gh13,Grassland,Built-up,119.4584
2018,Gh14,Grassland,Built-up,159.9264
2018,Gh15,Grassland,Built-up,576.7288
2018,Gh2,Grassland,Built-up,24.0132
2018,Gh3,Grassland,Built-up,46.3052
2018,Gh4,Grassland,Built-up,23.7848
2018,Gh5,Grassland,Built-up,276.934
2018,Gh6,Grassland,Built-up,234.3416
2018,Gh7,Grassland,Built-up,85.1448
2018,Gh8,Grassland,Built-up,3.4412
2018,Gh9,Grassland,Built-up,39.8784
2018,Gm1,Grassland,Built-up,123.3408
2018,Gm10,Grassland,Built-up,686.6864
2018,Gm11,Grassland,Built-up,529.9724
2018,Gm12,Grassland,Built-up,389.9368
2018,Gm13,Grassland,Built-up,72.792
2018,Gm14,Grassland,Built-up,16.9816
2018,Gm15,Grassland,Built-up,134.8456
2018,Gm16,Grassland,Built-up,171.878
2018,Gm17,Grassland,Built-up,2.7112
2018,Gm19,Grassland,Built-up,10.8732
2018,Gm2,Grassland,Built-up,47.61
2018,Gm20,Grassland,Built-up,0.2592
2018,Gm21,Grassland,Built-up,32.0692
2018,Gm22,Grassland,Built-up,24.9184
2018,Gm23,Grassland,Built-up,14.4196
2018,Gm24,Grassland,Built-up,0.0264
2018,Gm25,Grassland,Built-up,4.3488
2018,Gm26,Grassland,Built-up,0.1016
2018,Gm27,Grassland,Built-up,0.1992
2018,Gm28,Grassland,Built-up,0.006
2018,Gm29,Grassland,Built-up,0.336
2018,Gm3,Grassland,Built-up,137.5508
2018,Gm30,Grassland,Built-up,33.3232
2018,Gm31,Grassland,Built-up,1.8236
2018,Gm4,Grassland,Built-up,160.346
2018,Gm5,Grassland,Built-up,17.1992
2018,Gm6,Grassland,Built-up,69.108
2018,Gm7,Grassland,Built-up,0.0744
2018,Gm8,Grassland,Built-up,1326.6064
2018,Gm9,Grassland,Built-up,294.3428
2018,Gs1,Grassland,Built-up,9.9516
2018,Gs10,Grassland,Built-up,693.454
2018,Gs11,Grassland,Built-up,288.8352
2018,Gs12,Grassland,Built-up,772.6676
2018,Gs13,Grassland,Built-up,17.76
2018,Gs14,Grassland,Built-up,920.1468
2018,Gs15,Grassland,Built-up,493.32
2018,Gs16,Grassland,Built-up,184.7972
2018,Gs17,Grassland,Built-up,14.916
2018,Gs18,Grassland,Built-up,3.8508
2018,Gs19,Grassland,Built-up,471.0608
2018,Gs2,Grassland,Built-up,49.6492
2018,Gs20,Grassland,Built-up,1189.7472
2018,Gs3,Grassland,Built-up,17.1404
2018,Gs4,Grassland,Built-up,516.8096
2018,Gs6,Grassland,Built-up,309.3984
2018,Gs7,Grassland,Built-up,435.2964
2018,Gs8,Grassland,Built-up,52.5712
2018,Gs9,Grassland,Built-up,732.2384
2018,NKb1,Nama-Karoo,Built-up,4.512
2018,NKb2,Nama-Karoo,Built-up,0.6796
2018,NKb3,Nama-Karoo,Built-up,126.15
2018,NKb4,Nama-Karoo,Built-up,1.5076
2018,NKb5,Nama-Karoo,Built-up,49.8684
2018,NKb6,Nama-Karoo,Built-up,86.6908
2018,NKl1,Nama-Karoo,Built-up,45.9796
2018,NKl2,Nama-Karoo,Built-up,30.2604
2018,NKl4,Nama-Karoo,Built-up,2.7232
2018,NKu1,Nama-Karoo,Built-up,40.938
2018,NKu2,Nama-Karoo,Built-up,7.6028
2018,NKu3,Nama-Karoo,Built-up,122.548
2018,NKu4,Nama-Karoo,Built-up,99.276
2018,NOTVEG,NOTVEG,Built-up,18.2484
2018,SKk1,Succulent Karoo,Built-up,2.7348
2018,SKk2,Succulent Karoo,Built-up,0.1492
2018,SKk3,Succulent Karoo,Built-up,2.6576
2018,SKk4,Succulent Karoo,Built-up,1.2592
2018,SKk5,Succulent Karoo,Built-up,8.5272
2018,SKk6,Succulent Karoo,Built-up,0.2216
2018,SKk7,Succulent Karoo,Built-up,4.9484
2018,SKk8,Succulent Karoo,Built-up,0
2018,SKk9,Succulent Karoo,Built-up,0.1056
2018,SKn1,Succulent Karoo,Built-up,18.5568
2018,SKn2,Succulent Karoo,Built-up,0.8224
2018,SKn3,Succulent Karoo,Built-up,15.934
2018,SKn4,Succulent Karoo,Built-up,11.7424
2018,SKn5,Succulent Karoo,Built-up,1.314
2018,SKn6,Succulent Karoo,Built-up,0.092
2018,SKn7,Succulent Karoo,Built-up,0.8392
2018,SKr1,Succulent Karoo,Built-up,0.394
2018,SKr10,Succulent Karoo,Built-up,0.3252
2018,SKr11,Succulent Karoo,Built-up,0.9536
2018,SKr12,Succulent Karoo,Built-up,0.1052
2018,SKr13,Succulent Karoo,Built-up,0.416
2018,SKr14,Succulent Karoo,Built-up,0.1196
2018,SKr15,Succulent Karoo,Built-up,0.0716
2018,SKr16,Succulent Karoo,Built-up,0.1112
2018,SKr17,Succulent Karoo,Built-up,0.2332
2018,SKr18,Succulent Karoo,Built-up,0.4468
2018,SKr19,Succulent Karoo,Built-up,0.9676
2018,SKr2,Succulent Karoo,Built-up,0.7084
2018,SKr3,Succulent Karoo,Built-up,0.0232
2018,SKr4,Succulent Karoo,Built-up,1.0268
2018,SKr5,Succulent Karoo,Built-up,0
2018,SKr6,Succulent Karoo,Built-up,0
2018,SKr7,Succulent Karoo,Built-up,0.5136
2018,SKr8,Succulent Karoo,Built-up,0
2018,SKr9,Succulent Karoo,Built-up,0
2018,SKs1,Succulent Karoo,Built-up,3.3472
2018,SKs10,Succulent Karoo,Built-up,0.3332
2018,SKs11,Succulent Karoo,Built-up,0.2012
2018,SKs12,Succulent Karoo,Built-up,1.7888
2018,SKs13,Succulent Karoo,Built-up,2.1764
2018,SKs14,Succulent Karoo,Built-up,3.2928
2018,SKs2,Succulent Karoo,Built-up,0.9356
2018,SKs3,Succulent Karoo,Built-up,0.0024
2018,SKs4,Succulent Karoo,Built-up,0.228
2018,SKs5,Succulent Karoo,Built-up,0.0824
2018,SKs6,Succulent Karoo,Built-up,0.256
2018,SKs7,Succulent Karoo,Built-up,11.5168
2018,SKs8,Succulent Karoo,Built-up,2.9944
2018,SKs9,Succulent Karoo,Built-up,1.1052
2018,SKt1,Succulent Karoo,Built-up,0.3908
2018,SKt2,Succulent Karoo,Built-up,24.3644
2018,SKt3,Succulent Karoo,Built-up,14.1692
2018,SKv1,Succulent Karoo,Built-up,1.214
2018,SKv10,Succulent Karoo,Built-up,1.8016
2018,SKv11,Succulent Karoo,Built-up,26.0828
2018,SKv13,Succulent Karoo,Built-up,8.5548
2018,SKv14,Succulent Karoo,Built-up,5.9624
2018,SKv2,Succulent Karoo,Built-up,0.0576
2018,SKv3,Succulent Karoo,Built-up,0.7232
2018,SKv4,Succulent Karoo,Built-up,0.678
2018,SKv5,Succulent Karoo,Built-up,9.7268
2018,SKv6,Succulent Karoo,Built-up,8.9444
2018,SKv7,Succulent Karoo,Built-up,19.974
2018,SKv8,Succulent Karoo,Built-up,15.1288
2018,SVcb1,Savanna,Built-up,43.138
2018,SVcb10,Savanna,Built-up,91.688
2018,SVcb11,Savanna,Built-up,171.6524
2018,SVcb12,Savanna,Built-up,1548.616
2018,SVcb13,Savanna,Built-up,38.3212
2018,SVcb14,Savanna,Built-up,12.416
2018,SVcb15,Savanna,Built-up,414.38
2018,SVcb16,Savanna,Built-up,553.4688
2018,SVcb17,Savanna,Built-up,25.2452
2018,SVcb18,Savanna,Built-up,195.124
2018,SVcb19,Savanna,Built-up,130.282
2018,SVcb2,Savanna,Built-up,12.4988
2018,SVcb20,Savanna,Built-up,569.0916
2018,SVcb21,Savanna,Built-up,291.3768
2018,SVcb22,Savanna,Built-up,0
2018,SVcb23,Savanna,Built-up,554.5536
2018,SVcb24,Savanna,Built-up,19.9156
2018,SVcb25,Savanna,Built-up,22.5584
2018,SVcb26,Savanna,Built-up,67.2536
2018,SVcb27,Savanna,Built-up,427.3548
2018,SVcb28,Savanna,Built-up,145.7916
2018,SVcb29,Savanna,Built-up,2.9608
2018,SVcb3,Savanna,Built-up,88.4428
2018,SVcb4,Savanna,Built-up,64.2176
2018,SVcb5,Savanna,Built-up,3.7188
2018,SVcb6,Savanna,Built-up,507.2744
2018,SVcb7,Savanna,Built-up,55.9152
2018,SVcb8,Savanna,Built-up,245.6216
2018,SVcb9,Savanna,Built-up,131.498
2018,SVk1,Savanna,Built-up,99.1072
2018,SVk10,Savanna,Built-up,52.9048
2018,SVk11,Savanna,Built-up,59.1668
2018,SVk12,Savanna,Built-up,46.486
2018,SVk13,Savanna,Built-up,32.4032
2018,SVk14,Savanna,Built-up,5.0816
2018,SVk15,Savanna,Built-up,1.2976
2018,SVk16,Savanna,Built-up,5.8816
2018,SVk17,Savanna,Built-up,452.5316
2018,SVk18,Savanna,Built-up,8.216
2018,SVk2,Savanna,Built-up,30.7796
2018,SVk3,Savanna,Built-up,18.546
2018,SVk4,Savanna,Built-up,207.6304
2018,SVk5,Savanna,Built-up,4.5368
2018,SVk6,Savanna,Built-up,129.9784
2018,SVk7,Savanna,Built-up,69.4688
2018,SVk8,Savanna,Built-up,34.1092
2018,SVk9,Savanna,Built-up,142.3356
2018,SVkd1,Savanna,Built-up,23.0216
2018,SVkd2,Savanna,Built-up,2.0092
2018,SVkd3,Savanna,Built-up,0.3288
2018,SVkd4,Savanna,Built-up,0.1568
2018,SVl1,Savanna,Built-up,150.756
2018,SVl10,Savanna,Built-up,114.3264
2018,SVl11,Savanna,Built-up,22.75
2018,SVl12,Savanna,Built-up,9.1916
2018,SVl13,Savanna,Built-up,0.6952
2018,SVl14,Savanna,Built-up,69.4752
2018,SVl15,Savanna,Built-up,0.4968
2018,SVl16,Savanna,Built-up,105.3972
2018,SVl17,Savanna,Built-up,54.692
2018,SVl18,Savanna,Built-up,114.1884
2018,SVl19,Savanna,Built-up,55.1772
2018,SVl2,Savanna,Built-up,0
2018,SVl20,Savanna,Built-up,226.4912
2018,SVl21,Savanna,Built-up,21.0336
2018,SVl22,Savanna,Built-up,374.9792
2018,SVl23,Savanna,Built-up,569.3644
2018,SVl24,Savanna,Built-up,175.886
2018,SVl25,Savanna,Built-up,91.0872
2018,SVl26,Savanna,Built-up,90.8148
2018,SVl27,Savanna,Built-up,47.3668
2018,SVl3,Savanna,Built-up,1140.3224
2018,SVl4,Savanna,Built-up,5.1372
2018,SVl5,Savanna,Built-up,34.1352
2018,SVl6,Savanna,Built-up,1.2384
2018,SVl7,Savanna,Built-up,14.2936
2018,SVl8,Savanna,Built-up,341.4936
2018,SVl9,Savanna,Built-up,297.0776
2018,SVmp1,Savanna,Built-up,57.8592
2018,SVmp2,Savanna,Built-up,2.054
2018,SVmp3,Savanna,Built-up,0
2018,SVmp4,Savanna,Built-up,0.1456
2018,SVmp5,Savanna,Built-up,87.7768
2018,SVmp6,Savanna,Built-up,121.2408
2018,SVmp7,Savanna,Built-up,78.2456
2018,SVmp8,Savanna,Built-up,0.0016
2018,SVs1,Savanna,Built-up,230.6292
2018,SVs2,Savanna,Built-up,192.8756
2018,SVs3,Savanna,Built-up,188.2444
2018,SVs4,Savanna,Built-up,186.5852
2018,SVs5,Savanna,Built-up,333.4472
2018,SVs6,Savanna,Built-up,793.4392
2018,SVs7,Savanna,Built-up,908.8532
2018,SVs8,Savanna,Built-up,151.3568
2020,AT15,Albany Thicket,Built-up,0.0088
2020,AT16,Albany Thicket,Built-up,0.114
2020,AT17,Albany Thicket,Built-up,5.3684
2020,AT18,Albany Thicket,Built-up,2.13
2020,AT19,Albany Thicket,Built-up,1.5716
2020,AT20,Albany Thicket,Built-up,12.7984
2020,AT21,Albany Thicket,Built-up,18.6368
2020,AT22,Albany Thicket,Built-up,44.122
2020,AT23,Albany Thicket,Built-up,10.0712
2020,AT24,Albany Thicket,Built-up,56.7868
2020,AT25,Albany Thicket,Built-up,6.4296
2020,AT26,Albany Thicket,Built-up,0.2868
2020,AT27,Albany Thicket,Built-up,2.1456
2020,AT28,Albany Thicket,Built-up,26.0884
2020,AT29,Albany Thicket,Built-up,5.4496
2020,AT30,Albany Thicket,Built-up,8.8952
2020,AT31,Albany Thicket,Built-up,1.8552
2020,AT32,Albany Thicket,Built-up,26.912
2020,AT33,Albany Thicket,Built-up,0.7872
2020,AT34,Albany Thicket,Built-up,0.412
2020,AT35,Albany Thicket,Built-up,0.2176
2020,AT36,Albany Thicket,Built-up,5.4604
2020,AT37,Albany Thicket,Built-up,1.552
2020,AT38,Albany Thicket,Built-up,26.5644
2020,AT39,Albany Thicket,Built-up,9.9228
2020,AT40,Albany Thicket,Built-up,39.5408
2020,AT41,Albany Thicket,Built-up,14.3544
2020,AT42,Albany Thicket,Built-up,0.6072
2020,AT43,Albany Thicket,Built-up,2.3928
2020,AT44,Albany Thicket,Built-up,73.1328
2020,AT45,Albany Thicket,Built-up,6.6284
2020,AT46,Albany Thicket,Built-up,3.8996
2020,AT47,Albany Thicket,Built-up,5.1804
2020,AT48,Albany Thicket,Built-up,5.8576
2020,AT49,Albany Thicket,Built-up,21.064
2020,AT50,Albany Thicket,Built-up,16.8856
2020,AT51,Albany Thicket,Built-up,58.472
2020,AT52,Albany Thicket,Built-up,0.0368
2020,AT53,Albany Thicket,Built-up,5.5752
2020,AT54,Albany Thicket,Built-up,0.0432
2020,AT55,Albany Thicket,Built-up,1.7312
2020,AT56,Albany Thicket,Built-up,65.0484
2020,AT57,Albany Thicket,Built-up,11.27
2020,AT58,Albany Thicket,Built-up,5.2204
2020,AZa1,Azonal,Built-up,0.0444
2020,AZa2,Azonal,Built-up,8.3448
2020,AZa3,Azonal,Built-up,11.4748
2020,AZa4,Azonal,Built-up,19.3124
2020,AZa5,Azonal,Built-up,38.8036
2020,AZa6,Azonal,Built-up,42.5896
2020,AZa7,Azonal,Built-up,15.5184
2020,AZd1,Azonal,Built-up,0
2020,AZd2,Azonal,Built-up,0.0272
2020,AZd3,Azonal,Built-up,2.45
2020,AZd4,Azonal,Built-up,0.704
2020,AZi1,Azonal,Built-up,5.3268
2020,AZi3,Azonal,Built-up,17.546
2020,AZi5,Azonal,Built-up,8.1016
2020,AZi6,Azonal,Built-up,53.6396
2020,AZi7,Azonal,Built-up,4.5248
2020,AZi8,Azonal,Built-up,10.762
2020,AZs3,Azonal,Built-up,0.3296
2020,CB1,IOCB,Built-up,404.8904
2020,CB2,IOCB,Built-up,108.3716
2020,CB3,IOCB,Built-up,1371.2832
2020,CB4,IOCB,Built-up,119.5184
2020,CB5,IOCB,Built-up,355.4824
2020,CB6,IOCB,Built-up,341.3152
2020,Dg1,Desert,Built-up,0
2020,Dg10,Desert,Built-up,1.576
2020,Dg2,Desert,Built-up,0
2020,Dg3,Desert,Built-up,0.0068
2020,Dg4,Desert,Built-up,0
2020,Dg5,Desert,Built-up,0.2016
2020,Dg6,Desert,Built-up,0.1168
2020,Dg7,Desert,Built-up,1.3596
2020,Dg8,Desert,Built-up,0.202
2020,Dg9,Desert,Built-up,7.0028
2020,Dn1,Desert,Built-up,0.542
2020,Dn2,Desert,Built-up,0
2020,Dn3,Desert,Built-up,2.528
2020,Dn4,Desert,Built-up,1.5492
2020,Dn5,Desert,Built-up,1.678
2020,FFa1,Fynbos,Built-up,0.5256
2020,FFa2,Fynbos,Built-up,17.2408
2020,FFa3,Fynbos,Built-up,35.5652
2020,FFa4,Fynbos,Built-up,19.4504
2020,FFb1,Fynbos,Built-up,0.5044
2020,FFb2,Fynbos,Built-up,0.05
2020,FFb3,Fynbos,Built-up,0.0196
2020,FFb4,Fynbos,Built-up,0.0932
2020,FFb5,Fynbos,Built-up,0.2308
2020,FFb6,Fynbos,Built-up,2.4588
2020,FFc1,Fynbos,Built-up,8.5328
2020,FFd1,Fynbos,Built-up,0.4052
2020,FFd10,Fynbos,Built-up,9.3924
2020,FFd11,Fynbos,Built-up,1.4748
2020,FFd2,Fynbos,Built-up,6.92
2020,FFd3,Fynbos,Built-up,7.3636
2020,FFd4,Fynbos,Built-up,20.4928
2020,FFd5,Fynbos,Built-up,342.9196
2020,FFd6,Fynbos,Built-up,30.228
2020,FFd7,Fynbos,Built-up,2.0656
2020,FFd8,Fynbos,Built-up,0.732
2020,FFd9,Fynbos,Built-up,5.348
2020,FFf1,Fynbos,Built-up,8.4896
2020,FFf2,Fynbos,Built-up,0.1408
2020,FFg1,Fynbos,Built-up,0.1672
2020,FFg2,Fynbos,Built-up,37.9068
2020,FFg3,Fynbos,Built-up,40.886
2020,FFg4,Fynbos,Built-up,0.0024
2020,FFg5,Fynbos,Built-up,49.5696
2020,FFh1,Fynbos,Built-up,2.8224
2020,FFh10,Fynbos,Built-up,0.2412
2020,FFh11,Fynbos,Built-up,4.6624
2020,FFh2,Fynbos,Built-up,0.0404
2020,FFh3,Fynbos,Built-up,0.2108
2020,FFh4,Fynbos,Built-up,2.3168
2020,FFh5,Fynbos,Built-up,9.2192
2020,FFh6,Fynbos,Built-up,5.3464
2020,FFh7,Fynbos,Built-up,3.9416
2020,FFh8,Fynbos,Built-up,0.6204
2020,FFh9,Fynbos,Built-up,36.9064
2020,FFl1,Fynbos,Built-up,8.2672
2020,FFl2,Fynbos,Built-up,4.0172
2020,FFl3,Fynbos,Built-up,2.4952
2020,FFq1,Fynbos,Built-up,0
2020,FFq2,Fynbos,Built-up,0.7928
2020,FFq3,Fynbos,Built-up,0.524
2020,FFq4,Fynbos,Built-up,0.7968
2020,FFq5,Fynbos,Built-up,0.086
2020,FFq6,Fynbos,Built-up,0.9948
2020,FFs1,Fynbos,Built-up,1.2456
2020,FFs10,Fynbos,Built-up,2.4296
2020,FFs11,Fynbos,Built-up,9.7692
2020,FFs12,Fynbos,Built-up,11.008
2020,FFs13,Fynbos,Built-up,0.2172
2020,FFs14,Fynbos,Built-up,0.4216
2020,FFs15,Fynbos,Built-up,3.3704
2020,FFs16,Fynbos,Built-up,0.9008
2020,FFs17,Fynbos,Built-up,0.4832
2020,FFs18,Fynbos,Built-up,1.3584
2020,FFs19,Fynbos,Built-up,15.6996
2020,FFs2,Fynbos,Built-up,3.352
2020,FFs20,Fynbos,Built-up,23.1356
2020,FFs21,Fynbos,Built-up,0.03
2020,FFs22,Fynbos,Built-up,0.0712
2020,FFs23,Fynbos,Built-up,0.3464
2020,FFs24,Fynbos,Built-up,0.4624
2020,FFs25,Fynbos,Built-up,0.0624
2020,FFs26,Fynbos,Built-up,0.182
2020,FFs27,Fynbos,Built-up,2.4448
2020,FFs28,Fynbos,Built-up,24.2284
2020,FFs29,Fynbos,Built-up,128.5496
2020,FFs3,Fynbos,Built-up,0.5208
2020,FFs30,Fynbos,Built-up,0.0292
2020,FFs31,Fynbos,Built-up,0.0048
2020,FFs32,Fynbos,Built-up,0.3844
2020,FFs4,Fynbos,Built-up,3.9636
2020,FFs5,Fynbos,Built-up,1.7652
2020,FFs6,Fynbos,Built-up,2.1368
2020,FFs7,Fynbos,Built-up,0.5208
2020,FFs8,Fynbos,Built-up,0.224
2020,FFs9,Fynbos,Built-up,7.586
2020,FFt1,Fynbos,Built-up,0.2136
2020,FFt2,Fynbos,Built-up,2.3932
2020,FOa1,Forest,Built-up,0.2168
2020,FOa2,Forest,Built-up,1.4364
2020,FOa3,Forest,Built-up,1.6928
2020,FOz1,Forest,Built-up,1.1024
2020,FOz2,Forest,Built-up,0.148
2020,FOz3,Forest,Built-up,0.7424
2020,FOz4,Forest,Built-up,0.028
2020,FOz5,Forest,Built-up,2.7276
2020,FOz6,Forest,Built-up,0.1996
2020,FOz7,Forest,Built-up,21.8064
2020,FOz8,Forest,Built-up,3.3296
2020,FOz9,Forest,Built-up,0
2020,FRa1,Fynbos,Built-up,25.5208
2020,FRa2,Fynbos,Built-up,1.4196
2020,FRc1,Fynbos,Built-up,2.1888
2020,FRc2,Fynbos,Built-up,1.9172
2020,FRd1,Fynbos,Built-up,0.3412
2020,FRd2,Fynbos,Built-up,0.2704
2020,FRg1,Fynbos,Built-up,0.654
2020,FRg2,Fynbos,Built-up,48.2628
2020,FRg3,Fynbos,Built-up,0.006
2020,FRl1,Fynbos,Built-up,1.9964
2020,FRs1,Fynbos,Built-up,0.1176
2020,FRs10,Fynbos,Built-up,20.0124
2020,FRs11,Fynbos,Built-up,12.7796
2020,FRs12,Fynbos,Built-up,12.86
2020,FRs13,Fynbos,Built-up,15.8296
2020,FRs14,Fynbos,Built-up,7.56
2020,FRs15,Fynbos,Built-up,0.7248
2020,FRs16,Fynbos,Built-up,4.9572
2020,FRs17,Fynbos,Built-up,5.854
2020,FRs18,Fynbos,Built-up,0.0016
2020,FRs19,Fynbos,Built-up,11.6904
2020,FRs2,Fynbos,Built-up,1.7572
2020,FRs20,Fynbos,Built-up,1.9888
2020,FRs3,Fynbos,Built-up,2.466
2020,FRs4,Fynbos,Built-up,11.3728
2020,FRs5,Fynbos,Built-up,1.0688
2020,FRs6,Fynbos,Built-up,6.6444
2020,FRs7,Fynbos,Built-up,12.1608
2020,FRs8,Fynbos,Built-up,14.6168
2020,FRs9,Fynbos,Built-up,121.7604
2020,FS1,Fynbos,Built-up,6.3204
2020,FS10,Fynbos,Built-up,14.3636
2020,FS11,Fynbos,Built-up,0.1076
2020,FS12,Fynbos,Built-up,24.684
2020,FS13,Fynbos,Built-up,4.8496
2020,FS14,Fynbos,Built-up,10.5132
2020,FS2,Fynbos,Built-up,23.206
2020,FS3,Fynbos,Built-up,27.2024
2020,FS4,Fynbos,Built-up,1.6896
2020,FS5,Fynbos,Built-up,18.5624
2020,FS6,Fynbos,Built-up,181.3244
2020,FS7,Fynbos,Built-up,4.2532
2020,FS9,Fynbos,Built-up,2.4696
2020,Gd1,Grassland,Built-up,63.754
2020,Gd10,Grassland,Built-up,0.0228
2020,Gd2,Grassland,Built-up,0.1288
2020,Gd3,Grassland,Built-up,15.6164
2020,Gd4,Grassland,Built-up,63.042
2020,Gd5,Grassland,Built-up,48.1276
2020,Gd6,Grassland,Built-up,4.00E-04
2020,Gd7,Grassland,Built-up,0.122
2020,Gd8,Grassland,Built-up,2.52
2020,Gh1,Grassland,Built-up,18.3924
2020,Gh10,Grassland,Built-up,281.4668
2020,Gh11,Grassland,Built-up,31.4908
2020,Gh12,Grassland,Built-up,24.042
2020,Gh13,Grassland,Built-up,120.2904
2020,Gh14,Grassland,Built-up,162.8192
2020,Gh15,Grassland,Built-up,572.818
2020,Gh2,Grassland,Built-up,27.2508
2020,Gh3,Grassland,Built-up,47.5048
2020,Gh4,Grassland,Built-up,23.9728
2020,Gh5,Grassland,Built-up,276.3
2020,Gh6,Grassland,Built-up,245.5712
2020,Gh7,Grassland,Built-up,84.334
2020,Gh8,Grassland,Built-up,3.4396
2020,Gh9,Grassland,Built-up,43.4176
2020,Gm1,Grassland,Built-up,125.358
2020,Gm10,Grassland,Built-up,679.7192
2020,Gm11,Grassland,Built-up,523.412
2020,Gm12,Grassland,Built-up,381.6304
2020,Gm13,Grassland,Built-up,72.4584
2020,Gm14,Grassland,Built-up,16.302
2020,Gm15,Grassland,Built-up,135.934
2020,Gm16,Grassland,Built-up,170.702
2020,Gm17,Grassland,Built-up,2.5976
2020,Gm19,Grassland,Built-up,10.0984
2020,Gm2,Grassland,Built-up,47.664
2020,Gm20,Grassland,Built-up,0.2516
2020,Gm21,Grassland,Built-up,31.7112
2020,Gm22,Grassland,Built-up,24.4284
2020,Gm23,Grassland,Built-up,14.0208
2020,Gm24,Grassland,Built-up,0.0264
2020,Gm25,Grassland,Built-up,4.5388
2020,Gm26,Grassland,Built-up,0.1076
2020,Gm27,Grassland,Built-up,0.1664
2020,Gm28,Grassland,Built-up,0.0044
2020,Gm29,Grassland,Built-up,0.306
2020,Gm3,Grassland,Built-up,145.3016
2020,Gm30,Grassland,Built-up,31.9492
2020,Gm31,Grassland,Built-up,1.686
2020,Gm4,Grassland,Built-up,162.826
2020,Gm5,Grassland,Built-up,18.1728
2020,Gm6,Grassland,Built-up,73.74
2020,Gm7,Grassland,Built-up,0.0744
2020,Gm8,Grassland,Built-up,1319.5412
2020,Gm9,Grassland,Built-up,291.1648
2020,Gs1,Grassland,Built-up,10.216
2020,Gs10,Grassland,Built-up,692.048
2020,Gs11,Grassland,Built-up,289.8948
2020,Gs12,Grassland,Built-up,776.0216
2020,Gs13,Grassland,Built-up,18.14
2020,Gs14,Grassland,Built-up,927.7588
2020,Gs15,Grassland,Built-up,494.7936
2020,Gs16,Grassland,Built-up,184.0596
2020,Gs17,Grassland,Built-up,14.7132
2020,Gs18,Grassland,Built-up,3.8548
2020,Gs19,Grassland,Built-up,482.0328
2020,Gs2,Grassland,Built-up,49.718
2020,Gs20,Grassland,Built-up,1222.3772
2020,Gs3,Grassland,Built-up,17.7088
2020,Gs4,Grassland,Built-up,518.4088
2020,Gs6,Grassland,Built-up,311.2996
2020,Gs7,Grassland,Built-up,441.9236
2020,Gs8,Grassland,Built-up,53.1608
2020,Gs9,Grassland,Built-up,739.4716
2020,NKb1,Nama-Karoo,Built-up,4.4064
2020,NKb2,Nama-Karoo,Built-up,0.684
2020,NKb3,Nama-Karoo,Built-up,134.0932
2020,NKb4,Nama-Karoo,Built-up,1.604
2020,NKb5,Nama-Karoo,Built-up,50.156
2020,NKb6,Nama-Karoo,Built-up,88.0676
2020,NKl1,Nama-Karoo,Built-up,44.318
2020,NKl2,Nama-Karoo,Built-up,29.5604
2020,NKl4,Nama-Karoo,Built-up,2.5508
2020,NKu1,Nama-Karoo,Built-up,40.104
2020,NKu2,Nama-Karoo,Built-up,7.1748
2020,NKu3,Nama-Karoo,Built-up,121.5064
2020,NKu4,Nama-Karoo,Built-up,96.5016
2020,NOTVEG,NOTVEG,Built-up,17.9968
2020,SKk1,Succulent Karoo,Built-up,2.812
2020,SKk2,Succulent Karoo,Built-up,0.1524
2020,SKk3,Succulent Karoo,Built-up,2.6816
2020,SKk4,Succulent Karoo,Built-up,1.3268
2020,SKk5,Succulent Karoo,Built-up,8.5964
2020,SKk6,Succulent Karoo,Built-up,0.2248
2020,SKk7,Succulent Karoo,Built-up,5.0288
2020,SKk8,Succulent Karoo,Built-up,0
2020,SKk9,Succulent Karoo,Built-up,0.1136
2020,SKn1,Succulent Karoo,Built-up,18.3408
2020,SKn2,Succulent Karoo,Built-up,0.7452
2020,SKn3,Succulent Karoo,Built-up,16.484
2020,SKn4,Succulent Karoo,Built-up,11.7636
2020,SKn5,Succulent Karoo,Built-up,1.4628
2020,SKn6,Succulent Karoo,Built-up,0.088
2020,SKn7,Succulent Karoo,Built-up,0.9448
2020,SKr1,Succulent Karoo,Built-up,0.3088
2020,SKr10,Succulent Karoo,Built-up,0.2072
2020,SKr11,Succulent Karoo,Built-up,0.948
2020,SKr12,Succulent Karoo,Built-up,0.1068
2020,SKr13,Succulent Karoo,Built-up,0.4496
2020,SKr14,Succulent Karoo,Built-up,0.1104
2020,SKr15,Succulent Karoo,Built-up,0.0648
2020,SKr16,Succulent Karoo,Built-up,0.154
2020,SKr17,Succulent Karoo,Built-up,0.3268
2020,SKr18,Succulent Karoo,Built-up,0.486
2020,SKr19,Succulent Karoo,Built-up,1.0268
2020,SKr2,Succulent Karoo,Built-up,0.6796
2020,SKr3,Succulent Karoo,Built-up,0.0024
2020,SKr4,Succulent Karoo,Built-up,0.8128
2020,SKr5,Succulent Karoo,Built-up,0
2020,SKr6,Succulent Karoo,Built-up,4.00E-04
2020,SKr7,Succulent Karoo,Built-up,0.4
2020,SKr8,Succulent Karoo,Built-up,0
2020,SKr9,Succulent Karoo,Built-up,0
2020,SKs1,Succulent Karoo,Built-up,3.3472
2020,SKs10,Succulent Karoo,Built-up,0.3636
2020,SKs11,Succulent Karoo,Built-up,0.2012
2020,SKs12,Succulent Karoo,Built-up,1.81
2020,SKs13,Succulent Karoo,Built-up,2.1724
2020,SKs14,Succulent Karoo,Built-up,3.2692
2020,SKs2,Succulent Karoo,Built-up,0.7944
2020,SKs3,Succulent Karoo,Built-up,0.0024
2020,SKs4,Succulent Karoo,Built-up,0.2296
2020,SKs5,Succulent Karoo,Built-up,0.0688
2020,SKs6,Succulent Karoo,Built-up,0.1932
2020,SKs7,Succulent Karoo,Built-up,11.434
2020,SKs8,Succulent Karoo,Built-up,2.9308
2020,SKs9,Succulent Karoo,Built-up,1.0516
2020,SKt1,Succulent Karoo,Built-up,0.3988
2020,SKt2,Succulent Karoo,Built-up,23.5112
2020,SKt3,Succulent Karoo,Built-up,13.0112
2020,SKv1,Succulent Karoo,Built-up,1.1944
2020,SKv10,Succulent Karoo,Built-up,1.7692
2020,SKv11,Succulent Karoo,Built-up,26.6536
2020,SKv13,Succulent Karoo,Built-up,8.8412
2020,SKv14,Succulent Karoo,Built-up,6.3052
2020,SKv2,Succulent Karoo,Built-up,0.0612
2020,SKv3,Succulent Karoo,Built-up,0.5232
2020,SKv4,Succulent Karoo,Built-up,0.6136
2020,SKv5,Succulent Karoo,Built-up,9.5684
2020,SKv6,Succulent Karoo,Built-up,8.994
2020,SKv7,Succulent Karoo,Built-up,19.6876
2020,SKv8,Succulent Karoo,Built-up,15.1116
2020,SVcb1,Savanna,Built-up,41.8692
2020,SVcb10,Savanna,Built-up,94.8936
2020,SVcb11,Savanna,Built-up,169.2028
2020,SVcb12,Savanna,Built-up,1569.6776
2020,SVcb13,Savanna,Built-up,40.8304
2020,SVcb14,Savanna,Built-up,12.6272
2020,SVcb15,Savanna,Built-up,410.7296
2020,SVcb16,Savanna,Built-up,562.5868
2020,SVcb17,Savanna,Built-up,23.6208
2020,SVcb18,Savanna,Built-up,195.0396
2020,SVcb19,Savanna,Built-up,120.4024
2020,SVcb2,Savanna,Built-up,12.5524
2020,SVcb20,Savanna,Built-up,558.1776
2020,SVcb21,Savanna,Built-up,292.0708
2020,SVcb22,Savanna,Built-up,0
2020,SVcb23,Savanna,Built-up,558.3704
2020,SVcb24,Savanna,Built-up,19.7028
2020,SVcb25,Savanna,Built-up,21.7868
2020,SVcb26,Savanna,Built-up,63.8428
2020,SVcb27,Savanna,Built-up,413.1572
2020,SVcb28,Savanna,Built-up,142.9872
2020,SVcb29,Savanna,Built-up,2.986
2020,SVcb3,Savanna,Built-up,87.0792
2020,SVcb4,Savanna,Built-up,63.6228
2020,SVcb5,Savanna,Built-up,3.7168
2020,SVcb6,Savanna,Built-up,504.518
2020,SVcb7,Savanna,Built-up,56.8932
2020,SVcb8,Savanna,Built-up,242.73
2020,SVcb9,Savanna,Built-up,130.0832
2020,SVk1,Savanna,Built-up,97.2664
2020,SVk10,Savanna,Built-up,53.6356
2020,SVk11,Savanna,Built-up,60.0608
2020,SVk12,Savanna,Built-up,47.4728
2020,SVk13,Savanna,Built-up,33.9036
2020,SVk14,Savanna,Built-up,5.0992
2020,SVk15,Savanna,Built-up,1.3072
2020,SVk16,Savanna,Built-up,4.228
2020,SVk17,Savanna,Built-up,475.0292
2020,SVk18,Savanna,Built-up,8.4204
2020,SVk2,Savanna,Built-up,35.846
2020,SVk3,Savanna,Built-up,19.4096
2020,SVk4,Savanna,Built-up,207.7828
2020,SVk5,Savanna,Built-up,4.4724
2020,SVk6,Savanna,Built-up,131.3076
2020,SVk7,Savanna,Built-up,73.456
2020,SVk8,Savanna,Built-up,35.5692
2020,SVk9,Savanna,Built-up,150.4876
2020,SVkd1,Savanna,Built-up,24.686
2020,SVkd2,Savanna,Built-up,2.4052
2020,SVkd3,Savanna,Built-up,0.3896
2020,SVkd4,Savanna,Built-up,0.1704
2020,SVl1,Savanna,Built-up,151.6316
2020,SVl10,Savanna,Built-up,117.986
2020,SVl11,Savanna,Built-up,22.5836
2020,SVl12,Savanna,Built-up,9.0592
2020,SVl13,Savanna,Built-up,0.7144
2020,SVl14,Savanna,Built-up,72.2364
2020,SVl15,Savanna,Built-up,0.4768
2020,SVl16,Savanna,Built-up,113.0396
2020,SVl17,Savanna,Built-up,55.9144
2020,SVl18,Savanna,Built-up,121.372
2020,SVl19,Savanna,Built-up,58.1176
2020,SVl2,Savanna,Built-up,0
2020,SVl20,Savanna,Built-up,233.9816
2020,SVl21,Savanna,Built-up,23.0332
2020,SVl22,Savanna,Built-up,389.7804
2020,SVl23,Savanna,Built-up,603.7908
2020,SVl24,Savanna,Built-up,184.3404
2020,SVl25,Savanna,Built-up,93.4892
2020,SVl26,Savanna,Built-up,92.7256
2020,SVl27,Savanna,Built-up,47.5556
2020,SVl3,Savanna,Built-up,1122.1576
2020,SVl4,Savanna,Built-up,4.622
2020,SVl5,Savanna,Built-up,35.4964
2020,SVl6,Savanna,Built-up,0.668
2020,SVl7,Savanna,Built-up,14.3896
2020,SVl8,Savanna,Built-up,340.1704
2020,SVl9,Savanna,Built-up,294.6608
2020,SVmp1,Savanna,Built-up,58.1912
2020,SVmp2,Savanna,Built-up,2.2124
2020,SVmp3,Savanna,Built-up,0
2020,SVmp4,Savanna,Built-up,0.126
2020,SVmp5,Savanna,Built-up,85.7072
2020,SVmp6,Savanna,Built-up,116.7316
2020,SVmp7,Savanna,Built-up,80.6304
2020,SVmp8,Savanna,Built-up,0
2020,SVs1,Savanna,Built-up,229.3296
2020,SVs2,Savanna,Built-up,194.734
2020,SVs3,Savanna,Built-up,193.3616
2020,SVs4,Savanna,Built-up,193.2852
2020,SVs5,Savanna,Built-up,337.3092
2020,SVs6,Savanna,Built-up,818.9964
2020,SVs7,Savanna,Built-up,919.2596
2020,SVs8,Savanna,Built-up,156.8424
2022,AT15,Albany Thicket,Built-up,0.0012
2022,AT16,Albany Thicket,Built-up,0.0864
2022,AT17,Albany Thicket,Built-up,5.178
2022,AT18,Albany Thicket,Built-up,2.1232
2022,AT19,Albany Thicket,Built-up,1.5808
2022,AT20,Albany Thicket,Built-up,12.7888
2022,AT21,Albany Thicket,Built-up,18.3972
2022,AT22,Albany Thicket,Built-up,42.3192
2022,AT23,Albany Thicket,Built-up,9.1184
2022,AT24,Albany Thicket,Built-up,54.8244
2022,AT25,Albany Thicket,Built-up,6.276
2022,AT26,Albany Thicket,Built-up,0.2884
2022,AT27,Albany Thicket,Built-up,2.3584
2022,AT28,Albany Thicket,Built-up,24.2292
2022,AT29,Albany Thicket,Built-up,5.4792
2022,AT30,Albany Thicket,Built-up,8.5732
2022,AT31,Albany Thicket,Built-up,1.624
2022,AT32,Albany Thicket,Built-up,25.8092
2022,AT33,Albany Thicket,Built-up,0.7872
2022,AT34,Albany Thicket,Built-up,0.4096
2022,AT35,Albany Thicket,Built-up,0.1908
2022,AT36,Albany Thicket,Built-up,5.4536
2022,AT37,Albany Thicket,Built-up,1.5372
2022,AT38,Albany Thicket,Built-up,24.7132
2022,AT39,Albany Thicket,Built-up,9.9416
2022,AT40,Albany Thicket,Built-up,40.6864
2022,AT41,Albany Thicket,Built-up,14.5064
2022,AT42,Albany Thicket,Built-up,0.58
2022,AT43,Albany Thicket,Built-up,2.2956
2022,AT44,Albany Thicket,Built-up,73.1352
2022,AT45,Albany Thicket,Built-up,6.7592
2022,AT46,Albany Thicket,Built-up,4.0696
2022,AT47,Albany Thicket,Built-up,5.848
2022,AT48,Albany Thicket,Built-up,5.8652
2022,AT49,Albany Thicket,Built-up,23.084
2022,AT50,Albany Thicket,Built-up,17.888
2022,AT51,Albany Thicket,Built-up,72.394
2022,AT52,Albany Thicket,Built-up,0.0252
2022,AT53,Albany Thicket,Built-up,5.8448
2022,AT54,Albany Thicket,Built-up,0.038
2022,AT55,Albany Thicket,Built-up,2.0296
2022,AT56,Albany Thicket,Built-up,65.1216
2022,AT57,Albany Thicket,Built-up,11.866
2022,AT58,Albany Thicket,Built-up,5.6268
2022,AZa1,Azonal,Built-up,0.0332
2022,AZa2,Azonal,Built-up,10.5032
2022,AZa3,Azonal,Built-up,10.2412
2022,AZa4,Azonal,Built-up,19.2344
2022,AZa5,Azonal,Built-up,35.4304
2022,AZa6,Azonal,Built-up,47.4756
2022,AZa7,Azonal,Built-up,15.732
2022,AZd1,Azonal,Built-up,0
2022,AZd2,Azonal,Built-up,0.0276
2022,AZd3,Azonal,Built-up,2.4628
2022,AZd4,Azonal,Built-up,0.6892
2022,AZi1,Azonal,Built-up,5.6828
2022,AZi3,Azonal,Built-up,8.2368
2022,AZi5,Azonal,Built-up,7.9716
2022,AZi6,Azonal,Built-up,54.4504
2022,AZi7,Azonal,Built-up,4.746
2022,AZi8,Azonal,Built-up,10.5184
2022,AZs3,Azonal,Built-up,0.3284
2022,CB1,IOCB,Built-up,403.5356
2022,CB2,IOCB,Built-up,107.8276
2022,CB3,IOCB,Built-up,1370.4136
2022,CB4,IOCB,Built-up,119.2564
2022,CB5,IOCB,Built-up,349.476
2022,CB6,IOCB,Built-up,338.6392
2022,Dg1,Desert,Built-up,0
2022,Dg10,Desert,Built-up,2.062
2022,Dg2,Desert,Built-up,0
2022,Dg3,Desert,Built-up,0.0068
2022,Dg4,Desert,Built-up,0
2022,Dg5,Desert,Built-up,0.194
2022,Dg6,Desert,Built-up,0.11
2022,Dg7,Desert,Built-up,1.3168
2022,Dg8,Desert,Built-up,0.1928
2022,Dg9,Desert,Built-up,7.5132
2022,Dn1,Desert,Built-up,0.5464
2022,Dn2,Desert,Built-up,0
2022,Dn3,Desert,Built-up,2.5372
2022,Dn4,Desert,Built-up,1.5324
2022,Dn5,Desert,Built-up,1.6808
2022,FFa1,Fynbos,Built-up,0.9744
2022,FFa2,Fynbos,Built-up,19.4772
2022,FFa3,Fynbos,Built-up,37.0512
2022,FFa4,Fynbos,Built-up,19.5712
2022,FFb1,Fynbos,Built-up,0.5048
2022,FFb2,Fynbos,Built-up,0.0476
2022,FFb3,Fynbos,Built-up,0.0276
2022,FFb4,Fynbos,Built-up,0.0976
2022,FFb5,Fynbos,Built-up,0.2444
2022,FFb6,Fynbos,Built-up,2.5332
2022,FFc1,Fynbos,Built-up,9.104
2022,FFd1,Fynbos,Built-up,0.4344
2022,FFd10,Fynbos,Built-up,9.6132
2022,FFd11,Fynbos,Built-up,1.4812
2022,FFd2,Fynbos,Built-up,9.6324
2022,FFd3,Fynbos,Built-up,7.9092
2022,FFd4,Fynbos,Built-up,22.484
2022,FFd5,Fynbos,Built-up,345.8316
2022,FFd6,Fynbos,Built-up,29.9516
2022,FFd7,Fynbos,Built-up,2.118
2022,FFd8,Fynbos,Built-up,0.7304
2022,FFd9,Fynbos,Built-up,5.6108
2022,FFf1,Fynbos,Built-up,9.1712
2022,FFf2,Fynbos,Built-up,0.1508
2022,FFg1,Fynbos,Built-up,0.1652
2022,FFg2,Fynbos,Built-up,38.498
2022,FFg3,Fynbos,Built-up,40.9388
2022,FFg4,Fynbos,Built-up,0.0024
2022,FFg5,Fynbos,Built-up,51.1492
2022,FFh1,Fynbos,Built-up,3.5848
2022,FFh10,Fynbos,Built-up,0.1788
2022,FFh11,Fynbos,Built-up,4.7872
2022,FFh2,Fynbos,Built-up,0.0404
2022,FFh3,Fynbos,Built-up,0.2276
2022,FFh4,Fynbos,Built-up,2.98
2022,FFh5,Fynbos,Built-up,9.3344
2022,FFh6,Fynbos,Built-up,6.6216
2022,FFh7,Fynbos,Built-up,4.1988
2022,FFh8,Fynbos,Built-up,0.644
2022,FFh9,Fynbos,Built-up,37.866
2022,FFl1,Fynbos,Built-up,8.382
2022,FFl2,Fynbos,Built-up,4.0708
2022,FFl3,Fynbos,Built-up,2.5656
2022,FFq1,Fynbos,Built-up,0
2022,FFq2,Fynbos,Built-up,0.804
2022,FFq3,Fynbos,Built-up,0.57
2022,FFq4,Fynbos,Built-up,0.7972
2022,FFq5,Fynbos,Built-up,0.084
2022,FFq6,Fynbos,Built-up,0.8696
2022,FFs1,Fynbos,Built-up,1.2576
2022,FFs10,Fynbos,Built-up,2.5
2022,FFs11,Fynbos,Built-up,10.4388
2022,FFs12,Fynbos,Built-up,11.4004
2022,FFs13,Fynbos,Built-up,0.2244
2022,FFs14,Fynbos,Built-up,0.4396
2022,FFs15,Fynbos,Built-up,3.6504
2022,FFs16,Fynbos,Built-up,0.8504
2022,FFs17,Fynbos,Built-up,0.4236
2022,FFs18,Fynbos,Built-up,1.6052
2022,FFs19,Fynbos,Built-up,15.7608
2022,FFs2,Fynbos,Built-up,6.3712
2022,FFs20,Fynbos,Built-up,24.024
2022,FFs21,Fynbos,Built-up,0.0248
2022,FFs22,Fynbos,Built-up,0.0664
2022,FFs23,Fynbos,Built-up,0.3624
2022,FFs24,Fynbos,Built-up,0.4196
2022,FFs25,Fynbos,Built-up,0.0608
2022,FFs26,Fynbos,Built-up,0.1716
2022,FFs27,Fynbos,Built-up,2.436
2022,FFs28,Fynbos,Built-up,24.692
2022,FFs29,Fynbos,Built-up,128.3748
2022,FFs3,Fynbos,Built-up,0.536
2022,FFs30,Fynbos,Built-up,0.0292
2022,FFs31,Fynbos,Built-up,0.0048
2022,FFs32,Fynbos,Built-up,0.3784
2022,FFs4,Fynbos,Built-up,4.1188
2022,FFs5,Fynbos,Built-up,1.9692
2022,FFs6,Fynbos,Built-up,2.3172
2022,FFs7,Fynbos,Built-up,0.4988
2022,FFs8,Fynbos,Built-up,0.4368
2022,FFs9,Fynbos,Built-up,7.3996
2022,FFt1,Fynbos,Built-up,0.2088
2022,FFt2,Fynbos,Built-up,2.2836
2022,FOa1,Forest,Built-up,0.22
2022,FOa2,Forest,Built-up,1.3912
2022,FOa3,Forest,Built-up,1.8008
2022,FOz1,Forest,Built-up,1.1516
2022,FOz2,Forest,Built-up,0.1296
2022,FOz3,Forest,Built-up,0.5692
2022,FOz4,Forest,Built-up,0.0216
2022,FOz5,Forest,Built-up,2.2428
2022,FOz6,Forest,Built-up,0.1852
2022,FOz7,Forest,Built-up,20.9884
2022,FOz8,Forest,Built-up,2.3628
2022,FOz9,Forest,Built-up,4.00E-04
2022,FRa1,Fynbos,Built-up,29.7188
2022,FRa2,Fynbos,Built-up,1.5408
2022,FRc1,Fynbos,Built-up,2.3956
2022,FRc2,Fynbos,Built-up,2.474
2022,FRd1,Fynbos,Built-up,0.3612
2022,FRd2,Fynbos,Built-up,0.2668
2022,FRg1,Fynbos,Built-up,0.6116
2022,FRg2,Fynbos,Built-up,50.166
2022,FRg3,Fynbos,Built-up,0.0068
2022,FRl1,Fynbos,Built-up,1.9792
2022,FRs1,Fynbos,Built-up,0.1132
2022,FRs10,Fynbos,Built-up,19.9136
2022,FRs11,Fynbos,Built-up,14.3212
2022,FRs12,Fynbos,Built-up,15.9736
2022,FRs13,Fynbos,Built-up,18.216
2022,FRs14,Fynbos,Built-up,8.4632
2022,FRs15,Fynbos,Built-up,0.654
2022,FRs16,Fynbos,Built-up,5.582
2022,FRs17,Fynbos,Built-up,7.01
2022,FRs18,Fynbos,Built-up,0.0016
2022,FRs19,Fynbos,Built-up,11.7608
2022,FRs2,Fynbos,Built-up,1.8724
2022,FRs20,Fynbos,Built-up,3.5376
2022,FRs3,Fynbos,Built-up,2.4708
2022,FRs4,Fynbos,Built-up,11.9908
2022,FRs5,Fynbos,Built-up,1.1564
2022,FRs6,Fynbos,Built-up,7.6168
2022,FRs7,Fynbos,Built-up,12.6664
2022,FRs8,Fynbos,Built-up,16.58
2022,FRs9,Fynbos,Built-up,129.7128
2022,FS1,Fynbos,Built-up,6.6296
2022,FS10,Fynbos,Built-up,14.8632
2022,FS11,Fynbos,Built-up,0.118
2022,FS12,Fynbos,Built-up,23.7876
2022,FS13,Fynbos,Built-up,4.8892
2022,FS14,Fynbos,Built-up,10.6492
2022,FS2,Fynbos,Built-up,23.742
2022,FS3,Fynbos,Built-up,28.9164
2022,FS4,Fynbos,Built-up,1.7516
2022,FS5,Fynbos,Built-up,19.044
2022,FS6,Fynbos,Built-up,187.0756
2022,FS7,Fynbos,Built-up,4.324
2022,FS9,Fynbos,Built-up,2.5392
2022,Gd1,Grassland,Built-up,61.464
2022,Gd10,Grassland,Built-up,0.0228
2022,Gd2,Grassland,Built-up,0.078
2022,Gd3,Grassland,Built-up,15.256
2022,Gd4,Grassland,Built-up,62.33
2022,Gd5,Grassland,Built-up,48.2312
2022,Gd6,Grassland,Built-up,4.00E-04
2022,Gd7,Grassland,Built-up,0.122
2022,Gd8,Grassland,Built-up,2.3684
2022,Gh1,Grassland,Built-up,17.21
2022,Gh10,Grassland,Built-up,268.2568
2022,Gh11,Grassland,Built-up,30.5916
2022,Gh12,Grassland,Built-up,24.0436
2022,Gh13,Grassland,Built-up,119.3184
2022,Gh14,Grassland,Built-up,156.9916
2022,Gh15,Grassland,Built-up,582.2948
2022,Gh2,Grassland,Built-up,20.4048
2022,Gh3,Grassland,Built-up,33.916
2022,Gh4,Grassland,Built-up,18.9112
2022,Gh5,Grassland,Built-up,270.7072
2022,Gh6,Grassland,Built-up,231.1964
2022,Gh7,Grassland,Built-up,82.4128
2022,Gh8,Grassland,Built-up,3.3752
2022,Gh9,Grassland,Built-up,34.6964
2022,Gm1,Grassland,Built-up,125.5532
2022,Gm10,Grassland,Built-up,678.5236
2022,Gm11,Grassland,Built-up,527.826
2022,Gm12,Grassland,Built-up,382.488
2022,Gm13,Grassland,Built-up,72.2548
2022,Gm14,Grassland,Built-up,15.5884
2022,Gm15,Grassland,Built-up,131.7536
2022,Gm16,Grassland,Built-up,165.6512
2022,Gm17,Grassland,Built-up,2.3204
2022,Gm19,Grassland,Built-up,10.2688
2022,Gm2,Grassland,Built-up,47.4956
2022,Gm20,Grassland,Built-up,0.2532
2022,Gm21,Grassland,Built-up,32.1924
2022,Gm22,Grassland,Built-up,24.1624
2022,Gm23,Grassland,Built-up,13.7216
2022,Gm24,Grassland,Built-up,0.0252
2022,Gm25,Grassland,Built-up,4.03
2022,Gm26,Grassland,Built-up,0.0928
2022,Gm27,Grassland,Built-up,0.1704
2022,Gm28,Grassland,Built-up,0.0028
2022,Gm29,Grassland,Built-up,0.258
2022,Gm3,Grassland,Built-up,128.57
2022,Gm30,Grassland,Built-up,31.2656
2022,Gm31,Grassland,Built-up,1.5052
2022,Gm4,Grassland,Built-up,162.3156
2022,Gm5,Grassland,Built-up,17.7092
2022,Gm6,Grassland,Built-up,68.9256
2022,Gm7,Grassland,Built-up,0.0692
2022,Gm8,Grassland,Built-up,1323.2152
2022,Gm9,Grassland,Built-up,289.222
2022,Gs1,Grassland,Built-up,10.3224
2022,Gs10,Grassland,Built-up,687.308
2022,Gs11,Grassland,Built-up,287.6108
2022,Gs12,Grassland,Built-up,775.9148
2022,Gs13,Grassland,Built-up,17.8468
2022,Gs14,Grassland,Built-up,932.6216
2022,Gs15,Grassland,Built-up,496.992
2022,Gs16,Grassland,Built-up,188.534
2022,Gs17,Grassland,Built-up,14.67
2022,Gs18,Grassland,Built-up,4.0284
2022,Gs19,Grassland,Built-up,466.274
2022,Gs2,Grassland,Built-up,49.1332
2022,Gs20,Grassland,Built-up,1191.0508
2022,Gs3,Grassland,Built-up,17.3096
2022,Gs4,Grassland,Built-up,515.362
2022,Gs6,Grassland,Built-up,306.424
2022,Gs7,Grassland,Built-up,444.5424
2022,Gs8,Grassland,Built-up,50.9632
2022,Gs9,Grassland,Built-up,733.3372
2022,NKb1,Nama-Karoo,Built-up,3.7744
2022,NKb2,Nama-Karoo,Built-up,1.0484
2022,NKb3,Nama-Karoo,Built-up,138.4432
2022,NKb4,Nama-Karoo,Built-up,1.4764
2022,NKb5,Nama-Karoo,Built-up,48.6964
2022,NKb6,Nama-Karoo,Built-up,82.6416
2022,NKl1,Nama-Karoo,Built-up,41.7676
2022,NKl2,Nama-Karoo,Built-up,30.592
2022,NKl4,Nama-Karoo,Built-up,2.8188
2022,NKu1,Nama-Karoo,Built-up,24.1152
2022,NKu2,Nama-Karoo,Built-up,6.9564
2022,NKu3,Nama-Karoo,Built-up,106.6512
2022,NKu4,Nama-Karoo,Built-up,84.6072
2022,NOTVEG,NOTVEG,Built-up,18.0572
2022,SKk1,Succulent Karoo,Built-up,2.7776
2022,SKk2,Succulent Karoo,Built-up,0.1672
2022,SKk3,Succulent Karoo,Built-up,2.9772
2022,SKk4,Succulent Karoo,Built-up,1.4008
2022,SKk5,Succulent Karoo,Built-up,11.1508
2022,SKk6,Succulent Karoo,Built-up,0.2268
2022,SKk7,Succulent Karoo,Built-up,4.9908
2022,SKk8,Succulent Karoo,Built-up,0.002
2022,SKk9,Succulent Karoo,Built-up,0.1028
2022,SKn1,Succulent Karoo,Built-up,17.6108
2022,SKn2,Succulent Karoo,Built-up,0.6852
2022,SKn3,Succulent Karoo,Built-up,14.6048
2022,SKn4,Succulent Karoo,Built-up,11.3776
2022,SKn5,Succulent Karoo,Built-up,1.01
2022,SKn6,Succulent Karoo,Built-up,0.0728
2022,SKn7,Succulent Karoo,Built-up,0.9536
2022,SKr1,Succulent Karoo,Built-up,0.306
2022,SKr10,Succulent Karoo,Built-up,0.168
2022,SKr11,Succulent Karoo,Built-up,0.982
2022,SKr12,Succulent Karoo,Built-up,0.0808
2022,SKr13,Succulent Karoo,Built-up,0.4376
2022,SKr14,Succulent Karoo,Built-up,0.092
2022,SKr15,Succulent Karoo,Built-up,0.0556
2022,SKr16,Succulent Karoo,Built-up,0.142
2022,SKr17,Succulent Karoo,Built-up,0.3088
2022,SKr18,Succulent Karoo,Built-up,0.3812
2022,SKr19,Succulent Karoo,Built-up,0.8232
2022,SKr2,Succulent Karoo,Built-up,0.686
2022,SKr3,Succulent Karoo,Built-up,0.0092
2022,SKr4,Succulent Karoo,Built-up,0.844
2022,SKr5,Succulent Karoo,Built-up,0
2022,SKr6,Succulent Karoo,Built-up,0
2022,SKr7,Succulent Karoo,Built-up,0.4776
2022,SKr8,Succulent Karoo,Built-up,0
2022,SKr9,Succulent Karoo,Built-up,0
2022,SKs1,Succulent Karoo,Built-up,3.3724
2022,SKs10,Succulent Karoo,Built-up,0.3028
2022,SKs11,Succulent Karoo,Built-up,0.1548
2022,SKs12,Succulent Karoo,Built-up,1.7792
2022,SKs13,Succulent Karoo,Built-up,2.464
2022,SKs14,Succulent Karoo,Built-up,3.9812
2022,SKs2,Succulent Karoo,Built-up,1.0592
2022,SKs3,Succulent Karoo,Built-up,0.0028
2022,SKs4,Succulent Karoo,Built-up,0.2672
2022,SKs5,Succulent Karoo,Built-up,0.0848
2022,SKs6,Succulent Karoo,Built-up,0.244
2022,SKs7,Succulent Karoo,Built-up,12.3708
2022,SKs8,Succulent Karoo,Built-up,3.2456
2022,SKs9,Succulent Karoo,Built-up,1.3408
2022,SKt1,Succulent Karoo,Built-up,0.346
2022,SKt2,Succulent Karoo,Built-up,24.6484
2022,SKt3,Succulent Karoo,Built-up,12.0992
2022,SKv1,Succulent Karoo,Built-up,1.394
2022,SKv10,Succulent Karoo,Built-up,1.7636
2022,SKv11,Succulent Karoo,Built-up,27.2376
2022,SKv13,Succulent Karoo,Built-up,7.862
2022,SKv14,Succulent Karoo,Built-up,6.7568
2022,SKv2,Succulent Karoo,Built-up,0.068
2022,SKv3,Succulent Karoo,Built-up,0.6828
2022,SKv4,Succulent Karoo,Built-up,0.7264
2022,SKv5,Succulent Karoo,Built-up,9.6788
2022,SKv6,Succulent Karoo,Built-up,9.0232
2022,SKv7,Succulent Karoo,Built-up,21.2148
2022,SKv8,Succulent Karoo,Built-up,14.9612
2022,SVcb1,Savanna,Built-up,40.2936
2022,SVcb10,Savanna,Built-up,100.9424
2022,SVcb11,Savanna,Built-up,171.44
2022,SVcb12,Savanna,Built-up,1612.2548
2022,SVcb13,Savanna,Built-up,40.8532
2022,SVcb14,Savanna,Built-up,14.3328
2022,SVcb15,Savanna,Built-up,417.7104
2022,SVcb16,Savanna,Built-up,565.4136
2022,SVcb17,Savanna,Built-up,22.32
2022,SVcb18,Savanna,Built-up,198.0788
2022,SVcb19,Savanna,Built-up,109.6904
2022,SVcb2,Savanna,Built-up,12.4868
2022,SVcb20,Savanna,Built-up,582.3732
2022,SVcb21,Savanna,Built-up,306.1692
2022,SVcb22,Savanna,Built-up,0
2022,SVcb23,Savanna,Built-up,571.2748
2022,SVcb24,Savanna,Built-up,19.3944
2022,SVcb25,Savanna,Built-up,24.3148
2022,SVcb26,Savanna,Built-up,70.8912
2022,SVcb27,Savanna,Built-up,433.1236
2022,SVcb28,Savanna,Built-up,144.0328
2022,SVcb29,Savanna,Built-up,2.8868
2022,SVcb3,Savanna,Built-up,89.7212
2022,SVcb4,Savanna,Built-up,62.6452
2022,SVcb5,Savanna,Built-up,3.6388
2022,SVcb6,Savanna,Built-up,514.8676
2022,SVcb7,Savanna,Built-up,60.828
2022,SVcb8,Savanna,Built-up,244.464
2022,SVcb9,Savanna,Built-up,130.3192
2022,SVk1,Savanna,Built-up,93.756
2022,SVk10,Savanna,Built-up,50.8052
2022,SVk11,Savanna,Built-up,56.8428
2022,SVk12,Savanna,Built-up,39.9628
2022,SVk13,Savanna,Built-up,24.9584
2022,SVk14,Savanna,Built-up,4.1236
2022,SVk15,Savanna,Built-up,1.0432
2022,SVk16,Savanna,Built-up,3.4664
2022,SVk17,Savanna,Built-up,470.4424
2022,SVk18,Savanna,Built-up,11.174
2022,SVk2,Savanna,Built-up,33.184
2022,SVk3,Savanna,Built-up,17.4484
2022,SVk4,Savanna,Built-up,190.0688
2022,SVk5,Savanna,Built-up,3.0416
2022,SVk6,Savanna,Built-up,127.2604
2022,SVk7,Savanna,Built-up,69.3948
2022,SVk8,Savanna,Built-up,32.9844
2022,SVk9,Savanna,Built-up,154.5744
2022,SVkd1,Savanna,Built-up,16.2404
2022,SVkd2,Savanna,Built-up,1.0292
2022,SVkd3,Savanna,Built-up,0.2164
2022,SVkd4,Savanna,Built-up,0.0956
2022,SVl1,Savanna,Built-up,162.4688
2022,SVl10,Savanna,Built-up,124.1756
2022,SVl11,Savanna,Built-up,24.9712
2022,SVl12,Savanna,Built-up,9.0816
2022,SVl13,Savanna,Built-up,0.6848
2022,SVl14,Savanna,Built-up,72.9248
2022,SVl15,Savanna,Built-up,0.5388
2022,SVl16,Savanna,Built-up,111.6552
2022,SVl17,Savanna,Built-up,55.4152
2022,SVl18,Savanna,Built-up,117.7284
2022,SVl19,Savanna,Built-up,57.5248
2022,SVl2,Savanna,Built-up,0
2022,SVl20,Savanna,Built-up,230.7988
2022,SVl21,Savanna,Built-up,22.1276
2022,SVl22,Savanna,Built-up,384.1956
2022,SVl23,Savanna,Built-up,590.4584
2022,SVl24,Savanna,Built-up,183.3092
2022,SVl25,Savanna,Built-up,92.6892
2022,SVl26,Savanna,Built-up,91.8384
2022,SVl27,Savanna,Built-up,49.1172
2022,SVl3,Savanna,Built-up,1215.698
2022,SVl4,Savanna,Built-up,5.1048
2022,SVl5,Savanna,Built-up,35.072
2022,SVl6,Savanna,Built-up,1.0572
2022,SVl7,Savanna,Built-up,14.8556
2022,SVl8,Savanna,Built-up,354.12
2022,SVl9,Savanna,Built-up,306.0348
2022,SVmp1,Savanna,Built-up,65.8512
2022,SVmp2,Savanna,Built-up,2.1896
2022,SVmp3,Savanna,Built-up,0
2022,SVmp4,Savanna,Built-up,0.134
2022,SVmp5,Savanna,Built-up,93.22
2022,SVmp6,Savanna,Built-up,131.5592
2022,SVmp7,Savanna,Built-up,83.574
2022,SVmp8,Savanna,Built-up,0.0024
2022,SVs1,Savanna,Built-up,200.3416
2022,SVs2,Savanna,Built-up,179.8804
2022,SVs3,Savanna,Built-up,181.6504
2022,SVs4,Savanna,Built-up,187.3376
2022,SVs5,Savanna,Built-up,332.3448
2022,SVs6,Savanna,Built-up,764.4256
2022,SVs7,Savanna,Built-up,887.7004
2022,SVs8,Savanna,Built-up,158.1528
1990,AT15,Albany Thicket,Cropland,0
1990,AT16,Albany Thicket,Cropland,0.298
1990,AT17,Albany Thicket,Cropland,102.3688
1990,AT18,Albany Thicket,Cropland,92.3688
1990,AT19,Albany Thicket,Cropland,5.722
1990,AT20,Albany Thicket,Cropland,0
1990,AT21,Albany Thicket,Cropland,27.0472
1990,AT22,Albany Thicket,Cropland,44.1692
1990,AT23,Albany Thicket,Cropland,13.9748
1990,AT24,Albany Thicket,Cropland,155.4856
1990,AT25,Albany Thicket,Cropland,2.81
1990,AT26,Albany Thicket,Cropland,7.1796
1990,AT27,Albany Thicket,Cropland,1.9044
1990,AT28,Albany Thicket,Cropland,42.5968
1990,AT29,Albany Thicket,Cropland,4.3436
1990,AT30,Albany Thicket,Cropland,25.9608
1990,AT31,Albany Thicket,Cropland,7.1436
1990,AT32,Albany Thicket,Cropland,52.4572
1990,AT33,Albany Thicket,Cropland,2.832
1990,AT34,Albany Thicket,Cropland,3.0012
1990,AT35,Albany Thicket,Cropland,7.3
1990,AT36,Albany Thicket,Cropland,2.4944
1990,AT37,Albany Thicket,Cropland,46.7128
1990,AT38,Albany Thicket,Cropland,300.5676
1990,AT39,Albany Thicket,Cropland,10.1684
1990,AT40,Albany Thicket,Cropland,28.414
1990,AT41,Albany Thicket,Cropland,70.0328
1990,AT42,Albany Thicket,Cropland,1.9912
1990,AT43,Albany Thicket,Cropland,8.9952
1990,AT44,Albany Thicket,Cropland,8.98
1990,AT45,Albany Thicket,Cropland,209.0124
1990,AT46,Albany Thicket,Cropland,7.6752
1990,AT47,Albany Thicket,Cropland,6.5716
1990,AT48,Albany Thicket,Cropland,2.0064
1990,AT49,Albany Thicket,Cropland,24.6388
1990,AT50,Albany Thicket,Cropland,30.7072
1990,AT51,Albany Thicket,Cropland,116.7868
1990,AT52,Albany Thicket,Cropland,8.8552
1990,AT53,Albany Thicket,Cropland,0.6528
1990,AT54,Albany Thicket,Cropland,1.0588
1990,AT55,Albany Thicket,Cropland,5.9372
1990,AT56,Albany Thicket,Cropland,89.5012
1990,AT57,Albany Thicket,Cropland,12.1512
1990,AT58,Albany Thicket,Cropland,9.2744
1990,AZa1,Azonal,Cropland,0.0568
1990,AZa2,Azonal,Cropland,167.7228
1990,AZa3,Azonal,Cropland,250.5612
1990,AZa4,Azonal,Cropland,346.6428
1990,AZa5,Azonal,Cropland,570.1008
1990,AZa6,Azonal,Cropland,243.7896
1990,AZa7,Azonal,Cropland,256.4608
1990,AZd1,Azonal,Cropland,0
1990,AZd2,Azonal,Cropland,0
1990,AZd3,Azonal,Cropland,0.0028
1990,AZd4,Azonal,Cropland,0
1990,AZi1,Azonal,Cropland,94.3292
1990,AZi3,Azonal,Cropland,0.2132
1990,AZi5,Azonal,Cropland,170.704
1990,AZi6,Azonal,Cropland,415.2212
1990,AZi7,Azonal,Cropland,65.858
1990,AZi8,Azonal,Cropland,207.8532
1990,AZs3,Azonal,Cropland,4.00E-04
1990,CB1,IOCB,Cropland,189.9796
1990,CB2,IOCB,Cropland,0.9132
1990,CB3,IOCB,Cropland,1409.9272
1990,CB4,IOCB,Cropland,249.9284
1990,CB5,IOCB,Cropland,129.2812
1990,CB6,IOCB,Cropland,95.2288
1990,Dg1,Desert,Cropland,0
1990,Dg10,Desert,Cropland,1.1876
1990,Dg2,Desert,Cropland,0
1990,Dg3,Desert,Cropland,0
1990,Dg4,Desert,Cropland,0
1990,Dg5,Desert,Cropland,0
1990,Dg6,Desert,Cropland,0
1990,Dg7,Desert,Cropland,0.366
1990,Dg8,Desert,Cropland,0
1990,Dg9,Desert,Cropland,3.6864
1990,Dn1,Desert,Cropland,0
1990,Dn2,Desert,Cropland,0
1990,Dn3,Desert,Cropland,0
1990,Dn4,Desert,Cropland,2.4076
1990,Dn5,Desert,Cropland,0
1990,FFa1,Fynbos,Cropland,86.9432
1990,FFa2,Fynbos,Cropland,227.928
1990,FFa3,Fynbos,Cropland,182.346
1990,FFa4,Fynbos,Cropland,5.7512
1990,FFb1,Fynbos,Cropland,10.1132
1990,FFb2,Fynbos,Cropland,0.7296
1990,FFb3,Fynbos,Cropland,0.048
1990,FFb4,Fynbos,Cropland,4.7108
1990,FFb5,Fynbos,Cropland,7.0428
1990,FFb6,Fynbos,Cropland,22.7668
1990,FFc1,Fynbos,Cropland,318.6152
1990,FFd1,Fynbos,Cropland,82.7216
1990,FFd10,Fynbos,Cropland,4.3712
1990,FFd11,Fynbos,Cropland,9.2956
1990,FFd2,Fynbos,Cropland,891.1348
1990,FFd3,Fynbos,Cropland,244.3944
1990,FFd4,Fynbos,Cropland,211.3452
1990,FFd5,Fynbos,Cropland,57.098
1990,FFd6,Fynbos,Cropland,2.2044
1990,FFd7,Fynbos,Cropland,99.6844
1990,FFd8,Fynbos,Cropland,8.596
1990,FFd9,Fynbos,Cropland,169.3224
1990,FFf1,Fynbos,Cropland,348.348
1990,FFf2,Fynbos,Cropland,14.5232
1990,FFg1,Fynbos,Cropland,0.494
1990,FFg2,Fynbos,Cropland,83.7188
1990,FFg3,Fynbos,Cropland,4.0408
1990,FFg4,Fynbos,Cropland,1.7476
1990,FFg5,Fynbos,Cropland,173.2068
1990,FFh1,Fynbos,Cropland,140.9108
1990,FFh10,Fynbos,Cropland,2.2848
1990,FFh11,Fynbos,Cropland,0
1990,FFh2,Fynbos,Cropland,3.5588
1990,FFh3,Fynbos,Cropland,5.5356
1990,FFh4,Fynbos,Cropland,67.3832
1990,FFh5,Fynbos,Cropland,11.2268
1990,FFh6,Fynbos,Cropland,113.3288
1990,FFh7,Fynbos,Cropland,87.4372
1990,FFh8,Fynbos,Cropland,21.5812
1990,FFh9,Fynbos,Cropland,118.0216
1990,FFl1,Fynbos,Cropland,9.2432
1990,FFl2,Fynbos,Cropland,17.6608
1990,FFl3,Fynbos,Cropland,125.0732
1990,FFq1,Fynbos,Cropland,0
1990,FFq2,Fynbos,Cropland,7.6376
1990,FFq3,Fynbos,Cropland,6.7696
1990,FFq4,Fynbos,Cropland,3.3328
1990,FFq5,Fynbos,Cropland,0.03
1990,FFq6,Fynbos,Cropland,5.5284
1990,FFs1,Fynbos,Cropland,145.8548
1990,FFs10,Fynbos,Cropland,8.7684
1990,FFs11,Fynbos,Cropland,21.8456
1990,FFs12,Fynbos,Cropland,46.7656
1990,FFs13,Fynbos,Cropland,3.5524
1990,FFs14,Fynbos,Cropland,9.0364
1990,FFs15,Fynbos,Cropland,46.9716
1990,FFs16,Fynbos,Cropland,7.2516
1990,FFs17,Fynbos,Cropland,3.2056
1990,FFs18,Fynbos,Cropland,96.3496
1990,FFs19,Fynbos,Cropland,68.1748
1990,FFs2,Fynbos,Cropland,273.5264
1990,FFs20,Fynbos,Cropland,368.5612
1990,FFs21,Fynbos,Cropland,0.0748
1990,FFs22,Fynbos,Cropland,1.1744
1990,FFs23,Fynbos,Cropland,0.774
1990,FFs24,Fynbos,Cropland,0.8396
1990,FFs25,Fynbos,Cropland,0.9416
1990,FFs26,Fynbos,Cropland,12.6632
1990,FFs27,Fynbos,Cropland,87.3528
1990,FFs28,Fynbos,Cropland,191.4088
1990,FFs29,Fynbos,Cropland,43.9016
1990,FFs3,Fynbos,Cropland,10.3824
1990,FFs30,Fynbos,Cropland,0
1990,FFs31,Fynbos,Cropland,0
1990,FFs32,Fynbos,Cropland,121.082
1990,FFs4,Fynbos,Cropland,187.4464
1990,FFs5,Fynbos,Cropland,30.3068
1990,FFs6,Fynbos,Cropland,25.3792
1990,FFs7,Fynbos,Cropland,14.0932
1990,FFs8,Fynbos,Cropland,2.3224
1990,FFs9,Fynbos,Cropland,0.156
1990,FFt1,Fynbos,Cropland,6.3088
1990,FFt2,Fynbos,Cropland,21.1948
1990,FOa1,Forest,Cropland,17.1952
1990,FOa2,Forest,Cropland,0.6792
1990,FOa3,Forest,Cropland,0.026
1990,FOz1,Forest,Cropland,11.6908
1990,FOz2,Forest,Cropland,0.1224
1990,FOz3,Forest,Cropland,0.862
1990,FOz4,Forest,Cropland,0.0432
1990,FOz5,Forest,Cropland,2.8148
1990,FOz6,Forest,Cropland,24.7484
1990,FOz7,Forest,Cropland,5.86
1990,FOz8,Forest,Cropland,1.3268
1990,FOz9,Forest,Cropland,0.0012
1990,FRa1,Fynbos,Cropland,205.7064
1990,FRa2,Fynbos,Cropland,16.9496
1990,FRc1,Fynbos,Cropland,72.6876
1990,FRc2,Fynbos,Cropland,149.8732
1990,FRd1,Fynbos,Cropland,12.4024
1990,FRd2,Fynbos,Cropland,5.6988
1990,FRg1,Fynbos,Cropland,32.5724
1990,FRg2,Fynbos,Cropland,598.8976
1990,FRg3,Fynbos,Cropland,0.1344
1990,FRl1,Fynbos,Cropland,46.1184
1990,FRs1,Fynbos,Cropland,4.38
1990,FRs10,Fynbos,Cropland,0
1990,FRs11,Fynbos,Cropland,881.8712
1990,FRs12,Fynbos,Cropland,1656.2032
1990,FRs13,Fynbos,Cropland,2052.6172
1990,FRs14,Fynbos,Cropland,420.7172
1990,FRs15,Fynbos,Cropland,5.494
1990,FRs16,Fynbos,Cropland,190.3132
1990,FRs17,Fynbos,Cropland,100.8976
1990,FRs18,Fynbos,Cropland,0.0324
1990,FRs19,Fynbos,Cropland,172.606
1990,FRs2,Fynbos,Cropland,81.2268
1990,FRs20,Fynbos,Cropland,23.2448
1990,FRs3,Fynbos,Cropland,27.0108
1990,FRs4,Fynbos,Cropland,169.716
1990,FRs5,Fynbos,Cropland,3.1928
1990,FRs6,Fynbos,Cropland,155.8908
1990,FRs7,Fynbos,Cropland,175.0484
1990,FRs8,Fynbos,Cropland,259.2232
1990,FRs9,Fynbos,Cropland,3840.7524
1990,FS1,Fynbos,Cropland,44.518
1990,FS10,Fynbos,Cropland,0.0408
1990,FS11,Fynbos,Cropland,0
1990,FS12,Fynbos,Cropland,4.00E-04
1990,FS13,Fynbos,Cropland,0.0056
1990,FS14,Fynbos,Cropland,0.5276
1990,FS2,Fynbos,Cropland,168.274
1990,FS3,Fynbos,Cropland,796.8056
1990,FS4,Fynbos,Cropland,3.9328
1990,FS5,Fynbos,Cropland,10.942
1990,FS6,Fynbos,Cropland,3.9352
1990,FS7,Fynbos,Cropland,3.8052
1990,FS9,Fynbos,Cropland,8.41
1990,Gd1,Grassland,Cropland,228.9544
1990,Gd10,Grassland,Cropland,0
1990,Gd2,Grassland,Cropland,1.146
1990,Gd3,Grassland,Cropland,345.39
1990,Gd4,Grassland,Cropland,337.7908
1990,Gd5,Grassland,Cropland,23.1076
1990,Gd6,Grassland,Cropland,0
1990,Gd7,Grassland,Cropland,4.00E-04
1990,Gd8,Grassland,Cropland,31.9316
1990,Gh1,Grassland,Cropland,91.8724
1990,Gh10,Grassland,Cropland,17492.83
1990,Gh11,Grassland,Cropland,374.4632
1990,Gh12,Grassland,Cropland,18.7648
1990,Gh13,Grassland,Cropland,1080.0544
1990,Gh14,Grassland,Cropland,4391.1312
1990,Gh15,Grassland,Cropland,1650.3836
1990,Gh2,Grassland,Cropland,967.114
1990,Gh3,Grassland,Cropland,398.7032
1990,Gh4,Grassland,Cropland,105.61
1990,Gh5,Grassland,Cropland,1743.4116
1990,Gh6,Grassland,Cropland,4107.1504
1990,Gh7,Grassland,Cropland,125.1728
1990,Gh8,Grassland,Cropland,6.4768
1990,Gh9,Grassland,Cropland,1345.4032
1990,Gm1,Grassland,Cropland,672.5092
1990,Gm10,Grassland,Cropland,70.898
1990,Gm11,Grassland,Cropland,3910.3208
1990,Gm12,Grassland,Cropland,4808.9356
1990,Gm13,Grassland,Cropland,1118.6712
1990,Gm14,Grassland,Cropland,310.2356
1990,Gm15,Grassland,Cropland,423.1016
1990,Gm16,Grassland,Cropland,402.7336
1990,Gm17,Grassland,Cropland,3.4592
1990,Gm19,Grassland,Cropland,271.9556
1990,Gm2,Grassland,Cropland,26.08
1990,Gm20,Grassland,Cropland,0
1990,Gm21,Grassland,Cropland,164.5132
1990,Gm22,Grassland,Cropland,28.2384
1990,Gm23,Grassland,Cropland,3.5092
1990,Gm24,Grassland,Cropland,0
1990,Gm25,Grassland,Cropland,13.2464
1990,Gm26,Grassland,Cropland,0.0448
1990,Gm27,Grassland,Cropland,0.5024
1990,Gm28,Grassland,Cropland,0.1784
1990,Gm29,Grassland,Cropland,7.1184
1990,Gm3,Grassland,Cropland,6782.7168
1990,Gm30,Grassland,Cropland,140.6228
1990,Gm31,Grassland,Cropland,5.7708
1990,Gm4,Grassland,Cropland,3522.9764
1990,Gm5,Grassland,Cropland,138.5104
1990,Gm6,Grassland,Cropland,3231.358
1990,Gm7,Grassland,Cropland,1.232
1990,Gm8,Grassland,Cropland,5460.4388
1990,Gm9,Grassland,Cropland,400.2776
1990,Gs1,Grassland,Cropland,32.2772
1990,Gs10,Grassland,Cropland,1055.0068
1990,Gs11,Grassland,Cropland,326.8904
1990,Gs12,Grassland,Cropland,1828.7704
1990,Gs13,Grassland,Cropland,207.9016
1990,Gs14,Grassland,Cropland,1400.8944
1990,Gs15,Grassland,Cropland,1255.452
1990,Gs16,Grassland,Cropland,270.7184
1990,Gs17,Grassland,Cropland,24.9924
1990,Gs18,Grassland,Cropland,8.624
1990,Gs19,Grassland,Cropland,507.1932
1990,Gs2,Grassland,Cropland,40.2448
1990,Gs20,Grassland,Cropland,1010.0556
1990,Gs3,Grassland,Cropland,27.0632
1990,Gs4,Grassland,Cropland,1147.0588
1990,Gs6,Grassland,Cropland,628.4836
1990,Gs7,Grassland,Cropland,882.4168
1990,Gs8,Grassland,Cropland,473.742
1990,Gs9,Grassland,Cropland,965.2896
1990,NKb1,Nama-Karoo,Cropland,11.1052
1990,NKb2,Nama-Karoo,Cropland,3.22
1990,NKb3,Nama-Karoo,Cropland,33.2944
1990,NKb4,Nama-Karoo,Cropland,0.2288
1990,NKb5,Nama-Karoo,Cropland,6.908
1990,NKb6,Nama-Karoo,Cropland,49.5144
1990,NKl1,Nama-Karoo,Cropland,16.8012
1990,NKl2,Nama-Karoo,Cropland,44.0332
1990,NKl4,Nama-Karoo,Cropland,34.4372
1990,NKu1,Nama-Karoo,Cropland,28.1316
1990,NKu2,Nama-Karoo,Cropland,3.2492
1990,NKu3,Nama-Karoo,Cropland,1212.8728
1990,NKu4,Nama-Karoo,Cropland,502.1816
1990,NOTVEG,NOTVEG,Cropland,15.6988
1990,SKk1,Succulent Karoo,Cropland,0.2324
1990,SKk2,Succulent Karoo,Cropland,0
1990,SKk3,Succulent Karoo,Cropland,7.818
1990,SKk4,Succulent Karoo,Cropland,0.5236
1990,SKk5,Succulent Karoo,Cropland,113.9844
1990,SKk6,Succulent Karoo,Cropland,0.7344
1990,SKk7,Succulent Karoo,Cropland,22.7148
1990,SKk8,Succulent Karoo,Cropland,1.8664
1990,SKk9,Succulent Karoo,Cropland,0.3596
1990,SKn1,Succulent Karoo,Cropland,48.5136
1990,SKn2,Succulent Karoo,Cropland,0.7824
1990,SKn3,Succulent Karoo,Cropland,59.0004
1990,SKn4,Succulent Karoo,Cropland,253.7124
1990,SKn5,Succulent Karoo,Cropland,0.0364
1990,SKn6,Succulent Karoo,Cropland,2.7552
1990,SKn7,Succulent Karoo,Cropland,64.9652
1990,SKr1,Succulent Karoo,Cropland,0
1990,SKr10,Succulent Karoo,Cropland,0
1990,SKr11,Succulent Karoo,Cropland,0
1990,SKr12,Succulent Karoo,Cropland,0
1990,SKr13,Succulent Karoo,Cropland,0
1990,SKr14,Succulent Karoo,Cropland,0
1990,SKr15,Succulent Karoo,Cropland,6.0972
1990,SKr16,Succulent Karoo,Cropland,0
1990,SKr17,Succulent Karoo,Cropland,0
1990,SKr18,Succulent Karoo,Cropland,0.0012
1990,SKr19,Succulent Karoo,Cropland,0.0052
1990,SKr2,Succulent Karoo,Cropland,0
1990,SKr3,Succulent Karoo,Cropland,0
1990,SKr4,Succulent Karoo,Cropland,0
1990,SKr5,Succulent Karoo,Cropland,0
1990,SKr6,Succulent Karoo,Cropland,0
1990,SKr7,Succulent Karoo,Cropland,0
1990,SKr8,Succulent Karoo,Cropland,0
1990,SKr9,Succulent Karoo,Cropland,0
1990,SKs1,Succulent Karoo,Cropland,0
1990,SKs10,Succulent Karoo,Cropland,0
1990,SKs11,Succulent Karoo,Cropland,0
1990,SKs12,Succulent Karoo,Cropland,13.8792
1990,SKs13,Succulent Karoo,Cropland,64.936
1990,SKs14,Succulent Karoo,Cropland,154.6024
1990,SKs2,Succulent Karoo,Cropland,0
1990,SKs3,Succulent Karoo,Cropland,0
1990,SKs4,Succulent Karoo,Cropland,0
1990,SKs5,Succulent Karoo,Cropland,0
1990,SKs6,Succulent Karoo,Cropland,0
1990,SKs7,Succulent Karoo,Cropland,392.9736
1990,SKs8,Succulent Karoo,Cropland,0.0896
1990,SKs9,Succulent Karoo,Cropland,4.746
1990,SKt1,Succulent Karoo,Cropland,0
1990,SKt2,Succulent Karoo,Cropland,147.5036
1990,SKt3,Succulent Karoo,Cropland,48.4076
1990,SKv1,Succulent Karoo,Cropland,57.6188
1990,SKv10,Succulent Karoo,Cropland,4.846
1990,SKv11,Succulent Karoo,Cropland,119.7332
1990,SKv13,Succulent Karoo,Cropland,10.1516
1990,SKv14,Succulent Karoo,Cropland,5.1016
1990,SKv2,Succulent Karoo,Cropland,0.306
1990,SKv3,Succulent Karoo,Cropland,11.7236
1990,SKv4,Succulent Karoo,Cropland,0.3948
1990,SKv5,Succulent Karoo,Cropland,21.2276
1990,SKv6,Succulent Karoo,Cropland,6.8532
1990,SKv7,Succulent Karoo,Cropland,83.1292
1990,SKv8,Succulent Karoo,Cropland,91.4012
1990,SVcb1,Savanna,Cropland,913.4384
1990,SVcb10,Savanna,Cropland,189.112
1990,SVcb11,Savanna,Cropland,386.8136
1990,SVcb12,Savanna,Cropland,2757.6044
1990,SVcb13,Savanna,Cropland,25.6448
1990,SVcb14,Savanna,Cropland,138.7128
1990,SVcb15,Savanna,Cropland,2989.604
1990,SVcb16,Savanna,Cropland,806.7372
1990,SVcb17,Savanna,Cropland,318.3332
1990,SVcb18,Savanna,Cropland,688.2644
1990,SVcb19,Savanna,Cropland,630.5576
1990,SVcb2,Savanna,Cropland,9.012
1990,SVcb20,Savanna,Cropland,1620.7388
1990,SVcb21,Savanna,Cropland,219.8772
1990,SVcb22,Savanna,Cropland,0.0232
1990,SVcb23,Savanna,Cropland,714.6784
1990,SVcb24,Savanna,Cropland,15.1016
1990,SVcb25,Savanna,Cropland,21.67
1990,SVcb26,Savanna,Cropland,100.5316
1990,SVcb27,Savanna,Cropland,333.5876
1990,SVcb28,Savanna,Cropland,135.2688
1990,SVcb29,Savanna,Cropland,3.9688
1990,SVcb3,Savanna,Cropland,174.7588
1990,SVcb4,Savanna,Cropland,164.86
1990,SVcb5,Savanna,Cropland,0
1990,SVcb6,Savanna,Cropland,462.9024
1990,SVcb7,Savanna,Cropland,13.1232
1990,SVcb8,Savanna,Cropland,412.706
1990,SVcb9,Savanna,Cropland,167.8468
1990,SVk1,Savanna,Cropland,2698.7532
1990,SVk10,Savanna,Cropland,128.1512
1990,SVk11,Savanna,Cropland,53.402
1990,SVk12,Savanna,Cropland,2.684
1990,SVk13,Savanna,Cropland,3.0364
1990,SVk14,Savanna,Cropland,1.0272
1990,SVk15,Savanna,Cropland,0
1990,SVk16,Savanna,Cropland,0.0104
1990,SVk17,Savanna,Cropland,2460.9692
1990,SVk18,Savanna,Cropland,12.6992
1990,SVk2,Savanna,Cropland,682.0204
1990,SVk3,Savanna,Cropland,657.8388
1990,SVk4,Savanna,Cropland,2942.0532
1990,SVk5,Savanna,Cropland,11.7952
1990,SVk6,Savanna,Cropland,655.2544
1990,SVk7,Savanna,Cropland,50.2752
1990,SVk8,Savanna,Cropland,23.8716
1990,SVk9,Savanna,Cropland,2.0884
1990,SVkd1,Savanna,Cropland,8.1816
1990,SVkd2,Savanna,Cropland,0
1990,SVkd3,Savanna,Cropland,0
1990,SVkd4,Savanna,Cropland,0
1990,SVl1,Savanna,Cropland,197.7076
1990,SVl10,Savanna,Cropland,99.7112
1990,SVl11,Savanna,Cropland,3.8672
1990,SVl12,Savanna,Cropland,37.0528
1990,SVl13,Savanna,Cropland,10.1284
1990,SVl14,Savanna,Cropland,121.1868
1990,SVl15,Savanna,Cropland,0
1990,SVl16,Savanna,Cropland,42.3868
1990,SVl17,Savanna,Cropland,8.5024
1990,SVl18,Savanna,Cropland,46.0632
1990,SVl19,Savanna,Cropland,4.2564
1990,SVl2,Savanna,Cropland,0
1990,SVl20,Savanna,Cropland,329.9352
1990,SVl21,Savanna,Cropland,19.2568
1990,SVl22,Savanna,Cropland,398.3076
1990,SVl23,Savanna,Cropland,1029.5108
1990,SVl24,Savanna,Cropland,197.2708
1990,SVl25,Savanna,Cropland,22.3876
1990,SVl26,Savanna,Cropland,4.6936
1990,SVl27,Savanna,Cropland,24.8348
1990,SVl3,Savanna,Cropland,1446.4516
1990,SVl4,Savanna,Cropland,107.4688
1990,SVl5,Savanna,Cropland,203.3348
1990,SVl6,Savanna,Cropland,0.32
1990,SVl7,Savanna,Cropland,7.1744
1990,SVl8,Savanna,Cropland,598.8336
1990,SVl9,Savanna,Cropland,374.9816
1990,SVmp1,Savanna,Cropland,190.5968
1990,SVmp2,Savanna,Cropland,10.9188
1990,SVmp3,Savanna,Cropland,0
1990,SVmp4,Savanna,Cropland,0
1990,SVmp5,Savanna,Cropland,251.9836
1990,SVmp6,Savanna,Cropland,241.9732
1990,SVmp7,Savanna,Cropland,20.0656
1990,SVmp8,Savanna,Cropland,0
1990,SVs1,Savanna,Cropland,169.7584
1990,SVs2,Savanna,Cropland,98.6732
1990,SVs3,Savanna,Cropland,111.7436
1990,SVs4,Savanna,Cropland,158.9792
1990,SVs5,Savanna,Cropland,580.2112
1990,SVs6,Savanna,Cropland,704.5972
1990,SVs7,Savanna,Cropland,1021.2304
1990,SVs8,Savanna,Cropland,369.0256
2014,AT15,Albany Thicket,Cropland,0
2014,AT16,Albany Thicket,Cropland,0.408
2014,AT17,Albany Thicket,Cropland,101.2136
2014,AT18,Albany Thicket,Cropland,94.4248
2014,AT19,Albany Thicket,Cropland,6.4984
2014,AT20,Albany Thicket,Cropland,0
2014,AT21,Albany Thicket,Cropland,32.5916
2014,AT22,Albany Thicket,Cropland,48.5264
2014,AT23,Albany Thicket,Cropland,11.6196
2014,AT24,Albany Thicket,Cropland,153.3508
2014,AT25,Albany Thicket,Cropland,3.3476
2014,AT26,Albany Thicket,Cropland,7.8108
2014,AT27,Albany Thicket,Cropland,2.2408
2014,AT28,Albany Thicket,Cropland,39.9528
2014,AT29,Albany Thicket,Cropland,4.904
2014,AT30,Albany Thicket,Cropland,27.8564
2014,AT31,Albany Thicket,Cropland,7.0756
2014,AT32,Albany Thicket,Cropland,68.1484
2014,AT33,Albany Thicket,Cropland,3.3644
2014,AT34,Albany Thicket,Cropland,3.3192
2014,AT35,Albany Thicket,Cropland,7.618
2014,AT36,Albany Thicket,Cropland,2.0112
2014,AT37,Albany Thicket,Cropland,55.1156
2014,AT38,Albany Thicket,Cropland,306.6168
2014,AT39,Albany Thicket,Cropland,8.3052
2014,AT40,Albany Thicket,Cropland,28.6068
2014,AT41,Albany Thicket,Cropland,65.3084
2014,AT42,Albany Thicket,Cropland,2.4448
2014,AT43,Albany Thicket,Cropland,9.6024
2014,AT44,Albany Thicket,Cropland,6.652
2014,AT45,Albany Thicket,Cropland,184.9796
2014,AT46,Albany Thicket,Cropland,6.8096
2014,AT47,Albany Thicket,Cropland,9.0164
2014,AT48,Albany Thicket,Cropland,2.2992
2014,AT49,Albany Thicket,Cropland,32.4088
2014,AT50,Albany Thicket,Cropland,27.1696
2014,AT51,Albany Thicket,Cropland,155.6784
2014,AT52,Albany Thicket,Cropland,9.6604
2014,AT53,Albany Thicket,Cropland,0.65
2014,AT54,Albany Thicket,Cropland,1.3992
2014,AT55,Albany Thicket,Cropland,7.608
2014,AT56,Albany Thicket,Cropland,94.9156
2014,AT57,Albany Thicket,Cropland,7.8184
2014,AT58,Albany Thicket,Cropland,10.32
2014,AZa1,Azonal,Cropland,0.0636
2014,AZa2,Azonal,Cropland,190.7124
2014,AZa3,Azonal,Cropland,267.1472
2014,AZa4,Azonal,Cropland,399.6736
2014,AZa5,Azonal,Cropland,562.9512
2014,AZa6,Azonal,Cropland,268.7712
2014,AZa7,Azonal,Cropland,301.7656
2014,AZd1,Azonal,Cropland,0
2014,AZd2,Azonal,Cropland,0
2014,AZd3,Azonal,Cropland,0
2014,AZd4,Azonal,Cropland,0.01
2014,AZi1,Azonal,Cropland,104.8836
2014,AZi3,Azonal,Cropland,0.1216
2014,AZi5,Azonal,Cropland,183.404
2014,AZi6,Azonal,Cropland,445.732
2014,AZi7,Azonal,Cropland,52.006
2014,AZi8,Azonal,Cropland,218.3596
2014,AZs3,Azonal,Cropland,0.022
2014,CB1,IOCB,Cropland,256.136
2014,CB2,IOCB,Cropland,21.8
2014,CB3,IOCB,Cropland,1731.6128
2014,CB4,IOCB,Cropland,289.2296
2014,CB5,IOCB,Cropland,232.0948
2014,CB6,IOCB,Cropland,149.3764
2014,Dg1,Desert,Cropland,0
2014,Dg10,Desert,Cropland,1.0808
2014,Dg2,Desert,Cropland,0
2014,Dg3,Desert,Cropland,0
2014,Dg4,Desert,Cropland,0
2014,Dg5,Desert,Cropland,0
2014,Dg6,Desert,Cropland,0
2014,Dg7,Desert,Cropland,0.438
2014,Dg8,Desert,Cropland,0
2014,Dg9,Desert,Cropland,4.1068
2014,Dn1,Desert,Cropland,0
2014,Dn2,Desert,Cropland,0
2014,Dn3,Desert,Cropland,0
2014,Dn4,Desert,Cropland,0.6632
2014,Dn5,Desert,Cropland,0
2014,FFa1,Fynbos,Cropland,97.3344
2014,FFa2,Fynbos,Cropland,266.9944
2014,FFa3,Fynbos,Cropland,197.206
2014,FFa4,Fynbos,Cropland,5.3332
2014,FFb1,Fynbos,Cropland,11.9424
2014,FFb2,Fynbos,Cropland,0.8768
2014,FFb3,Fynbos,Cropland,0.05
2014,FFb4,Fynbos,Cropland,5.3268
2014,FFb5,Fynbos,Cropland,6.964
2014,FFb6,Fynbos,Cropland,24.8144
2014,FFc1,Fynbos,Cropland,366.124
2014,FFd1,Fynbos,Cropland,88.6344
2014,FFd10,Fynbos,Cropland,4.8352
2014,FFd11,Fynbos,Cropland,12.0156
2014,FFd2,Fynbos,Cropland,1081.4436
2014,FFd3,Fynbos,Cropland,263.164
2014,FFd4,Fynbos,Cropland,158.6044
2014,FFd5,Fynbos,Cropland,58.948
2014,FFd6,Fynbos,Cropland,0.5612
2014,FFd7,Fynbos,Cropland,88.0776
2014,FFd8,Fynbos,Cropland,9.316
2014,FFd9,Fynbos,Cropland,175.5704
2014,FFf1,Fynbos,Cropland,339.9224
2014,FFf2,Fynbos,Cropland,13.7392
2014,FFg1,Fynbos,Cropland,0.5472
2014,FFg2,Fynbos,Cropland,88.4232
2014,FFg3,Fynbos,Cropland,5.1124
2014,FFg4,Fynbos,Cropland,2.2372
2014,FFg5,Fynbos,Cropland,187.94
2014,FFh1,Fynbos,Cropland,151.6848
2014,FFh10,Fynbos,Cropland,2.228
2014,FFh11,Fynbos,Cropland,0
2014,FFh2,Fynbos,Cropland,2.3728
2014,FFh3,Fynbos,Cropland,3.2416
2014,FFh4,Fynbos,Cropland,85.0704
2014,FFh5,Fynbos,Cropland,12.4784
2014,FFh6,Fynbos,Cropland,119.2148
2014,FFh7,Fynbos,Cropland,93.1308
2014,FFh8,Fynbos,Cropland,21.2704
2014,FFh9,Fynbos,Cropland,132.2668
2014,FFl1,Fynbos,Cropland,6.1428
2014,FFl2,Fynbos,Cropland,13.012
2014,FFl3,Fynbos,Cropland,131.9984
2014,FFq1,Fynbos,Cropland,0
2014,FFq2,Fynbos,Cropland,8.2404
2014,FFq3,Fynbos,Cropland,5.9328
2014,FFq4,Fynbos,Cropland,3.68
2014,FFq5,Fynbos,Cropland,0.0144
2014,FFq6,Fynbos,Cropland,4.0324
2014,FFs1,Fynbos,Cropland,181.5408
2014,FFs10,Fynbos,Cropland,10.086
2014,FFs11,Fynbos,Cropland,23.328
2014,FFs12,Fynbos,Cropland,43.4348
2014,FFs13,Fynbos,Cropland,4.7104
2014,FFs14,Fynbos,Cropland,9.2768
2014,FFs15,Fynbos,Cropland,53.6308
2014,FFs16,Fynbos,Cropland,6.5072
2014,FFs17,Fynbos,Cropland,2.602
2014,FFs18,Fynbos,Cropland,88.0556
2014,FFs19,Fynbos,Cropland,72.114
2014,FFs2,Fynbos,Cropland,320.1904
2014,FFs20,Fynbos,Cropland,404.2336
2014,FFs21,Fynbos,Cropland,0.1072
2014,FFs22,Fynbos,Cropland,0.27
2014,FFs23,Fynbos,Cropland,1.3344
2014,FFs24,Fynbos,Cropland,0.5916
2014,FFs25,Fynbos,Cropland,0.9188
2014,FFs26,Fynbos,Cropland,12.5324
2014,FFs27,Fynbos,Cropland,82.474
2014,FFs28,Fynbos,Cropland,193.206
2014,FFs29,Fynbos,Cropland,64.2252
2014,FFs3,Fynbos,Cropland,12.2348
2014,FFs30,Fynbos,Cropland,0
2014,FFs31,Fynbos,Cropland,0
2014,FFs32,Fynbos,Cropland,169.2612
2014,FFs4,Fynbos,Cropland,198.6788
2014,FFs5,Fynbos,Cropland,33.7016
2014,FFs6,Fynbos,Cropland,29.9356
2014,FFs7,Fynbos,Cropland,15.4408
2014,FFs8,Fynbos,Cropland,2.5552
2014,FFs9,Fynbos,Cropland,0.1776
2014,FFt1,Fynbos,Cropland,6.362
2014,FFt2,Fynbos,Cropland,18.5236
2014,FOa1,Forest,Cropland,35.0724
2014,FOa2,Forest,Cropland,4.7724
2014,FOa3,Forest,Cropland,0.1924
2014,FOz1,Forest,Cropland,12.6976
2014,FOz2,Forest,Cropland,0.2244
2014,FOz3,Forest,Cropland,1.5956
2014,FOz4,Forest,Cropland,0.2636
2014,FOz5,Forest,Cropland,6.408
2014,FOz6,Forest,Cropland,21.3216
2014,FOz7,Forest,Cropland,14.1444
2014,FOz8,Forest,Cropland,4.8908
2014,FOz9,Forest,Cropland,0.0072
2014,FRa1,Fynbos,Cropland,230.6716
2014,FRa2,Fynbos,Cropland,15.9516
2014,FRc1,Fynbos,Cropland,74.4456
2014,FRc2,Fynbos,Cropland,159.2608
2014,FRd1,Fynbos,Cropland,13.5524
2014,FRd2,Fynbos,Cropland,6.1624
2014,FRg1,Fynbos,Cropland,37.3972
2014,FRg2,Fynbos,Cropland,615.218
2014,FRg3,Fynbos,Cropland,0.2724
2014,FRl1,Fynbos,Cropland,41.4092
2014,FRs1,Fynbos,Cropland,7.7976
2014,FRs10,Fynbos,Cropland,0
2014,FRs11,Fynbos,Cropland,917.5552
2014,FRs12,Fynbos,Cropland,1707.9084
2014,FRs13,Fynbos,Cropland,2189.946
2014,FRs14,Fynbos,Cropland,465.2392
2014,FRs15,Fynbos,Cropland,5.816
2014,FRs16,Fynbos,Cropland,186.5516
2014,FRs17,Fynbos,Cropland,99.568
2014,FRs18,Fynbos,Cropland,0.0328
2014,FRs19,Fynbos,Cropland,170.1032
2014,FRs2,Fynbos,Cropland,91.1036
2014,FRs20,Fynbos,Cropland,26.0468
2014,FRs3,Fynbos,Cropland,32.488
2014,FRs4,Fynbos,Cropland,187.0288
2014,FRs5,Fynbos,Cropland,3.586
2014,FRs6,Fynbos,Cropland,131.8792
2014,FRs7,Fynbos,Cropland,174.1264
2014,FRs8,Fynbos,Cropland,299.8436
2014,FRs9,Fynbos,Cropland,3960.5356
2014,FS1,Fynbos,Cropland,67.3908
2014,FS10,Fynbos,Cropland,0.0416
2014,FS11,Fynbos,Cropland,0
2014,FS12,Fynbos,Cropland,0.0132
2014,FS13,Fynbos,Cropland,0.0084
2014,FS14,Fynbos,Cropland,0.6008
2014,FS2,Fynbos,Cropland,172.0404
2014,FS3,Fynbos,Cropland,812.6752
2014,FS4,Fynbos,Cropland,4.0784
2014,FS5,Fynbos,Cropland,12.4788
2014,FS6,Fynbos,Cropland,7.1588
2014,FS7,Fynbos,Cropland,3.908
2014,FS9,Fynbos,Cropland,7.9088
2014,Gd1,Grassland,Cropland,226.2676
2014,Gd10,Grassland,Cropland,0
2014,Gd2,Grassland,Cropland,1.0632
2014,Gd3,Grassland,Cropland,333.7128
2014,Gd4,Grassland,Cropland,345.3952
2014,Gd5,Grassland,Cropland,25.034
2014,Gd6,Grassland,Cropland,8.00E-04
2014,Gd7,Grassland,Cropland,0.148
2014,Gd8,Grassland,Cropland,31.0524
2014,Gh1,Grassland,Cropland,100.6824
2014,Gh10,Grassland,Cropland,17745.5496
2014,Gh11,Grassland,Cropland,379.9664
2014,Gh12,Grassland,Cropland,10.6748
2014,Gh13,Grassland,Cropland,1008.4484
2014,Gh14,Grassland,Cropland,4297.4824
2014,Gh15,Grassland,Cropland,1567.1248
2014,Gh2,Grassland,Cropland,1021.8448
2014,Gh3,Grassland,Cropland,463.452
2014,Gh4,Grassland,Cropland,122.7332
2014,Gh5,Grassland,Cropland,1877.818
2014,Gh6,Grassland,Cropland,4239.742
2014,Gh7,Grassland,Cropland,128.9396
2014,Gh8,Grassland,Cropland,5.6112
2014,Gh9,Grassland,Cropland,1262.7724
2014,Gm1,Grassland,Cropland,683.3104
2014,Gm10,Grassland,Cropland,82.6324
2014,Gm11,Grassland,Cropland,4066.8056
2014,Gm12,Grassland,Cropland,4609.756
2014,Gm13,Grassland,Cropland,1131.558
2014,Gm14,Grassland,Cropland,360.2584
2014,Gm15,Grassland,Cropland,536.5772
2014,Gm16,Grassland,Cropland,448.2204
2014,Gm17,Grassland,Cropland,3.56
2014,Gm19,Grassland,Cropland,292.0092
2014,Gm2,Grassland,Cropland,23.958
2014,Gm20,Grassland,Cropland,0.292
2014,Gm21,Grassland,Cropland,171.5908
2014,Gm22,Grassland,Cropland,29.4488
2014,Gm23,Grassland,Cropland,10.802
2014,Gm24,Grassland,Cropland,0
2014,Gm25,Grassland,Cropland,23.4936
2014,Gm26,Grassland,Cropland,0.7184
2014,Gm27,Grassland,Cropland,0.6136
2014,Gm28,Grassland,Cropland,0.2144
2014,Gm29,Grassland,Cropland,7.0672
2014,Gm3,Grassland,Cropland,7175.8736
2014,Gm30,Grassland,Cropland,198.7832
2014,Gm31,Grassland,Cropland,6.9296
2014,Gm4,Grassland,Cropland,3800.8368
2014,Gm5,Grassland,Cropland,150.4752
2014,Gm6,Grassland,Cropland,3490.8452
2014,Gm7,Grassland,Cropland,1.4056
2014,Gm8,Grassland,Cropland,5663.366
2014,Gm9,Grassland,Cropland,379.0032
2014,Gs1,Grassland,Cropland,38.9148
2014,Gs10,Grassland,Cropland,1263.598
2014,Gs11,Grassland,Cropland,461.9084
2014,Gs12,Grassland,Cropland,2109.654
2014,Gs13,Grassland,Cropland,238.1808
2014,Gs14,Grassland,Cropland,1547.3212
2014,Gs15,Grassland,Cropland,1370.2876
2014,Gs16,Grassland,Cropland,301.8988
2014,Gs17,Grassland,Cropland,29.8332
2014,Gs18,Grassland,Cropland,9.7912
2014,Gs19,Grassland,Cropland,662.8872
2014,Gs2,Grassland,Cropland,76.8468
2014,Gs20,Grassland,Cropland,1341.922
2014,Gs3,Grassland,Cropland,34.2928
2014,Gs4,Grassland,Cropland,1541.4384
2014,Gs6,Grassland,Cropland,895.3376
2014,Gs7,Grassland,Cropland,1115.7668
2014,Gs8,Grassland,Cropland,594.3524
2014,Gs9,Grassland,Cropland,1224.9976
2014,NKb1,Nama-Karoo,Cropland,16.3604
2014,NKb2,Nama-Karoo,Cropland,3.3948
2014,NKb3,Nama-Karoo,Cropland,69.0296
2014,NKb4,Nama-Karoo,Cropland,0.258
2014,NKb5,Nama-Karoo,Cropland,8.0404
2014,NKb6,Nama-Karoo,Cropland,49.084
2014,NKl1,Nama-Karoo,Cropland,17.8036
2014,NKl2,Nama-Karoo,Cropland,44.4664
2014,NKl4,Nama-Karoo,Cropland,42.0156
2014,NKu1,Nama-Karoo,Cropland,30.524
2014,NKu2,Nama-Karoo,Cropland,3.33
2014,NKu3,Nama-Karoo,Cropland,1372.8212
2014,NKu4,Nama-Karoo,Cropland,569.3576
2014,NOTVEG,NOTVEG,Cropland,17.5836
2014,SKk1,Succulent Karoo,Cropland,0.0212
2014,SKk2,Succulent Karoo,Cropland,0.012
2014,SKk3,Succulent Karoo,Cropland,9.2988
2014,SKk4,Succulent Karoo,Cropland,0.6316
2014,SKk5,Succulent Karoo,Cropland,117.1476
2014,SKk6,Succulent Karoo,Cropland,0.9404
2014,SKk7,Succulent Karoo,Cropland,26.0608
2014,SKk8,Succulent Karoo,Cropland,2.0808
2014,SKk9,Succulent Karoo,Cropland,2.0104
2014,SKn1,Succulent Karoo,Cropland,55.6596
2014,SKn2,Succulent Karoo,Cropland,0.868
2014,SKn3,Succulent Karoo,Cropland,65.992
2014,SKn4,Succulent Karoo,Cropland,267.3952
2014,SKn5,Succulent Karoo,Cropland,0.1892
2014,SKn6,Succulent Karoo,Cropland,3.2928
2014,SKn7,Succulent Karoo,Cropland,69.9104
2014,SKr1,Succulent Karoo,Cropland,0
2014,SKr10,Succulent Karoo,Cropland,0
2014,SKr11,Succulent Karoo,Cropland,0
2014,SKr12,Succulent Karoo,Cropland,0
2014,SKr13,Succulent Karoo,Cropland,0
2014,SKr14,Succulent Karoo,Cropland,0
2014,SKr15,Succulent Karoo,Cropland,6.9276
2014,SKr16,Succulent Karoo,Cropland,0
2014,SKr17,Succulent Karoo,Cropland,0
2014,SKr18,Succulent Karoo,Cropland,0.0028
2014,SKr19,Succulent Karoo,Cropland,0.0052
2014,SKr2,Succulent Karoo,Cropland,0
2014,SKr3,Succulent Karoo,Cropland,0
2014,SKr4,Succulent Karoo,Cropland,0
2014,SKr5,Succulent Karoo,Cropland,0
2014,SKr6,Succulent Karoo,Cropland,0
2014,SKr7,Succulent Karoo,Cropland,0
2014,SKr8,Succulent Karoo,Cropland,0
2014,SKr9,Succulent Karoo,Cropland,0
2014,SKs1,Succulent Karoo,Cropland,0
2014,SKs10,Succulent Karoo,Cropland,0
2014,SKs11,Succulent Karoo,Cropland,0
2014,SKs12,Succulent Karoo,Cropland,16.3252
2014,SKs13,Succulent Karoo,Cropland,77.136
2014,SKs14,Succulent Karoo,Cropland,151.2064
2014,SKs2,Succulent Karoo,Cropland,0
2014,SKs3,Succulent Karoo,Cropland,0
2014,SKs4,Succulent Karoo,Cropland,0
2014,SKs5,Succulent Karoo,Cropland,0
2014,SKs6,Succulent Karoo,Cropland,0
2014,SKs7,Succulent Karoo,Cropland,397.0108
2014,SKs8,Succulent Karoo,Cropland,0.0952
2014,SKs9,Succulent Karoo,Cropland,5.3832
2014,SKt1,Succulent Karoo,Cropland,0
2014,SKt2,Succulent Karoo,Cropland,152.7856
2014,SKt3,Succulent Karoo,Cropland,53.46
2014,SKv1,Succulent Karoo,Cropland,64.2248
2014,SKv10,Succulent Karoo,Cropland,5.792
2014,SKv11,Succulent Karoo,Cropland,121.5124
2014,SKv13,Succulent Karoo,Cropland,10.9212
2014,SKv14,Succulent Karoo,Cropland,4.602
2014,SKv2,Succulent Karoo,Cropland,0.3244
2014,SKv3,Succulent Karoo,Cropland,12.2916
2014,SKv4,Succulent Karoo,Cropland,0.4476
2014,SKv5,Succulent Karoo,Cropland,19.8712
2014,SKv6,Succulent Karoo,Cropland,8.028
2014,SKv7,Succulent Karoo,Cropland,98.182
2014,SKv8,Succulent Karoo,Cropland,89.04
2014,SVcb1,Savanna,Cropland,771.3608
2014,SVcb10,Savanna,Cropland,196.392
2014,SVcb11,Savanna,Cropland,376.4628
2014,SVcb12,Savanna,Cropland,2948.466
2014,SVcb13,Savanna,Cropland,27.8736
2014,SVcb14,Savanna,Cropland,133.7316
2014,SVcb15,Savanna,Cropland,2982.2664
2014,SVcb16,Savanna,Cropland,702.274
2014,SVcb17,Savanna,Cropland,307.8864
2014,SVcb18,Savanna,Cropland,633.5452
2014,SVcb19,Savanna,Cropland,705.7636
2014,SVcb2,Savanna,Cropland,7.9548
2014,SVcb20,Savanna,Cropland,1784.6524
2014,SVcb21,Savanna,Cropland,354.3692
2014,SVcb22,Savanna,Cropland,0.062
2014,SVcb23,Savanna,Cropland,752.114
2014,SVcb24,Savanna,Cropland,11.442
2014,SVcb25,Savanna,Cropland,27.288
2014,SVcb26,Savanna,Cropland,133.47
2014,SVcb27,Savanna,Cropland,584.8188
2014,SVcb28,Savanna,Cropland,213.3876
2014,SVcb29,Savanna,Cropland,3.5716
2014,SVcb3,Savanna,Cropland,156.254
2014,SVcb4,Savanna,Cropland,154.5784
2014,SVcb5,Savanna,Cropland,0
2014,SVcb6,Savanna,Cropland,416.7108
2014,SVcb7,Savanna,Cropland,12.7504
2014,SVcb8,Savanna,Cropland,403.7496
2014,SVcb9,Savanna,Cropland,172.05
2014,SVk1,Savanna,Cropland,2128.5992
2014,SVk10,Savanna,Cropland,94.8596
2014,SVk11,Savanna,Cropland,24.1056
2014,SVk12,Savanna,Cropland,1.782
2014,SVk13,Savanna,Cropland,5.3724
2014,SVk14,Savanna,Cropland,1.2196
2014,SVk15,Savanna,Cropland,0
2014,SVk16,Savanna,Cropland,0.0136
2014,SVk17,Savanna,Cropland,2187.4428
2014,SVk18,Savanna,Cropland,3.0512
2014,SVk2,Savanna,Cropland,573.2344
2014,SVk3,Savanna,Cropland,589.254
2014,SVk4,Savanna,Cropland,3068.6116
2014,SVk5,Savanna,Cropland,11.8444
2014,SVk6,Savanna,Cropland,617.3324
2014,SVk7,Savanna,Cropland,46.9688
2014,SVk8,Savanna,Cropland,21.1712
2014,SVk9,Savanna,Cropland,3.6408
2014,SVkd1,Savanna,Cropland,9.3688
2014,SVkd2,Savanna,Cropland,0
2014,SVkd3,Savanna,Cropland,0
2014,SVkd4,Savanna,Cropland,0
2014,SVl1,Savanna,Cropland,276.5308
2014,SVl10,Savanna,Cropland,132.7568
2014,SVl11,Savanna,Cropland,5.1624
2014,SVl12,Savanna,Cropland,42.6692
2014,SVl13,Savanna,Cropland,9.974
2014,SVl14,Savanna,Cropland,155.258
2014,SVl15,Savanna,Cropland,0
2014,SVl16,Savanna,Cropland,104.9936
2014,SVl17,Savanna,Cropland,30.1972
2014,SVl18,Savanna,Cropland,92.6712
2014,SVl19,Savanna,Cropland,12.588
2014,SVl2,Savanna,Cropland,0
2014,SVl20,Savanna,Cropland,528.5568
2014,SVl21,Savanna,Cropland,30.7988
2014,SVl22,Savanna,Cropland,545.266
2014,SVl23,Savanna,Cropland,1267.1904
2014,SVl24,Savanna,Cropland,253.6456
2014,SVl25,Savanna,Cropland,36.9688
2014,SVl26,Savanna,Cropland,40.1064
2014,SVl27,Savanna,Cropland,28.7584
2014,SVl3,Savanna,Cropland,1773.9092
2014,SVl4,Savanna,Cropland,151.3276
2014,SVl5,Savanna,Cropland,297.4344
2014,SVl6,Savanna,Cropland,0.3772
2014,SVl7,Savanna,Cropland,8.368
2014,SVl8,Savanna,Cropland,747.5368
2014,SVl9,Savanna,Cropland,446.426
2014,SVmp1,Savanna,Cropland,323.1488
2014,SVmp2,Savanna,Cropland,22.6996
2014,SVmp3,Savanna,Cropland,0
2014,SVmp4,Savanna,Cropland,0
2014,SVmp5,Savanna,Cropland,297.866
2014,SVmp6,Savanna,Cropland,317.562
2014,SVmp7,Savanna,Cropland,44.922
2014,SVmp8,Savanna,Cropland,0
2014,SVs1,Savanna,Cropland,246.2172
2014,SVs2,Savanna,Cropland,155.4316
2014,SVs3,Savanna,Cropland,159.1756
2014,SVs4,Savanna,Cropland,181.4716
2014,SVs5,Savanna,Cropland,660.3104
2014,SVs6,Savanna,Cropland,879.7004
2014,SVs7,Savanna,Cropland,1246.358
2014,SVs8,Savanna,Cropland,336.82
2018,AT15,Albany Thicket,Cropland,0
2018,AT16,Albany Thicket,Cropland,0.3652
2018,AT17,Albany Thicket,Cropland,95.0452
2018,AT18,Albany Thicket,Cropland,88.4672
2018,AT19,Albany Thicket,Cropland,5.464
2018,AT20,Albany Thicket,Cropland,0
2018,AT21,Albany Thicket,Cropland,29.354
2018,AT22,Albany Thicket,Cropland,43.2184
2018,AT23,Albany Thicket,Cropland,10.8704
2018,AT24,Albany Thicket,Cropland,147.79
2018,AT25,Albany Thicket,Cropland,2.9388
2018,AT26,Albany Thicket,Cropland,7.3804
2018,AT27,Albany Thicket,Cropland,2.3044
2018,AT28,Albany Thicket,Cropland,34.9012
2018,AT29,Albany Thicket,Cropland,4.0404
2018,AT30,Albany Thicket,Cropland,25.9968
2018,AT31,Albany Thicket,Cropland,6.4148
2018,AT32,Albany Thicket,Cropland,61.8116
2018,AT33,Albany Thicket,Cropland,2.9896
2018,AT34,Albany Thicket,Cropland,3.4648
2018,AT35,Albany Thicket,Cropland,6.9736
2018,AT36,Albany Thicket,Cropland,2.066
2018,AT37,Albany Thicket,Cropland,50.8412
2018,AT38,Albany Thicket,Cropland,287.1892
2018,AT39,Albany Thicket,Cropland,8.0548
2018,AT40,Albany Thicket,Cropland,43.8
2018,AT41,Albany Thicket,Cropland,61.9588
2018,AT42,Albany Thicket,Cropland,2.56
2018,AT43,Albany Thicket,Cropland,8.1756
2018,AT44,Albany Thicket,Cropland,6.1868
2018,AT45,Albany Thicket,Cropland,176.7644
2018,AT46,Albany Thicket,Cropland,7.5812
2018,AT47,Albany Thicket,Cropland,8.0536
2018,AT48,Albany Thicket,Cropland,2.012
2018,AT49,Albany Thicket,Cropland,31.0904
2018,AT50,Albany Thicket,Cropland,25.4752
2018,AT51,Albany Thicket,Cropland,155.5328
2018,AT52,Albany Thicket,Cropland,8.7724
2018,AT53,Albany Thicket,Cropland,0.5648
2018,AT54,Albany Thicket,Cropland,1.356
2018,AT55,Albany Thicket,Cropland,7.2432
2018,AT56,Albany Thicket,Cropland,90.59
2018,AT57,Albany Thicket,Cropland,7.2664
2018,AT58,Albany Thicket,Cropland,9.49
2018,AZa1,Azonal,Cropland,0.0668
2018,AZa2,Azonal,Cropland,171.5764
2018,AZa3,Azonal,Cropland,251.8404
2018,AZa4,Azonal,Cropland,395.4284
2018,AZa5,Azonal,Cropland,511.0688
2018,AZa6,Azonal,Cropland,251.8948
2018,AZa7,Azonal,Cropland,274.6884
2018,AZd1,Azonal,Cropland,0
2018,AZd2,Azonal,Cropland,0
2018,AZd3,Azonal,Cropland,0
2018,AZd4,Azonal,Cropland,0
2018,AZi1,Azonal,Cropland,88.1648
2018,AZi3,Azonal,Cropland,0.1092
2018,AZi5,Azonal,Cropland,173.4096
2018,AZi6,Azonal,Cropland,418.7836
2018,AZi7,Azonal,Cropland,43.0148
2018,AZi8,Azonal,Cropland,206.9652
2018,AZs3,Azonal,Cropland,8.00E-04
2018,CB1,IOCB,Cropland,194.6348
2018,CB2,IOCB,Cropland,10.7616
2018,CB3,IOCB,Cropland,1467.8464
2018,CB4,IOCB,Cropland,241.3972
2018,CB5,IOCB,Cropland,133.014
2018,CB6,IOCB,Cropland,99.0996
2018,Dg1,Desert,Cropland,0
2018,Dg10,Desert,Cropland,2.0536
2018,Dg2,Desert,Cropland,0
2018,Dg3,Desert,Cropland,0
2018,Dg4,Desert,Cropland,0
2018,Dg5,Desert,Cropland,0
2018,Dg6,Desert,Cropland,0
2018,Dg7,Desert,Cropland,0.3936
2018,Dg8,Desert,Cropland,0
2018,Dg9,Desert,Cropland,5.0136
2018,Dn1,Desert,Cropland,0
2018,Dn2,Desert,Cropland,0
2018,Dn3,Desert,Cropland,0
2018,Dn4,Desert,Cropland,0.8576
2018,Dn5,Desert,Cropland,0
2018,FFa1,Fynbos,Cropland,94.6208
2018,FFa2,Fynbos,Cropland,227.936
2018,FFa3,Fynbos,Cropland,192.184
2018,FFa4,Fynbos,Cropland,4.7524
2018,FFb1,Fynbos,Cropland,10.4592
2018,FFb2,Fynbos,Cropland,0.7944
2018,FFb3,Fynbos,Cropland,0.056
2018,FFb4,Fynbos,Cropland,4.2432
2018,FFb5,Fynbos,Cropland,6.6132
2018,FFb6,Fynbos,Cropland,24.4228
2018,FFc1,Fynbos,Cropland,341.8356
2018,FFd1,Fynbos,Cropland,67.7412
2018,FFd10,Fynbos,Cropland,5.2076
2018,FFd11,Fynbos,Cropland,12.586
2018,FFd2,Fynbos,Cropland,918.1344
2018,FFd3,Fynbos,Cropland,195.1104
2018,FFd4,Fynbos,Cropland,174.1008
2018,FFd5,Fynbos,Cropland,62.2924
2018,FFd6,Fynbos,Cropland,0.6192
2018,FFd7,Fynbos,Cropland,100.888
2018,FFd8,Fynbos,Cropland,8.4892
2018,FFd9,Fynbos,Cropland,162.9088
2018,FFf1,Fynbos,Cropland,340.208
2018,FFf2,Fynbos,Cropland,12.2204
2018,FFg1,Fynbos,Cropland,0.4904
2018,FFg2,Fynbos,Cropland,82.02
2018,FFg3,Fynbos,Cropland,3.886
2018,FFg4,Fynbos,Cropland,1.6176
2018,FFg5,Fynbos,Cropland,186.0252
2018,FFh1,Fynbos,Cropland,145.0928
2018,FFh10,Fynbos,Cropland,1.9764
2018,FFh11,Fynbos,Cropland,0
2018,FFh2,Fynbos,Cropland,1.7036
2018,FFh3,Fynbos,Cropland,3.5708
2018,FFh4,Fynbos,Cropland,67.7496
2018,FFh5,Fynbos,Cropland,10.6484
2018,FFh6,Fynbos,Cropland,111.54
2018,FFh7,Fynbos,Cropland,90.4248
2018,FFh8,Fynbos,Cropland,14.5256
2018,FFh9,Fynbos,Cropland,131.0444
2018,FFl1,Fynbos,Cropland,10.7744
2018,FFl2,Fynbos,Cropland,14.9312
2018,FFl3,Fynbos,Cropland,128.8124
2018,FFq1,Fynbos,Cropland,0
2018,FFq2,Fynbos,Cropland,10.1084
2018,FFq3,Fynbos,Cropland,4.7324
2018,FFq4,Fynbos,Cropland,2.8968
2018,FFq5,Fynbos,Cropland,0.012
2018,FFq6,Fynbos,Cropland,3.6748
2018,FFs1,Fynbos,Cropland,144.6652
2018,FFs10,Fynbos,Cropland,8.1936
2018,FFs11,Fynbos,Cropland,21.3908
2018,FFs12,Fynbos,Cropland,44.6684
2018,FFs13,Fynbos,Cropland,5.3912
2018,FFs14,Fynbos,Cropland,9.4644
2018,FFs15,Fynbos,Cropland,44.1412
2018,FFs16,Fynbos,Cropland,6.6756
2018,FFs17,Fynbos,Cropland,2.1876
2018,FFs18,Fynbos,Cropland,78.9788
2018,FFs19,Fynbos,Cropland,73.3632
2018,FFs2,Fynbos,Cropland,285.3116
2018,FFs20,Fynbos,Cropland,386.2996
2018,FFs21,Fynbos,Cropland,0.1008
2018,FFs22,Fynbos,Cropland,0.342
2018,FFs23,Fynbos,Cropland,1.8092
2018,FFs24,Fynbos,Cropland,0.5188
2018,FFs25,Fynbos,Cropland,0.0708
2018,FFs26,Fynbos,Cropland,10.6132
2018,FFs27,Fynbos,Cropland,68.1792
2018,FFs28,Fynbos,Cropland,178.8256
2018,FFs29,Fynbos,Cropland,36.0824
2018,FFs3,Fynbos,Cropland,10.6284
2018,FFs30,Fynbos,Cropland,0
2018,FFs31,Fynbos,Cropland,0
2018,FFs32,Fynbos,Cropland,131.4776
2018,FFs4,Fynbos,Cropland,175.6184
2018,FFs5,Fynbos,Cropland,33.3384
2018,FFs6,Fynbos,Cropland,28.464
2018,FFs7,Fynbos,Cropland,14.4524
2018,FFs8,Fynbos,Cropland,2.0972
2018,FFs9,Fynbos,Cropland,0.142
2018,FFt1,Fynbos,Cropland,5.1184
2018,FFt2,Fynbos,Cropland,17.7984
2018,FOa1,Forest,Cropland,31.1396
2018,FOa2,Forest,Cropland,4.326
2018,FOa3,Forest,Cropland,0.034
2018,FOz1,Forest,Cropland,11.8544
2018,FOz2,Forest,Cropland,0.0396
2018,FOz3,Forest,Cropland,0.43
2018,FOz4,Forest,Cropland,0.022
2018,FOz5,Forest,Cropland,2.9076
2018,FOz6,Forest,Cropland,20.5816
2018,FOz7,Forest,Cropland,7.044
2018,FOz8,Forest,Cropland,2.3988
2018,FOz9,Forest,Cropland,0.0016
2018,FRa1,Fynbos,Cropland,198.3852
2018,FRa2,Fynbos,Cropland,17.7144
2018,FRc1,Fynbos,Cropland,71.3404
2018,FRc2,Fynbos,Cropland,153.6408
2018,FRd1,Fynbos,Cropland,10.1608
2018,FRd2,Fynbos,Cropland,5.6828
2018,FRg1,Fynbos,Cropland,32.1776
2018,FRg2,Fynbos,Cropland,585.864
2018,FRg3,Fynbos,Cropland,0.1216
2018,FRl1,Fynbos,Cropland,36.3952
2018,FRs1,Fynbos,Cropland,3.9516
2018,FRs10,Fynbos,Cropland,0
2018,FRs11,Fynbos,Cropland,890.4844
2018,FRs12,Fynbos,Cropland,1668.63
2018,FRs13,Fynbos,Cropland,2080.8736
2018,FRs14,Fynbos,Cropland,429.4024
2018,FRs15,Fynbos,Cropland,4.6968
2018,FRs16,Fynbos,Cropland,167.8728
2018,FRs17,Fynbos,Cropland,101.6776
2018,FRs18,Fynbos,Cropland,0.0252
2018,FRs19,Fynbos,Cropland,163.1304
2018,FRs2,Fynbos,Cropland,76.2728
2018,FRs20,Fynbos,Cropland,24.0736
2018,FRs3,Fynbos,Cropland,27.0836
2018,FRs4,Fynbos,Cropland,172.45
2018,FRs5,Fynbos,Cropland,2.6364
2018,FRs6,Fynbos,Cropland,113.8324
2018,FRs7,Fynbos,Cropland,148.0572
2018,FRs8,Fynbos,Cropland,241.05
2018,FRs9,Fynbos,Cropland,3850.1456
2018,FS1,Fynbos,Cropland,52.85
2018,FS10,Fynbos,Cropland,0.1032
2018,FS11,Fynbos,Cropland,0.0024
2018,FS12,Fynbos,Cropland,0
2018,FS13,Fynbos,Cropland,8.00E-04
2018,FS14,Fynbos,Cropland,0.5468
2018,FS2,Fynbos,Cropland,160.4244
2018,FS3,Fynbos,Cropland,702.1364
2018,FS4,Fynbos,Cropland,2.7256
2018,FS5,Fynbos,Cropland,9.054
2018,FS6,Fynbos,Cropland,7.8824
2018,FS7,Fynbos,Cropland,3.532
2018,FS9,Fynbos,Cropland,7.4444
2018,Gd1,Grassland,Cropland,214.1644
2018,Gd10,Grassland,Cropland,0
2018,Gd2,Grassland,Cropland,0.8968
2018,Gd3,Grassland,Cropland,334.1852
2018,Gd4,Grassland,Cropland,336.2788
2018,Gd5,Grassland,Cropland,22.1784
2018,Gd6,Grassland,Cropland,0
2018,Gd7,Grassland,Cropland,0.0684
2018,Gd8,Grassland,Cropland,30.5648
2018,Gh1,Grassland,Cropland,93.4548
2018,Gh10,Grassland,Cropland,17007.5756
2018,Gh11,Grassland,Cropland,354.1328
2018,Gh12,Grassland,Cropland,10.0156
2018,Gh13,Grassland,Cropland,956.8524
2018,Gh14,Grassland,Cropland,4158.0328
2018,Gh15,Grassland,Cropland,1388.3544
2018,Gh2,Grassland,Cropland,953.0428
2018,Gh3,Grassland,Cropland,408.9528
2018,Gh4,Grassland,Cropland,112.8416
2018,Gh5,Grassland,Cropland,1716.1372
2018,Gh6,Grassland,Cropland,3931.8008
2018,Gh7,Grassland,Cropland,113.3508
2018,Gh8,Grassland,Cropland,5.2272
2018,Gh9,Grassland,Cropland,1182.732
2018,Gm1,Grassland,Cropland,660.8868
2018,Gm10,Grassland,Cropland,47.6576
2018,Gm11,Grassland,Cropland,3680.1484
2018,Gm12,Grassland,Cropland,4236.934
2018,Gm13,Grassland,Cropland,1067.3432
2018,Gm14,Grassland,Cropland,344.122
2018,Gm15,Grassland,Cropland,403.158
2018,Gm16,Grassland,Cropland,359.6812
2018,Gm17,Grassland,Cropland,2.7836
2018,Gm19,Grassland,Cropland,264.9248
2018,Gm2,Grassland,Cropland,26.2708
2018,Gm20,Grassland,Cropland,0.292
2018,Gm21,Grassland,Cropland,159.6544
2018,Gm22,Grassland,Cropland,26.7616
2018,Gm23,Grassland,Cropland,8.692
2018,Gm24,Grassland,Cropland,0
2018,Gm25,Grassland,Cropland,13.7368
2018,Gm26,Grassland,Cropland,0.0444
2018,Gm27,Grassland,Cropland,0.4284
2018,Gm28,Grassland,Cropland,0.18
2018,Gm29,Grassland,Cropland,6.938
2018,Gm3,Grassland,Cropland,6711.4504
2018,Gm30,Grassland,Cropland,175.6068
2018,Gm31,Grassland,Cropland,7.0088
2018,Gm4,Grassland,Cropland,3577.0544
2018,Gm5,Grassland,Cropland,136.63
2018,Gm6,Grassland,Cropland,3234.5832
2018,Gm7,Grassland,Cropland,1.186
2018,Gm8,Grassland,Cropland,5207.8204
2018,Gm9,Grassland,Cropland,331.0016
2018,Gs1,Grassland,Cropland,25.6912
2018,Gs10,Grassland,Cropland,1088.1776
2018,Gs11,Grassland,Cropland,337.6548
2018,Gs12,Grassland,Cropland,1855.578
2018,Gs13,Grassland,Cropland,162.1376
2018,Gs14,Grassland,Cropland,1409.3676
2018,Gs15,Grassland,Cropland,1277.034
2018,Gs16,Grassland,Cropland,265.5072
2018,Gs17,Grassland,Cropland,27.2644
2018,Gs18,Grassland,Cropland,9.068
2018,Gs19,Grassland,Cropland,541.0764
2018,Gs2,Grassland,Cropland,48.3244
2018,Gs20,Grassland,Cropland,1079.3184
2018,Gs3,Grassland,Cropland,26.3744
2018,Gs4,Grassland,Cropland,1232.9972
2018,Gs6,Grassland,Cropland,668.0692
2018,Gs7,Grassland,Cropland,854.058
2018,Gs8,Grassland,Cropland,485.8392
2018,Gs9,Grassland,Cropland,963.3628
2018,NKb1,Nama-Karoo,Cropland,20.4176
2018,NKb2,Nama-Karoo,Cropland,4.9684
2018,NKb3,Nama-Karoo,Cropland,106.3824
2018,NKb4,Nama-Karoo,Cropland,0.226
2018,NKb5,Nama-Karoo,Cropland,11.1704
2018,NKb6,Nama-Karoo,Cropland,44.8424
2018,NKl1,Nama-Karoo,Cropland,18.7236
2018,NKl2,Nama-Karoo,Cropland,43.9556
2018,NKl4,Nama-Karoo,Cropland,43.544
2018,NKu1,Nama-Karoo,Cropland,27.7164
2018,NKu2,Nama-Karoo,Cropland,2.7212
2018,NKu3,Nama-Karoo,Cropland,1291.3364
2018,NKu4,Nama-Karoo,Cropland,539.498
2018,NOTVEG,NOTVEG,Cropland,14.2848
2018,SKk1,Succulent Karoo,Cropland,0.0356
2018,SKk2,Succulent Karoo,Cropland,0
2018,SKk3,Succulent Karoo,Cropland,7.756
2018,SKk4,Succulent Karoo,Cropland,0.4268
2018,SKk5,Succulent Karoo,Cropland,105.2052
2018,SKk6,Succulent Karoo,Cropland,0.7748
2018,SKk7,Succulent Karoo,Cropland,23.8528
2018,SKk8,Succulent Karoo,Cropland,1.856
2018,SKk9,Succulent Karoo,Cropland,0.5008
2018,SKn1,Succulent Karoo,Cropland,47.898
2018,SKn2,Succulent Karoo,Cropland,0.8096
2018,SKn3,Succulent Karoo,Cropland,57.8116
2018,SKn4,Succulent Karoo,Cropland,240.6184
2018,SKn5,Succulent Karoo,Cropland,0.1888
2018,SKn6,Succulent Karoo,Cropland,2.6992
2018,SKn7,Succulent Karoo,Cropland,60.2856
2018,SKr1,Succulent Karoo,Cropland,0
2018,SKr10,Succulent Karoo,Cropland,0
2018,SKr11,Succulent Karoo,Cropland,0
2018,SKr12,Succulent Karoo,Cropland,0
2018,SKr13,Succulent Karoo,Cropland,0
2018,SKr14,Succulent Karoo,Cropland,0
2018,SKr15,Succulent Karoo,Cropland,6.142
2018,SKr16,Succulent Karoo,Cropland,0
2018,SKr17,Succulent Karoo,Cropland,0
2018,SKr18,Succulent Karoo,Cropland,0.0012
2018,SKr19,Succulent Karoo,Cropland,0.0028
2018,SKr2,Succulent Karoo,Cropland,0
2018,SKr3,Succulent Karoo,Cropland,0
2018,SKr4,Succulent Karoo,Cropland,0
2018,SKr5,Succulent Karoo,Cropland,0
2018,SKr6,Succulent Karoo,Cropland,0
2018,SKr7,Succulent Karoo,Cropland,0
2018,SKr8,Succulent Karoo,Cropland,0
2018,SKr9,Succulent Karoo,Cropland,0
2018,SKs1,Succulent Karoo,Cropland,0
2018,SKs10,Succulent Karoo,Cropland,0
2018,SKs11,Succulent Karoo,Cropland,0
2018,SKs12,Succulent Karoo,Cropland,13.4708
2018,SKs13,Succulent Karoo,Cropland,64.3204
2018,SKs14,Succulent Karoo,Cropland,143.31
2018,SKs2,Succulent Karoo,Cropland,0
2018,SKs3,Succulent Karoo,Cropland,0
2018,SKs4,Succulent Karoo,Cropland,0
2018,SKs5,Succulent Karoo,Cropland,0
2018,SKs6,Succulent Karoo,Cropland,0
2018,SKs7,Succulent Karoo,Cropland,334.8704
2018,SKs8,Succulent Karoo,Cropland,0.0028
2018,SKs9,Succulent Karoo,Cropland,4.8612
2018,SKt1,Succulent Karoo,Cropland,0
2018,SKt2,Succulent Karoo,Cropland,139.7132
2018,SKt3,Succulent Karoo,Cropland,46.59
2018,SKv1,Succulent Karoo,Cropland,49.8944
2018,SKv10,Succulent Karoo,Cropland,5.4628
2018,SKv11,Succulent Karoo,Cropland,106.8308
2018,SKv13,Succulent Karoo,Cropland,9.882
2018,SKv14,Succulent Karoo,Cropland,4.3452
2018,SKv2,Succulent Karoo,Cropland,0.2188
2018,SKv3,Succulent Karoo,Cropland,12.2696
2018,SKv4,Succulent Karoo,Cropland,0.3976
2018,SKv5,Succulent Karoo,Cropland,18.6736
2018,SKv6,Succulent Karoo,Cropland,8.0424
2018,SKv7,Succulent Karoo,Cropland,83.8396
2018,SKv8,Succulent Karoo,Cropland,83.3812
2018,SVcb1,Savanna,Cropland,674.6548
2018,SVcb10,Savanna,Cropland,169.672
2018,SVcb11,Savanna,Cropland,329.9304
2018,SVcb12,Savanna,Cropland,2355.888
2018,SVcb13,Savanna,Cropland,24.1068
2018,SVcb14,Savanna,Cropland,105.3964
2018,SVcb15,Savanna,Cropland,2538.8744
2018,SVcb16,Savanna,Cropland,569.8676
2018,SVcb17,Savanna,Cropland,229.7244
2018,SVcb18,Savanna,Cropland,496.3424
2018,SVcb19,Savanna,Cropland,595.0104
2018,SVcb2,Savanna,Cropland,5.424
2018,SVcb20,Savanna,Cropland,1461.858
2018,SVcb21,Savanna,Cropland,199.0712
2018,SVcb22,Savanna,Cropland,0
2018,SVcb23,Savanna,Cropland,661.5804
2018,SVcb24,Savanna,Cropland,8.5736
2018,SVcb25,Savanna,Cropland,24.6668
2018,SVcb26,Savanna,Cropland,111.7332
2018,SVcb27,Savanna,Cropland,515.584
2018,SVcb28,Savanna,Cropland,188.5228
2018,SVcb29,Savanna,Cropland,3.2404
2018,SVcb3,Savanna,Cropland,141.762
2018,SVcb4,Savanna,Cropland,140.3048
2018,SVcb5,Savanna,Cropland,0
2018,SVcb6,Savanna,Cropland,349.258
2018,SVcb7,Savanna,Cropland,11.424
2018,SVcb8,Savanna,Cropland,320.1348
2018,SVcb9,Savanna,Cropland,142.8452
2018,SVk1,Savanna,Cropland,2073.4432
2018,SVk10,Savanna,Cropland,90.6312
2018,SVk11,Savanna,Cropland,22.9668
2018,SVk12,Savanna,Cropland,1.4028
2018,SVk13,Savanna,Cropland,4.8848
2018,SVk14,Savanna,Cropland,1.132
2018,SVk15,Savanna,Cropland,0
2018,SVk16,Savanna,Cropland,0.0104
2018,SVk17,Savanna,Cropland,2116.8312
2018,SVk18,Savanna,Cropland,3.1288
2018,SVk2,Savanna,Cropland,549.9204
2018,SVk3,Savanna,Cropland,564.6144
2018,SVk4,Savanna,Cropland,2968.8512
2018,SVk5,Savanna,Cropland,11.176
2018,SVk6,Savanna,Cropland,598.4556
2018,SVk7,Savanna,Cropland,39.55
2018,SVk8,Savanna,Cropland,19.6816
2018,SVk9,Savanna,Cropland,3.5024
2018,SVkd1,Savanna,Cropland,9.606
2018,SVkd2,Savanna,Cropland,0
2018,SVkd3,Savanna,Cropland,0
2018,SVkd4,Savanna,Cropland,0
2018,SVl1,Savanna,Cropland,139.006
2018,SVl10,Savanna,Cropland,85.2644
2018,SVl11,Savanna,Cropland,1.8184
2018,SVl12,Savanna,Cropland,30.144
2018,SVl13,Savanna,Cropland,8.7576
2018,SVl14,Savanna,Cropland,93.1176
2018,SVl15,Savanna,Cropland,0
2018,SVl16,Savanna,Cropland,34.7792
2018,SVl17,Savanna,Cropland,18.1516
2018,SVl18,Savanna,Cropland,40.8664
2018,SVl19,Savanna,Cropland,5.5684
2018,SVl2,Savanna,Cropland,0
2018,SVl20,Savanna,Cropland,333.1788
2018,SVl21,Savanna,Cropland,17.1108
2018,SVl22,Savanna,Cropland,355.8168
2018,SVl23,Savanna,Cropland,858.53
2018,SVl24,Savanna,Cropland,152.3852
2018,SVl25,Savanna,Cropland,17.8848
2018,SVl26,Savanna,Cropland,14.3112
2018,SVl27,Savanna,Cropland,20.3384
2018,SVl3,Savanna,Cropland,1209.648
2018,SVl4,Savanna,Cropland,142.4748
2018,SVl5,Savanna,Cropland,263.9448
2018,SVl6,Savanna,Cropland,0.1008
2018,SVl7,Savanna,Cropland,3.5028
2018,SVl8,Savanna,Cropland,484.9816
2018,SVl9,Savanna,Cropland,364.3736
2018,SVmp1,Savanna,Cropland,280.3308
2018,SVmp2,Savanna,Cropland,18.9756
2018,SVmp3,Savanna,Cropland,0
2018,SVmp4,Savanna,Cropland,0
2018,SVmp5,Savanna,Cropland,210.1652
2018,SVmp6,Savanna,Cropland,201.2016
2018,SVmp7,Savanna,Cropland,32.0712
2018,SVmp8,Savanna,Cropland,0
2018,SVs1,Savanna,Cropland,159.0364
2018,SVs2,Savanna,Cropland,95.8564
2018,SVs3,Savanna,Cropland,110.3844
2018,SVs4,Savanna,Cropland,159.8844
2018,SVs5,Savanna,Cropland,595.126
2018,SVs6,Savanna,Cropland,699.7104
2018,SVs7,Savanna,Cropland,1002.346
2018,SVs8,Savanna,Cropland,318.9644
2020,AT15,Albany Thicket,Cropland,0
2020,AT16,Albany Thicket,Cropland,0.38
2020,AT17,Albany Thicket,Cropland,97.2648
2020,AT18,Albany Thicket,Cropland,90.4376
2020,AT19,Albany Thicket,Cropland,5.7036
2020,AT20,Albany Thicket,Cropland,0
2020,AT21,Albany Thicket,Cropland,30.0048
2020,AT22,Albany Thicket,Cropland,43.9784
2020,AT23,Albany Thicket,Cropland,11.0496
2020,AT24,Albany Thicket,Cropland,150.712
2020,AT25,Albany Thicket,Cropland,3.0944
2020,AT26,Albany Thicket,Cropland,7.6456
2020,AT27,Albany Thicket,Cropland,2.5492
2020,AT28,Albany Thicket,Cropland,35.9308
2020,AT29,Albany Thicket,Cropland,4.228
2020,AT30,Albany Thicket,Cropland,26.4416
2020,AT31,Albany Thicket,Cropland,6.6248
2020,AT32,Albany Thicket,Cropland,65.236
2020,AT33,Albany Thicket,Cropland,3.1204
2020,AT34,Albany Thicket,Cropland,3.546
2020,AT35,Albany Thicket,Cropland,7.2048
2020,AT36,Albany Thicket,Cropland,2.1296
2020,AT37,Albany Thicket,Cropland,52.0052
2020,AT38,Albany Thicket,Cropland,293.2456
2020,AT39,Albany Thicket,Cropland,8.1476
2020,AT40,Albany Thicket,Cropland,43.8452
2020,AT41,Albany Thicket,Cropland,63.242
2020,AT42,Albany Thicket,Cropland,2.336
2020,AT43,Albany Thicket,Cropland,8.4084
2020,AT44,Albany Thicket,Cropland,6.4072
2020,AT45,Albany Thicket,Cropland,179.5908
2020,AT46,Albany Thicket,Cropland,7.6952
2020,AT47,Albany Thicket,Cropland,8.4844
2020,AT48,Albany Thicket,Cropland,2.0616
2020,AT49,Albany Thicket,Cropland,32.3504
2020,AT50,Albany Thicket,Cropland,25.3276
2020,AT51,Albany Thicket,Cropland,159.0944
2020,AT52,Albany Thicket,Cropland,9.114
2020,AT53,Albany Thicket,Cropland,0.5772
2020,AT54,Albany Thicket,Cropland,1.426
2020,AT55,Albany Thicket,Cropland,7.2928
2020,AT56,Albany Thicket,Cropland,91.5884
2020,AT57,Albany Thicket,Cropland,7.4796
2020,AT58,Albany Thicket,Cropland,9.824
2020,AZa1,Azonal,Cropland,0.0692
2020,AZa2,Azonal,Cropland,174.8484
2020,AZa3,Azonal,Cropland,259.4408
2020,AZa4,Azonal,Cropland,405.744
2020,AZa5,Azonal,Cropland,527.948
2020,AZa6,Azonal,Cropland,256.2308
2020,AZa7,Azonal,Cropland,283.9808
2020,AZd1,Azonal,Cropland,0
2020,AZd2,Azonal,Cropland,0
2020,AZd3,Azonal,Cropland,0
2020,AZd4,Azonal,Cropland,0
2020,AZi1,Azonal,Cropland,90.4516
2020,AZi3,Azonal,Cropland,0.1148
2020,AZi5,Azonal,Cropland,174.612
2020,AZi6,Azonal,Cropland,428.9836
2020,AZi7,Azonal,Cropland,43.276
2020,AZi8,Azonal,Cropland,210.2216
2020,AZs3,Azonal,Cropland,8.00E-04
2020,CB1,IOCB,Cropland,197.474
2020,CB2,IOCB,Cropland,10.918
2020,CB3,IOCB,Cropland,1468.6324
2020,CB4,IOCB,Cropland,242.0812
2020,CB5,IOCB,Cropland,135.0676
2020,CB6,IOCB,Cropland,99.2608
2020,Dg1,Desert,Cropland,0
2020,Dg10,Desert,Cropland,2.1392
2020,Dg2,Desert,Cropland,0
2020,Dg3,Desert,Cropland,0
2020,Dg4,Desert,Cropland,0
2020,Dg5,Desert,Cropland,0
2020,Dg6,Desert,Cropland,0
2020,Dg7,Desert,Cropland,0.4576
2020,Dg8,Desert,Cropland,0
2020,Dg9,Desert,Cropland,5.1104
2020,Dn1,Desert,Cropland,0
2020,Dn2,Desert,Cropland,0
2020,Dn3,Desert,Cropland,0
2020,Dn4,Desert,Cropland,0.9208
2020,Dn5,Desert,Cropland,0
2020,FFa1,Fynbos,Cropland,95.7924
2020,FFa2,Fynbos,Cropland,236.2888
2020,FFa3,Fynbos,Cropland,197.0564
2020,FFa4,Fynbos,Cropland,4.9268
2020,FFb1,Fynbos,Cropland,10.766
2020,FFb2,Fynbos,Cropland,0.8176
2020,FFb3,Fynbos,Cropland,0.058
2020,FFb4,Fynbos,Cropland,4.416
2020,FFb5,Fynbos,Cropland,6.9652
2020,FFb6,Fynbos,Cropland,24.9944
2020,FFc1,Fynbos,Cropland,347.8976
2020,FFd1,Fynbos,Cropland,68.5028
2020,FFd10,Fynbos,Cropland,5.3676
2020,FFd11,Fynbos,Cropland,12.7996
2020,FFd2,Fynbos,Cropland,938.4936
2020,FFd3,Fynbos,Cropland,201.9012
2020,FFd4,Fynbos,Cropland,179.1104
2020,FFd5,Fynbos,Cropland,63.2956
2020,FFd6,Fynbos,Cropland,0.6328
2020,FFd7,Fynbos,Cropland,102.1364
2020,FFd8,Fynbos,Cropland,8.7448
2020,FFd9,Fynbos,Cropland,163.4784
2020,FFf1,Fynbos,Cropland,345.6536
2020,FFf2,Fynbos,Cropland,12.0544
2020,FFg1,Fynbos,Cropland,0.5044
2020,FFg2,Fynbos,Cropland,85.2184
2020,FFg3,Fynbos,Cropland,4.1128
2020,FFg4,Fynbos,Cropland,1.64
2020,FFg5,Fynbos,Cropland,188.4664
2020,FFh1,Fynbos,Cropland,148.0428
2020,FFh10,Fynbos,Cropland,2.068
2020,FFh11,Fynbos,Cropland,0
2020,FFh2,Fynbos,Cropland,1.7944
2020,FFh3,Fynbos,Cropland,3.6424
2020,FFh4,Fynbos,Cropland,69.7872
2020,FFh5,Fynbos,Cropland,11.078
2020,FFh6,Fynbos,Cropland,116.124
2020,FFh7,Fynbos,Cropland,91.784
2020,FFh8,Fynbos,Cropland,14.9396
2020,FFh9,Fynbos,Cropland,134.0764
2020,FFl1,Fynbos,Cropland,11.1568
2020,FFl2,Fynbos,Cropland,15.224
2020,FFl3,Fynbos,Cropland,130.1688
2020,FFq1,Fynbos,Cropland,0
2020,FFq2,Fynbos,Cropland,10.4272
2020,FFq3,Fynbos,Cropland,4.8116
2020,FFq4,Fynbos,Cropland,2.9704
2020,FFq5,Fynbos,Cropland,0.0132
2020,FFq6,Fynbos,Cropland,3.7968
2020,FFs1,Fynbos,Cropland,147.2592
2020,FFs10,Fynbos,Cropland,8.4576
2020,FFs11,Fynbos,Cropland,22.304
2020,FFs12,Fynbos,Cropland,46.6332
2020,FFs13,Fynbos,Cropland,5.6196
2020,FFs14,Fynbos,Cropland,9.7388
2020,FFs15,Fynbos,Cropland,45.1924
2020,FFs16,Fynbos,Cropland,6.8312
2020,FFs17,Fynbos,Cropland,2.2528
2020,FFs18,Fynbos,Cropland,80.6304
2020,FFs19,Fynbos,Cropland,74.9268
2020,FFs2,Fynbos,Cropland,297.46
2020,FFs20,Fynbos,Cropland,395.2708
2020,FFs21,Fynbos,Cropland,0.1024
2020,FFs22,Fynbos,Cropland,0.356
2020,FFs23,Fynbos,Cropland,1.8268
2020,FFs24,Fynbos,Cropland,0.562
2020,FFs25,Fynbos,Cropland,0.0732
2020,FFs26,Fynbos,Cropland,10.9256
2020,FFs27,Fynbos,Cropland,70.092
2020,FFs28,Fynbos,Cropland,186.0984
2020,FFs29,Fynbos,Cropland,36.7876
2020,FFs3,Fynbos,Cropland,11.9568
2020,FFs30,Fynbos,Cropland,0
2020,FFs31,Fynbos,Cropland,0
2020,FFs32,Fynbos,Cropland,135.9552
2020,FFs4,Fynbos,Cropland,181.882
2020,FFs5,Fynbos,Cropland,34.264
2020,FFs6,Fynbos,Cropland,29.8956
2020,FFs7,Fynbos,Cropland,14.798
2020,FFs8,Fynbos,Cropland,2.172
2020,FFs9,Fynbos,Cropland,0.1496
2020,FFt1,Fynbos,Cropland,5.2464
2020,FFt2,Fynbos,Cropland,18.9136
2020,FOa1,Forest,Cropland,31.7068
2020,FOa2,Forest,Cropland,4.458
2020,FOa3,Forest,Cropland,0.0356
2020,FOz1,Forest,Cropland,12.2696
2020,FOz2,Forest,Cropland,0.0476
2020,FOz3,Forest,Cropland,0.4508
2020,FOz4,Forest,Cropland,0.1072
2020,FOz5,Forest,Cropland,3.1148
2020,FOz6,Forest,Cropland,21.0516
2020,FOz7,Forest,Cropland,7.1632
2020,FOz8,Forest,Cropland,2.5396
2020,FOz9,Forest,Cropland,0.002
2020,FRa1,Fynbos,Cropland,205.482
2020,FRa2,Fynbos,Cropland,17.9216
2020,FRc1,Fynbos,Cropland,71.9916
2020,FRc2,Fynbos,Cropland,154.9512
2020,FRd1,Fynbos,Cropland,10.3924
2020,FRd2,Fynbos,Cropland,5.7312
2020,FRg1,Fynbos,Cropland,33.4188
2020,FRg2,Fynbos,Cropland,597.0752
2020,FRg3,Fynbos,Cropland,0.1264
2020,FRl1,Fynbos,Cropland,37.3524
2020,FRs1,Fynbos,Cropland,4.1412
2020,FRs10,Fynbos,Cropland,0
2020,FRs11,Fynbos,Cropland,899.1216
2020,FRs12,Fynbos,Cropland,1681.8012
2020,FRs13,Fynbos,Cropland,2102.066
2020,FRs14,Fynbos,Cropland,435.7156
2020,FRs15,Fynbos,Cropland,4.8252
2020,FRs16,Fynbos,Cropland,170.3768
2020,FRs17,Fynbos,Cropland,103.4516
2020,FRs18,Fynbos,Cropland,0.0264
2020,FRs19,Fynbos,Cropland,168.3756
2020,FRs2,Fynbos,Cropland,76.9508
2020,FRs20,Fynbos,Cropland,24.6892
2020,FRs3,Fynbos,Cropland,27.5712
2020,FRs4,Fynbos,Cropland,176.1496
2020,FRs5,Fynbos,Cropland,2.668
2020,FRs6,Fynbos,Cropland,115.6928
2020,FRs7,Fynbos,Cropland,151.0184
2020,FRs8,Fynbos,Cropland,245.6504
2020,FRs9,Fynbos,Cropland,3888.1288
2020,FS1,Fynbos,Cropland,53.758
2020,FS10,Fynbos,Cropland,0.1048
2020,FS11,Fynbos,Cropland,0.0028
2020,FS12,Fynbos,Cropland,0
2020,FS13,Fynbos,Cropland,8.00E-04
2020,FS14,Fynbos,Cropland,0.562
2020,FS2,Fynbos,Cropland,161.7356
2020,FS3,Fynbos,Cropland,707.8292
2020,FS4,Fynbos,Cropland,2.7944
2020,FS5,Fynbos,Cropland,9.1392
2020,FS6,Fynbos,Cropland,8.0784
2020,FS7,Fynbos,Cropland,3.5992
2020,FS9,Fynbos,Cropland,7.5708
2020,Gd1,Grassland,Cropland,218.9556
2020,Gd10,Grassland,Cropland,0
2020,Gd2,Grassland,Cropland,0.9544
2020,Gd3,Grassland,Cropland,344.466
2020,Gd4,Grassland,Cropland,348.4004
2020,Gd5,Grassland,Cropland,22.9292
2020,Gd6,Grassland,Cropland,0
2020,Gd7,Grassland,Cropland,0.0692
2020,Gd8,Grassland,Cropland,31.9088
2020,Gh1,Grassland,Cropland,97.7692
2020,Gh10,Grassland,Cropland,17342.6544
2020,Gh11,Grassland,Cropland,363.3452
2020,Gh12,Grassland,Cropland,11.094
2020,Gh13,Grassland,Cropland,996.8484
2020,Gh14,Grassland,Cropland,4240.56
2020,Gh15,Grassland,Cropland,1452.1984
2020,Gh2,Grassland,Cropland,982.8136
2020,Gh3,Grassland,Cropland,428.7588
2020,Gh4,Grassland,Cropland,117.1044
2020,Gh5,Grassland,Cropland,1749.0496
2020,Gh6,Grassland,Cropland,4040.5564
2020,Gh7,Grassland,Cropland,117.4328
2020,Gh8,Grassland,Cropland,5.3832
2020,Gh9,Grassland,Cropland,1211.9808
2020,Gm1,Grassland,Cropland,676.5124
2020,Gm10,Grassland,Cropland,51.032
2020,Gm11,Grassland,Cropland,3820.8432
2020,Gm12,Grassland,Cropland,4364.0616
2020,Gm13,Grassland,Cropland,1109.0592
2020,Gm14,Grassland,Cropland,375.1872
2020,Gm15,Grassland,Cropland,425.7116
2020,Gm16,Grassland,Cropland,376.6376
2020,Gm17,Grassland,Cropland,2.8992
2020,Gm19,Grassland,Cropland,288.5752
2020,Gm2,Grassland,Cropland,27.0032
2020,Gm20,Grassland,Cropland,1.2792
2020,Gm21,Grassland,Cropland,174.464
2020,Gm22,Grassland,Cropland,27.6932
2020,Gm23,Grassland,Cropland,8.3928
2020,Gm24,Grassland,Cropland,0
2020,Gm25,Grassland,Cropland,25.256
2020,Gm26,Grassland,Cropland,0.748
2020,Gm27,Grassland,Cropland,0.6664
2020,Gm28,Grassland,Cropland,0.1836
2020,Gm29,Grassland,Cropland,8.8888
2020,Gm3,Grassland,Cropland,6867.0436
2020,Gm30,Grassland,Cropland,183.3972
2020,Gm31,Grassland,Cropland,7.2432
2020,Gm4,Grassland,Cropland,3665.4108
2020,Gm5,Grassland,Cropland,140.868
2020,Gm6,Grassland,Cropland,3327.8672
2020,Gm7,Grassland,Cropland,1.254
2020,Gm8,Grassland,Cropland,5381.1064
2020,Gm9,Grassland,Cropland,342.1716
2020,Gs1,Grassland,Cropland,26.7968
2020,Gs10,Grassland,Cropland,1106.6152
2020,Gs11,Grassland,Cropland,339.9028
2020,Gs12,Grassland,Cropland,1881.2508
2020,Gs13,Grassland,Cropland,222.5604
2020,Gs14,Grassland,Cropland,1421.2212
2020,Gs15,Grassland,Cropland,1297.1668
2020,Gs16,Grassland,Cropland,271.0572
2020,Gs17,Grassland,Cropland,28.77
2020,Gs18,Grassland,Cropland,9.59
2020,Gs19,Grassland,Cropland,545.1764
2020,Gs2,Grassland,Cropland,49.5336
2020,Gs20,Grassland,Cropland,1084.3912
2020,Gs3,Grassland,Cropland,28.7324
2020,Gs4,Grassland,Cropland,1287.4452
2020,Gs6,Grassland,Cropland,686.9464
2020,Gs7,Grassland,Cropland,874.2704
2020,Gs8,Grassland,Cropland,500.066
2020,Gs9,Grassland,Cropland,975.7536
2020,NKb1,Nama-Karoo,Cropland,21.3184
2020,NKb2,Nama-Karoo,Cropland,5.0092
2020,NKb3,Nama-Karoo,Cropland,112.3512
2020,NKb4,Nama-Karoo,Cropland,0.2404
2020,NKb5,Nama-Karoo,Cropland,11.846
2020,NKb6,Nama-Karoo,Cropland,46.3256
2020,NKl1,Nama-Karoo,Cropland,19.754
2020,NKl2,Nama-Karoo,Cropland,45.2328
2020,NKl4,Nama-Karoo,Cropland,44.5452
2020,NKu1,Nama-Karoo,Cropland,28.2368
2020,NKu2,Nama-Karoo,Cropland,2.8908
2020,NKu3,Nama-Karoo,Cropland,1322.6408
2020,NKu4,Nama-Karoo,Cropland,562.3652
2020,NOTVEG,NOTVEG,Cropland,14.604
2020,SKk1,Succulent Karoo,Cropland,0.0376
2020,SKk2,Succulent Karoo,Cropland,0
2020,SKk3,Succulent Karoo,Cropland,8.0184
2020,SKk4,Succulent Karoo,Cropland,0.4388
2020,SKk5,Succulent Karoo,Cropland,106.7156
2020,SKk6,Succulent Karoo,Cropland,0.796
2020,SKk7,Succulent Karoo,Cropland,25.4528
2020,SKk8,Succulent Karoo,Cropland,1.8748
2020,SKk9,Succulent Karoo,Cropland,0.5156
2020,SKn1,Succulent Karoo,Cropland,49.7428
2020,SKn2,Succulent Karoo,Cropland,0.8304
2020,SKn3,Succulent Karoo,Cropland,60.0844
2020,SKn4,Succulent Karoo,Cropland,244.7164
2020,SKn5,Succulent Karoo,Cropland,0.1976
2020,SKn6,Succulent Karoo,Cropland,2.8048
2020,SKn7,Succulent Karoo,Cropland,61.3396
2020,SKr1,Succulent Karoo,Cropland,0
2020,SKr10,Succulent Karoo,Cropland,0
2020,SKr11,Succulent Karoo,Cropland,0
2020,SKr12,Succulent Karoo,Cropland,0
2020,SKr13,Succulent Karoo,Cropland,0
2020,SKr14,Succulent Karoo,Cropland,0
2020,SKr15,Succulent Karoo,Cropland,6.4272
2020,SKr16,Succulent Karoo,Cropland,0
2020,SKr17,Succulent Karoo,Cropland,0
2020,SKr18,Succulent Karoo,Cropland,0.002
2020,SKr19,Succulent Karoo,Cropland,0.0032
2020,SKr2,Succulent Karoo,Cropland,0
2020,SKr3,Succulent Karoo,Cropland,0
2020,SKr4,Succulent Karoo,Cropland,0
2020,SKr5,Succulent Karoo,Cropland,0
2020,SKr6,Succulent Karoo,Cropland,0
2020,SKr7,Succulent Karoo,Cropland,0
2020,SKr8,Succulent Karoo,Cropland,0
2020,SKr9,Succulent Karoo,Cropland,0
2020,SKs1,Succulent Karoo,Cropland,0
2020,SKs10,Succulent Karoo,Cropland,0
2020,SKs11,Succulent Karoo,Cropland,0
2020,SKs12,Succulent Karoo,Cropland,13.7192
2020,SKs13,Succulent Karoo,Cropland,67.0892
2020,SKs14,Succulent Karoo,Cropland,144.2692
2020,SKs2,Succulent Karoo,Cropland,0
2020,SKs3,Succulent Karoo,Cropland,0
2020,SKs4,Succulent Karoo,Cropland,0
2020,SKs5,Succulent Karoo,Cropland,0
2020,SKs6,Succulent Karoo,Cropland,0
2020,SKs7,Succulent Karoo,Cropland,339.0836
2020,SKs8,Succulent Karoo,Cropland,0.0028
2020,SKs9,Succulent Karoo,Cropland,5.2072
2020,SKt1,Succulent Karoo,Cropland,0
2020,SKt2,Succulent Karoo,Cropland,140.9384
2020,SKt3,Succulent Karoo,Cropland,47.43
2020,SKv1,Succulent Karoo,Cropland,48.8444
2020,SKv10,Succulent Karoo,Cropland,5.5592
2020,SKv11,Succulent Karoo,Cropland,108.6168
2020,SKv13,Succulent Karoo,Cropland,10.146
2020,SKv14,Succulent Karoo,Cropland,4.5104
2020,SKv2,Succulent Karoo,Cropland,0.2228
2020,SKv3,Succulent Karoo,Cropland,12.4624
2020,SKv4,Succulent Karoo,Cropland,0.4044
2020,SKv5,Succulent Karoo,Cropland,19.5196
2020,SKv6,Succulent Karoo,Cropland,8.5096
2020,SKv7,Succulent Karoo,Cropland,86.7452
2020,SKv8,Succulent Karoo,Cropland,85.9008
2020,SVcb1,Savanna,Cropland,767.3448
2020,SVcb10,Savanna,Cropland,178.2348
2020,SVcb11,Savanna,Cropland,343.4804
2020,SVcb12,Savanna,Cropland,2621.0488
2020,SVcb13,Savanna,Cropland,25.9272
2020,SVcb14,Savanna,Cropland,121.796
2020,SVcb15,Savanna,Cropland,2693.8784
2020,SVcb16,Savanna,Cropland,630.8548
2020,SVcb17,Savanna,Cropland,257.9728
2020,SVcb18,Savanna,Cropland,588.4468
2020,SVcb19,Savanna,Cropland,757.0008
2020,SVcb2,Savanna,Cropland,6.188
2020,SVcb20,Savanna,Cropland,1438.9192
2020,SVcb21,Savanna,Cropland,153.436
2020,SVcb22,Savanna,Cropland,0
2020,SVcb23,Savanna,Cropland,767.1404
2020,SVcb24,Savanna,Cropland,13.4852
2020,SVcb25,Savanna,Cropland,21.5348
2020,SVcb26,Savanna,Cropland,114.9456
2020,SVcb27,Savanna,Cropland,466.6252
2020,SVcb28,Savanna,Cropland,176.9156
2020,SVcb29,Savanna,Cropland,3.3612
2020,SVcb3,Savanna,Cropland,149.5324
2020,SVcb4,Savanna,Cropland,147.8356
2020,SVcb5,Savanna,Cropland,0
2020,SVcb6,Savanna,Cropland,361.7304
2020,SVcb7,Savanna,Cropland,12.2764
2020,SVcb8,Savanna,Cropland,336.7056
2020,SVcb9,Savanna,Cropland,151.866
2020,SVk1,Savanna,Cropland,2110.696
2020,SVk10,Savanna,Cropland,92.8768
2020,SVk11,Savanna,Cropland,23.5848
2020,SVk12,Savanna,Cropland,1.5408
2020,SVk13,Savanna,Cropland,6.0188
2020,SVk14,Savanna,Cropland,1.1684
2020,SVk15,Savanna,Cropland,0
2020,SVk16,Savanna,Cropland,0.0104
2020,SVk17,Savanna,Cropland,2157.1088
2020,SVk18,Savanna,Cropland,3.3648
2020,SVk2,Savanna,Cropland,563.8496
2020,SVk3,Savanna,Cropland,576.994
2020,SVk4,Savanna,Cropland,3037.2352
2020,SVk5,Savanna,Cropland,11.4504
2020,SVk6,Savanna,Cropland,614.1664
2020,SVk7,Savanna,Cropland,41.4168
2020,SVk8,Savanna,Cropland,20.3408
2020,SVk9,Savanna,Cropland,3.4692
2020,SVkd1,Savanna,Cropland,9.8
2020,SVkd2,Savanna,Cropland,0
2020,SVkd3,Savanna,Cropland,0
2020,SVkd4,Savanna,Cropland,0
2020,SVl1,Savanna,Cropland,77.2788
2020,SVl10,Savanna,Cropland,79.4264
2020,SVl11,Savanna,Cropland,3.1084
2020,SVl12,Savanna,Cropland,31.2968
2020,SVl13,Savanna,Cropland,9.2808
2020,SVl14,Savanna,Cropland,101.12
2020,SVl15,Savanna,Cropland,0
2020,SVl16,Savanna,Cropland,36.2788
2020,SVl17,Savanna,Cropland,18.8064
2020,SVl18,Savanna,Cropland,42.4876
2020,SVl19,Savanna,Cropland,5.8692
2020,SVl2,Savanna,Cropland,0
2020,SVl20,Savanna,Cropland,345.3612
2020,SVl21,Savanna,Cropland,17.986
2020,SVl22,Savanna,Cropland,363.7896
2020,SVl23,Savanna,Cropland,892.0564
2020,SVl24,Savanna,Cropland,156.0964
2020,SVl25,Savanna,Cropland,18.4628
2020,SVl26,Savanna,Cropland,14.7656
2020,SVl27,Savanna,Cropland,20.2372
2020,SVl3,Savanna,Cropland,918.778
2020,SVl4,Savanna,Cropland,145.9252
2020,SVl5,Savanna,Cropland,268.8536
2020,SVl6,Savanna,Cropland,0.038
2020,SVl7,Savanna,Cropland,1.7736
2020,SVl8,Savanna,Cropland,477.8304
2020,SVl9,Savanna,Cropland,377.0676
2020,SVmp1,Savanna,Cropland,348.098
2020,SVmp2,Savanna,Cropland,26.7792
2020,SVmp3,Savanna,Cropland,0
2020,SVmp4,Savanna,Cropland,0
2020,SVmp5,Savanna,Cropland,129.9172
2020,SVmp6,Savanna,Cropland,91.5508
2020,SVmp7,Savanna,Cropland,26.4756
2020,SVmp8,Savanna,Cropland,0
2020,SVs1,Savanna,Cropland,162.6472
2020,SVs2,Savanna,Cropland,98.1452
2020,SVs3,Savanna,Cropland,111.9004
2020,SVs4,Savanna,Cropland,160.854
2020,SVs5,Savanna,Cropland,597.0308
2020,SVs6,Savanna,Cropland,710.0932
2020,SVs7,Savanna,Cropland,1020.7092
2020,SVs8,Savanna,Cropland,327.4448
2022,AT15,Albany Thicket,Cropland,0
2022,AT16,Albany Thicket,Cropland,0.38
2022,AT17,Albany Thicket,Cropland,97.258
2022,AT18,Albany Thicket,Cropland,90.6864
2022,AT19,Albany Thicket,Cropland,5.7004
2022,AT20,Albany Thicket,Cropland,0
2022,AT21,Albany Thicket,Cropland,29.8148
2022,AT22,Albany Thicket,Cropland,43.9584
2022,AT23,Albany Thicket,Cropland,11.0316
2022,AT24,Albany Thicket,Cropland,150.922
2022,AT25,Albany Thicket,Cropland,3.0756
2022,AT26,Albany Thicket,Cropland,7.644
2022,AT27,Albany Thicket,Cropland,2.5792
2022,AT28,Albany Thicket,Cropland,35.904
2022,AT29,Albany Thicket,Cropland,4.2256
2022,AT30,Albany Thicket,Cropland,26.8176
2022,AT31,Albany Thicket,Cropland,6.6248
2022,AT32,Albany Thicket,Cropland,66.0316
2022,AT33,Albany Thicket,Cropland,3.124
2022,AT34,Albany Thicket,Cropland,3.5464
2022,AT35,Albany Thicket,Cropland,7.204
2022,AT36,Albany Thicket,Cropland,2.1304
2022,AT37,Albany Thicket,Cropland,51.9916
2022,AT38,Albany Thicket,Cropland,293.258
2022,AT39,Albany Thicket,Cropland,8.1476
2022,AT40,Albany Thicket,Cropland,43.8236
2022,AT41,Albany Thicket,Cropland,63.2092
2022,AT42,Albany Thicket,Cropland,3.3796
2022,AT43,Albany Thicket,Cropland,8.4056
2022,AT44,Albany Thicket,Cropland,6.5576
2022,AT45,Albany Thicket,Cropland,179.348
2022,AT46,Albany Thicket,Cropland,7.698
2022,AT47,Albany Thicket,Cropland,8.47
2022,AT48,Albany Thicket,Cropland,2.0568
2022,AT49,Albany Thicket,Cropland,35.1476
2022,AT50,Albany Thicket,Cropland,24.4908
2022,AT51,Albany Thicket,Cropland,148.5256
2022,AT52,Albany Thicket,Cropland,9.114
2022,AT53,Albany Thicket,Cropland,0.5772
2022,AT54,Albany Thicket,Cropland,1.426
2022,AT55,Albany Thicket,Cropland,7.2928
2022,AT56,Albany Thicket,Cropland,92.0744
2022,AT57,Albany Thicket,Cropland,7.4792
2022,AT58,Albany Thicket,Cropland,9.81
2022,AZa1,Azonal,Cropland,0.0692
2022,AZa2,Azonal,Cropland,173.1772
2022,AZa3,Azonal,Cropland,259.0696
2022,AZa4,Azonal,Cropland,407.358
2022,AZa5,Azonal,Cropland,528.3
2022,AZa6,Azonal,Cropland,250.6732
2022,AZa7,Azonal,Cropland,283.6452
2022,AZd1,Azonal,Cropland,0
2022,AZd2,Azonal,Cropland,0
2022,AZd3,Azonal,Cropland,0
2022,AZd4,Azonal,Cropland,0
2022,AZi1,Azonal,Cropland,90.1096
2022,AZi3,Azonal,Cropland,0.1148
2022,AZi5,Azonal,Cropland,168.3156
2022,AZi6,Azonal,Cropland,429.9208
2022,AZi7,Azonal,Cropland,43.002
2022,AZi8,Azonal,Cropland,210.1464
2022,AZs3,Azonal,Cropland,8.00E-04
2022,CB1,IOCB,Cropland,197.9628
2022,CB2,IOCB,Cropland,10.918
2022,CB3,IOCB,Cropland,1467.1028
2022,CB4,IOCB,Cropland,241.8156
2022,CB5,IOCB,Cropland,135.006
2022,CB6,IOCB,Cropland,99.3548
2022,Dg1,Desert,Cropland,0
2022,Dg10,Desert,Cropland,1.2672
2022,Dg2,Desert,Cropland,0
2022,Dg3,Desert,Cropland,0
2022,Dg4,Desert,Cropland,0
2022,Dg5,Desert,Cropland,0
2022,Dg6,Desert,Cropland,0
2022,Dg7,Desert,Cropland,0.4576
2022,Dg8,Desert,Cropland,0
2022,Dg9,Desert,Cropland,4.0952
2022,Dn1,Desert,Cropland,0
2022,Dn2,Desert,Cropland,0
2022,Dn3,Desert,Cropland,0
2022,Dn4,Desert,Cropland,1.0424
2022,Dn5,Desert,Cropland,0
2022,FFa1,Fynbos,Cropland,95.6472
2022,FFa2,Fynbos,Cropland,234.71
2022,FFa3,Fynbos,Cropland,196.066
2022,FFa4,Fynbos,Cropland,4.916
2022,FFb1,Fynbos,Cropland,10.7668
2022,FFb2,Fynbos,Cropland,0.8176
2022,FFb3,Fynbos,Cropland,0.058
2022,FFb4,Fynbos,Cropland,4.416
2022,FFb5,Fynbos,Cropland,6.9676
2022,FFb6,Fynbos,Cropland,24.8904
2022,FFc1,Fynbos,Cropland,347.8244
2022,FFd1,Fynbos,Cropland,70.4788
2022,FFd10,Fynbos,Cropland,5.3676
2022,FFd11,Fynbos,Cropland,12.7992
2022,FFd2,Fynbos,Cropland,940.0584
2022,FFd3,Fynbos,Cropland,204.0376
2022,FFd4,Fynbos,Cropland,180.3096
2022,FFd5,Fynbos,Cropland,63.2612
2022,FFd6,Fynbos,Cropland,0.6328
2022,FFd7,Fynbos,Cropland,102.1564
2022,FFd8,Fynbos,Cropland,8.7456
2022,FFd9,Fynbos,Cropland,163.4664
2022,FFf1,Fynbos,Cropland,345.5932
2022,FFf2,Fynbos,Cropland,12.05
2022,FFg1,Fynbos,Cropland,0.5044
2022,FFg2,Fynbos,Cropland,84.9748
2022,FFg3,Fynbos,Cropland,4.1116
2022,FFg4,Fynbos,Cropland,1.64
2022,FFg5,Fynbos,Cropland,188.6512
2022,FFh1,Fynbos,Cropland,147.6468
2022,FFh10,Fynbos,Cropland,2.068
2022,FFh11,Fynbos,Cropland,0
2022,FFh2,Fynbos,Cropland,1.7936
2022,FFh3,Fynbos,Cropland,3.6408
2022,FFh4,Fynbos,Cropland,69.5044
2022,FFh5,Fynbos,Cropland,11.0656
2022,FFh6,Fynbos,Cropland,115.3484
2022,FFh7,Fynbos,Cropland,91.6572
2022,FFh8,Fynbos,Cropland,14.94
2022,FFh9,Fynbos,Cropland,133.7436
2022,FFl1,Fynbos,Cropland,11.1592
2022,FFl2,Fynbos,Cropland,15.2232
2022,FFl3,Fynbos,Cropland,130.1448
2022,FFq1,Fynbos,Cropland,0
2022,FFq2,Fynbos,Cropland,10.4292
2022,FFq3,Fynbos,Cropland,4.8052
2022,FFq4,Fynbos,Cropland,2.9732
2022,FFq5,Fynbos,Cropland,0.0132
2022,FFq6,Fynbos,Cropland,3.7984
2022,FFs1,Fynbos,Cropland,147.6696
2022,FFs10,Fynbos,Cropland,8.5228
2022,FFs11,Fynbos,Cropland,22.0816
2022,FFs12,Fynbos,Cropland,46.3588
2022,FFs13,Fynbos,Cropland,5.6192
2022,FFs14,Fynbos,Cropland,9.738
2022,FFs15,Fynbos,Cropland,45.0876
2022,FFs16,Fynbos,Cropland,6.8272
2022,FFs17,Fynbos,Cropland,2.254
2022,FFs18,Fynbos,Cropland,80.6028
2022,FFs19,Fynbos,Cropland,74.9156
2022,FFs2,Fynbos,Cropland,296.2244
2022,FFs20,Fynbos,Cropland,394.1624
2022,FFs21,Fynbos,Cropland,0.1024
2022,FFs22,Fynbos,Cropland,0.356
2022,FFs23,Fynbos,Cropland,1.8268
2022,FFs24,Fynbos,Cropland,0.6284
2022,FFs25,Fynbos,Cropland,0.0732
2022,FFs26,Fynbos,Cropland,10.9248
2022,FFs27,Fynbos,Cropland,70.082
2022,FFs28,Fynbos,Cropland,186.1376
2022,FFs29,Fynbos,Cropland,36.7336
2022,FFs3,Fynbos,Cropland,11.9596
2022,FFs30,Fynbos,Cropland,0
2022,FFs31,Fynbos,Cropland,0
2022,FFs32,Fynbos,Cropland,142.6544
2022,FFs4,Fynbos,Cropland,181.8432
2022,FFs5,Fynbos,Cropland,34.214
2022,FFs6,Fynbos,Cropland,29.7536
2022,FFs7,Fynbos,Cropland,14.7992
2022,FFs8,Fynbos,Cropland,1.9728
2022,FFs9,Fynbos,Cropland,0.1496
2022,FFt1,Fynbos,Cropland,5.2524
2022,FFt2,Fynbos,Cropland,18.914
2022,FOa1,Forest,Cropland,31.3512
2022,FOa2,Forest,Cropland,4.4036
2022,FOa3,Forest,Cropland,0.0264
2022,FOz1,Forest,Cropland,12.2696
2022,FOz2,Forest,Cropland,0.046
2022,FOz3,Forest,Cropland,0.4524
2022,FOz4,Forest,Cropland,0.1072
2022,FOz5,Forest,Cropland,3.1148
2022,FOz6,Forest,Cropland,21.0516
2022,FOz7,Forest,Cropland,7.1404
2022,FOz8,Forest,Cropland,2.5296
2022,FOz9,Forest,Cropland,0.002
2022,FRa1,Fynbos,Cropland,202.528
2022,FRa2,Fynbos,Cropland,17.9068
2022,FRc1,Fynbos,Cropland,71.9024
2022,FRc2,Fynbos,Cropland,154.4772
2022,FRd1,Fynbos,Cropland,10.2192
2022,FRd2,Fynbos,Cropland,5.7304
2022,FRg1,Fynbos,Cropland,33.4172
2022,FRg2,Fynbos,Cropland,596.5736
2022,FRg3,Fynbos,Cropland,0.1264
2022,FRl1,Fynbos,Cropland,37.536
2022,FRs1,Fynbos,Cropland,4.1416
2022,FRs10,Fynbos,Cropland,0
2022,FRs11,Fynbos,Cropland,898.7092
2022,FRs12,Fynbos,Cropland,1679.9888
2022,FRs13,Fynbos,Cropland,2101.2008
2022,FRs14,Fynbos,Cropland,435.6572
2022,FRs15,Fynbos,Cropland,4.8236
2022,FRs16,Fynbos,Cropland,170.3344
2022,FRs17,Fynbos,Cropland,102.4792
2022,FRs18,Fynbos,Cropland,0.0264
2022,FRs19,Fynbos,Cropland,168.256
2022,FRs2,Fynbos,Cropland,76.9488
2022,FRs20,Fynbos,Cropland,23.2624
2022,FRs3,Fynbos,Cropland,27.5628
2022,FRs4,Fynbos,Cropland,176.1592
2022,FRs5,Fynbos,Cropland,2.6676
2022,FRs6,Fynbos,Cropland,115.5596
2022,FRs7,Fynbos,Cropland,150.9956
2022,FRs8,Fynbos,Cropland,245.282
2022,FRs9,Fynbos,Cropland,3884.906
2022,FS1,Fynbos,Cropland,53.7356
2022,FS10,Fynbos,Cropland,0.1048
2022,FS11,Fynbos,Cropland,0.0028
2022,FS12,Fynbos,Cropland,0
2022,FS13,Fynbos,Cropland,8.00E-04
2022,FS14,Fynbos,Cropland,0.5572
2022,FS2,Fynbos,Cropland,161.7712
2022,FS3,Fynbos,Cropland,709.0996
2022,FS4,Fynbos,Cropland,2.7948
2022,FS5,Fynbos,Cropland,9.1396
2022,FS6,Fynbos,Cropland,8.1692
2022,FS7,Fynbos,Cropland,3.5992
2022,FS9,Fynbos,Cropland,7.5676
2022,Gd1,Grassland,Cropland,220.53
2022,Gd10,Grassland,Cropland,0
2022,Gd2,Grassland,Cropland,0.9544
2022,Gd3,Grassland,Cropland,344.1608
2022,Gd4,Grassland,Cropland,348.5824
2022,Gd5,Grassland,Cropland,22.9288
2022,Gd6,Grassland,Cropland,0
2022,Gd7,Grassland,Cropland,0.0692
2022,Gd8,Grassland,Cropland,31.9248
2022,Gh1,Grassland,Cropland,97.9832
2022,Gh10,Grassland,Cropland,17325.192
2022,Gh11,Grassland,Cropland,363.0972
2022,Gh12,Grassland,Cropland,11.0916
2022,Gh13,Grassland,Cropland,997.074
2022,Gh14,Grassland,Cropland,4240.4628
2022,Gh15,Grassland,Cropland,1452.9448
2022,Gh2,Grassland,Cropland,983.2944
2022,Gh3,Grassland,Cropland,429.252
2022,Gh4,Grassland,Cropland,118.5656
2022,Gh5,Grassland,Cropland,1750.992
2022,Gh6,Grassland,Cropland,4039.9644
2022,Gh7,Grassland,Cropland,117.5428
2022,Gh8,Grassland,Cropland,5.388
2022,Gh9,Grassland,Cropland,1210.5232
2022,Gm1,Grassland,Cropland,675.9752
2022,Gm10,Grassland,Cropland,50.5212
2022,Gm11,Grassland,Cropland,3820.4068
2022,Gm12,Grassland,Cropland,4359.7476
2022,Gm13,Grassland,Cropland,1110.134
2022,Gm14,Grassland,Cropland,376.6936
2022,Gm15,Grassland,Cropland,427.446
2022,Gm16,Grassland,Cropland,377.868
2022,Gm17,Grassland,Cropland,2.8984
2022,Gm19,Grassland,Cropland,288.2956
2022,Gm2,Grassland,Cropland,27.01
2022,Gm20,Grassland,Cropland,1.2792
2022,Gm21,Grassland,Cropland,174.5072
2022,Gm22,Grassland,Cropland,27.5708
2022,Gm23,Grassland,Cropland,8.3376
2022,Gm24,Grassland,Cropland,0
2022,Gm25,Grassland,Cropland,25.2592
2022,Gm26,Grassland,Cropland,0.748
2022,Gm27,Grassland,Cropland,0.6656
2022,Gm28,Grassland,Cropland,0.1836
2022,Gm29,Grassland,Cropland,8.8896
2022,Gm3,Grassland,Cropland,6870.2976
2022,Gm30,Grassland,Cropland,183.0388
2022,Gm31,Grassland,Cropland,7.1508
2022,Gm4,Grassland,Cropland,3679.3852
2022,Gm5,Grassland,Cropland,140.8772
2022,Gm6,Grassland,Cropland,3326.9904
2022,Gm7,Grassland,Cropland,1.254
2022,Gm8,Grassland,Cropland,5387.4328
2022,Gm9,Grassland,Cropland,341.9152
2022,Gs1,Grassland,Cropland,26.8016
2022,Gs10,Grassland,Cropland,1112.4192
2022,Gs11,Grassland,Cropland,340.5172
2022,Gs12,Grassland,Cropland,1880.3804
2022,Gs13,Grassland,Cropland,220.296
2022,Gs14,Grassland,Cropland,1420.84
2022,Gs15,Grassland,Cropland,1297.7184
2022,Gs16,Grassland,Cropland,271.4748
2022,Gs17,Grassland,Cropland,28.7272
2022,Gs18,Grassland,Cropland,9.5524
2022,Gs19,Grassland,Cropland,555.1768
2022,Gs2,Grassland,Cropland,49.522
2022,Gs20,Grassland,Cropland,1094.8044
2022,Gs3,Grassland,Cropland,28.8932
2022,Gs4,Grassland,Cropland,1296.3924
2022,Gs6,Grassland,Cropland,695.6244
2022,Gs7,Grassland,Cropland,873.6216
2022,Gs8,Grassland,Cropland,502.7164
2022,Gs9,Grassland,Cropland,980.3712
2022,NKb1,Nama-Karoo,Cropland,21.4308
2022,NKb2,Nama-Karoo,Cropland,4.6348
2022,NKb3,Nama-Karoo,Cropland,91.3008
2022,NKb4,Nama-Karoo,Cropland,0.2404
2022,NKb5,Nama-Karoo,Cropland,10.5064
2022,NKb6,Nama-Karoo,Cropland,45.51
2022,NKl1,Nama-Karoo,Cropland,19.8656
2022,NKl2,Nama-Karoo,Cropland,45.5484
2022,NKl4,Nama-Karoo,Cropland,44.6124
2022,NKu1,Nama-Karoo,Cropland,28.0348
2022,NKu2,Nama-Karoo,Cropland,2.8908
2022,NKu3,Nama-Karoo,Cropland,1331.596
2022,NKu4,Nama-Karoo,Cropland,569.1644
2022,NOTVEG,NOTVEG,Cropland,14.5836
2022,SKk1,Succulent Karoo,Cropland,0.0372
2022,SKk2,Succulent Karoo,Cropland,0
2022,SKk3,Succulent Karoo,Cropland,7.9368
2022,SKk4,Succulent Karoo,Cropland,0.4388
2022,SKk5,Succulent Karoo,Cropland,105.6292
2022,SKk6,Succulent Karoo,Cropland,0.796
2022,SKk7,Succulent Karoo,Cropland,25.446
2022,SKk8,Succulent Karoo,Cropland,1.8736
2022,SKk9,Succulent Karoo,Cropland,0.5156
2022,SKn1,Succulent Karoo,Cropland,49.7472
2022,SKn2,Succulent Karoo,Cropland,0.8304
2022,SKn3,Succulent Karoo,Cropland,60.0876
2022,SKn4,Succulent Karoo,Cropland,244.5988
2022,SKn5,Succulent Karoo,Cropland,0.1976
2022,SKn6,Succulent Karoo,Cropland,2.8048
2022,SKn7,Succulent Karoo,Cropland,61.3304
2022,SKr1,Succulent Karoo,Cropland,0
2022,SKr10,Succulent Karoo,Cropland,0
2022,SKr11,Succulent Karoo,Cropland,0
2022,SKr12,Succulent Karoo,Cropland,0
2022,SKr13,Succulent Karoo,Cropland,0
2022,SKr14,Succulent Karoo,Cropland,0
2022,SKr15,Succulent Karoo,Cropland,6.4272
2022,SKr16,Succulent Karoo,Cropland,0
2022,SKr17,Succulent Karoo,Cropland,0
2022,SKr18,Succulent Karoo,Cropland,0.002
2022,SKr19,Succulent Karoo,Cropland,0.0032
2022,SKr2,Succulent Karoo,Cropland,0
2022,SKr3,Succulent Karoo,Cropland,0
2022,SKr4,Succulent Karoo,Cropland,0
2022,SKr5,Succulent Karoo,Cropland,0
2022,SKr6,Succulent Karoo,Cropland,0
2022,SKr7,Succulent Karoo,Cropland,0
2022,SKr8,Succulent Karoo,Cropland,0
2022,SKr9,Succulent Karoo,Cropland,0
2022,SKs1,Succulent Karoo,Cropland,0
2022,SKs10,Succulent Karoo,Cropland,0
2022,SKs11,Succulent Karoo,Cropland,0
2022,SKs12,Succulent Karoo,Cropland,13.7116
2022,SKs13,Succulent Karoo,Cropland,66.8332
2022,SKs14,Succulent Karoo,Cropland,144.188
2022,SKs2,Succulent Karoo,Cropland,0
2022,SKs3,Succulent Karoo,Cropland,0
2022,SKs4,Succulent Karoo,Cropland,0
2022,SKs5,Succulent Karoo,Cropland,0
2022,SKs6,Succulent Karoo,Cropland,0
2022,SKs7,Succulent Karoo,Cropland,338.6232
2022,SKs8,Succulent Karoo,Cropland,0.0028
2022,SKs9,Succulent Karoo,Cropland,5.1312
2022,SKt1,Succulent Karoo,Cropland,0
2022,SKt2,Succulent Karoo,Cropland,140.8076
2022,SKt3,Succulent Karoo,Cropland,47.3572
2022,SKv1,Succulent Karoo,Cropland,50.972
2022,SKv10,Succulent Karoo,Cropland,5.5616
2022,SKv11,Succulent Karoo,Cropland,108.6168
2022,SKv13,Succulent Karoo,Cropland,10.1468
2022,SKv14,Succulent Karoo,Cropland,4.5032
2022,SKv2,Succulent Karoo,Cropland,0.2232
2022,SKv3,Succulent Karoo,Cropland,12.4728
2022,SKv4,Succulent Karoo,Cropland,0.4044
2022,SKv5,Succulent Karoo,Cropland,20.7164
2022,SKv6,Succulent Karoo,Cropland,8.5052
2022,SKv7,Succulent Karoo,Cropland,86.7404
2022,SKv8,Succulent Karoo,Cropland,86.0792
2022,SVcb1,Savanna,Cropland,783.5532
2022,SVcb10,Savanna,Cropland,178.4088
2022,SVcb11,Savanna,Cropland,343.4412
2022,SVcb12,Savanna,Cropland,2600.1708
2022,SVcb13,Savanna,Cropland,25.6732
2022,SVcb14,Savanna,Cropland,119.956
2022,SVcb15,Savanna,Cropland,2691.2592
2022,SVcb16,Savanna,Cropland,641.8896
2022,SVcb17,Savanna,Cropland,257.7488
2022,SVcb18,Savanna,Cropland,616.146
2022,SVcb19,Savanna,Cropland,806.062
2022,SVcb2,Savanna,Cropland,6.1796
2022,SVcb20,Savanna,Cropland,1624.2072
2022,SVcb21,Savanna,Cropland,159.0664
2022,SVcb22,Savanna,Cropland,0
2022,SVcb23,Savanna,Cropland,767.3516
2022,SVcb24,Savanna,Cropland,13.5648
2022,SVcb25,Savanna,Cropland,22.7796
2022,SVcb26,Savanna,Cropland,111.4144
2022,SVcb27,Savanna,Cropland,498.5896
2022,SVcb28,Savanna,Cropland,185.6092
2022,SVcb29,Savanna,Cropland,3.3612
2022,SVcb3,Savanna,Cropland,149.2352
2022,SVcb4,Savanna,Cropland,147.6316
2022,SVcb5,Savanna,Cropland,0
2022,SVcb6,Savanna,Cropland,360.3828
2022,SVcb7,Savanna,Cropland,12.1616
2022,SVcb8,Savanna,Cropland,335.3724
2022,SVcb9,Savanna,Cropland,151.9024
2022,SVk1,Savanna,Cropland,2115.7684
2022,SVk10,Savanna,Cropland,93.946
2022,SVk11,Savanna,Cropland,23.614
2022,SVk12,Savanna,Cropland,1.5608
2022,SVk13,Savanna,Cropland,11.65
2022,SVk14,Savanna,Cropland,1.1664
2022,SVk15,Savanna,Cropland,0
2022,SVk16,Savanna,Cropland,0.0104
2022,SVk17,Savanna,Cropland,2158.6276
2022,SVk18,Savanna,Cropland,3.3644
2022,SVk2,Savanna,Cropland,569.5128
2022,SVk3,Savanna,Cropland,577.4428
2022,SVk4,Savanna,Cropland,3062.29
2022,SVk5,Savanna,Cropland,12.0192
2022,SVk6,Savanna,Cropland,616.5048
2022,SVk7,Savanna,Cropland,41.5
2022,SVk8,Savanna,Cropland,20.2104
2022,SVk9,Savanna,Cropland,3.6124
2022,SVkd1,Savanna,Cropland,10.7404
2022,SVkd2,Savanna,Cropland,0
2022,SVkd3,Savanna,Cropland,0
2022,SVkd4,Savanna,Cropland,0
2022,SVl1,Savanna,Cropland,88.2696
2022,SVl10,Savanna,Cropland,64.6896
2022,SVl11,Savanna,Cropland,1.7488
2022,SVl12,Savanna,Cropland,31.1992
2022,SVl13,Savanna,Cropland,9.3024
2022,SVl14,Savanna,Cropland,98.3248
2022,SVl15,Savanna,Cropland,0
2022,SVl16,Savanna,Cropland,35.0808
2022,SVl17,Savanna,Cropland,18.7724
2022,SVl18,Savanna,Cropland,41.7976
2022,SVl19,Savanna,Cropland,5.844
2022,SVl2,Savanna,Cropland,0
2022,SVl20,Savanna,Cropland,344.272
2022,SVl21,Savanna,Cropland,18.1584
2022,SVl22,Savanna,Cropland,362.648
2022,SVl23,Savanna,Cropland,894.862
2022,SVl24,Savanna,Cropland,155.9852
2022,SVl25,Savanna,Cropland,18.4196
2022,SVl26,Savanna,Cropland,14.7612
2022,SVl27,Savanna,Cropland,19.5336
2022,SVl3,Savanna,Cropland,1059.2528
2022,SVl4,Savanna,Cropland,146.7892
2022,SVl5,Savanna,Cropland,256.2376
2022,SVl6,Savanna,Cropland,0.0704
2022,SVl7,Savanna,Cropland,2.9124
2022,SVl8,Savanna,Cropland,506.8596
2022,SVl9,Savanna,Cropland,377.4112
2022,SVmp1,Savanna,Cropland,366.2176
2022,SVmp2,Savanna,Cropland,28.6152
2022,SVmp3,Savanna,Cropland,0
2022,SVmp4,Savanna,Cropland,0.7892
2022,SVmp5,Savanna,Cropland,199.1192
2022,SVmp6,Savanna,Cropland,204.3
2022,SVmp7,Savanna,Cropland,28.7832
2022,SVmp8,Savanna,Cropland,0
2022,SVs1,Savanna,Cropland,162.5988
2022,SVs2,Savanna,Cropland,98.1692
2022,SVs3,Savanna,Cropland,113.8696
2022,SVs4,Savanna,Cropland,160.6444
2022,SVs5,Savanna,Cropland,606.4232
2022,SVs6,Savanna,Cropland,709.8172
2022,SVs7,Savanna,Cropland,1019.3916
2022,SVs8,Savanna,Cropland,326.9736
1990,AT15,Albany Thicket,Mine,0.0104
1990,AT16,Albany Thicket,Mine,0.5772
1990,AT17,Albany Thicket,Mine,0.2668
1990,AT18,Albany Thicket,Mine,0.148
1990,AT19,Albany Thicket,Mine,0.0608
1990,AT20,Albany Thicket,Mine,0.5444
1990,AT21,Albany Thicket,Mine,0.1688
1990,AT22,Albany Thicket,Mine,0.3212
1990,AT23,Albany Thicket,Mine,0.098
1990,AT24,Albany Thicket,Mine,0.5272
1990,AT25,Albany Thicket,Mine,0.148
1990,AT26,Albany Thicket,Mine,0
1990,AT27,Albany Thicket,Mine,0.7684
1990,AT28,Albany Thicket,Mine,0.2324
1990,AT29,Albany Thicket,Mine,0.3988
1990,AT30,Albany Thicket,Mine,0.062
1990,AT31,Albany Thicket,Mine,0.008
1990,AT32,Albany Thicket,Mine,0.6108
1990,AT33,Albany Thicket,Mine,0.0048
1990,AT34,Albany Thicket,Mine,0.0028
1990,AT35,Albany Thicket,Mine,0
1990,AT36,Albany Thicket,Mine,0.0288
1990,AT37,Albany Thicket,Mine,0.0496
1990,AT38,Albany Thicket,Mine,2.1732
1990,AT39,Albany Thicket,Mine,3.4572
1990,AT40,Albany Thicket,Mine,0.322
1990,AT41,Albany Thicket,Mine,0.0092
1990,AT42,Albany Thicket,Mine,0.0412
1990,AT43,Albany Thicket,Mine,0.0048
1990,AT44,Albany Thicket,Mine,4.0524
1990,AT45,Albany Thicket,Mine,0.422
1990,AT46,Albany Thicket,Mine,0.0784
1990,AT47,Albany Thicket,Mine,0.4064
1990,AT48,Albany Thicket,Mine,4.00E-04
1990,AT49,Albany Thicket,Mine,0.4688
1990,AT50,Albany Thicket,Mine,0.3204
1990,AT51,Albany Thicket,Mine,5.336
1990,AT52,Albany Thicket,Mine,0
1990,AT53,Albany Thicket,Mine,8.00E-04
1990,AT54,Albany Thicket,Mine,0.0108
1990,AT55,Albany Thicket,Mine,0.0816
1990,AT56,Albany Thicket,Mine,0.7124
1990,AT57,Albany Thicket,Mine,0.8508
1990,AT58,Albany Thicket,Mine,0.0892
1990,AZa1,Azonal,Mine,0
1990,AZa2,Azonal,Mine,0.0108
1990,AZa3,Azonal,Mine,0.4416
1990,AZa4,Azonal,Mine,17.1944
1990,AZa5,Azonal,Mine,12.0892
1990,AZa6,Azonal,Mine,5.7316
1990,AZa7,Azonal,Mine,0.3908
1990,AZd1,Azonal,Mine,5.7256
1990,AZd2,Azonal,Mine,2.2716
1990,AZd3,Azonal,Mine,0.0396
1990,AZd4,Azonal,Mine,0.0784
1990,AZi1,Azonal,Mine,1.6548
1990,AZi3,Azonal,Mine,0.33
1990,AZi5,Azonal,Mine,11.4904
1990,AZi6,Azonal,Mine,1.328
1990,AZi7,Azonal,Mine,0.0676
1990,AZi8,Azonal,Mine,0.028
1990,AZs3,Azonal,Mine,0
1990,CB1,IOCB,Mine,3.5276
1990,CB2,IOCB,Mine,0.324
1990,CB3,IOCB,Mine,1.2816
1990,CB4,IOCB,Mine,0.4344
1990,CB5,IOCB,Mine,0.1536
1990,CB6,IOCB,Mine,1.4964
1990,Dg1,Desert,Mine,0.288
1990,Dg10,Desert,Mine,1.4808
1990,Dg2,Desert,Mine,0.0024
1990,Dg3,Desert,Mine,0.3748
1990,Dg4,Desert,Mine,0.2528
1990,Dg5,Desert,Mine,0
1990,Dg6,Desert,Mine,0
1990,Dg7,Desert,Mine,0.4976
1990,Dg8,Desert,Mine,0.0156
1990,Dg9,Desert,Mine,0.338
1990,Dn1,Desert,Mine,14.3144
1990,Dn2,Desert,Mine,0.2944
1990,Dn3,Desert,Mine,9.9132
1990,Dn4,Desert,Mine,13.3972
1990,Dn5,Desert,Mine,24.8856
1990,FFa1,Fynbos,Mine,0.0028
1990,FFa2,Fynbos,Mine,0.1612
1990,FFa3,Fynbos,Mine,0.2612
1990,FFa4,Fynbos,Mine,0
1990,FFb1,Fynbos,Mine,0.0096
1990,FFb2,Fynbos,Mine,0.0852
1990,FFb3,Fynbos,Mine,0
1990,FFb4,Fynbos,Mine,0
1990,FFb5,Fynbos,Mine,0.008
1990,FFb6,Fynbos,Mine,0.0624
1990,FFc1,Fynbos,Mine,0.1236
1990,FFd1,Fynbos,Mine,0.2292
1990,FFd10,Fynbos,Mine,0.0136
1990,FFd11,Fynbos,Mine,0
1990,FFd2,Fynbos,Mine,0.6516
1990,FFd3,Fynbos,Mine,0.1228
1990,FFd4,Fynbos,Mine,0.5816
1990,FFd5,Fynbos,Mine,0.9624
1990,FFd6,Fynbos,Mine,0.0504
1990,FFd7,Fynbos,Mine,0.0496
1990,FFd8,Fynbos,Mine,0.2396
1990,FFd9,Fynbos,Mine,0.1328
1990,FFf1,Fynbos,Mine,0.2396
1990,FFf2,Fynbos,Mine,0.0044
1990,FFg1,Fynbos,Mine,0
1990,FFg2,Fynbos,Mine,0.362
1990,FFg3,Fynbos,Mine,0.028
1990,FFg4,Fynbos,Mine,0
1990,FFg5,Fynbos,Mine,0.5056
1990,FFh1,Fynbos,Mine,0.0396
1990,FFh10,Fynbos,Mine,0
1990,FFh11,Fynbos,Mine,8.00E-04
1990,FFh2,Fynbos,Mine,0.0044
1990,FFh3,Fynbos,Mine,0.0216
1990,FFh4,Fynbos,Mine,0.0152
1990,FFh5,Fynbos,Mine,0.0172
1990,FFh6,Fynbos,Mine,0.056
1990,FFh7,Fynbos,Mine,0.0148
1990,FFh8,Fynbos,Mine,0.0048
1990,FFh9,Fynbos,Mine,0.0772
1990,FFl1,Fynbos,Mine,0.0204
1990,FFl2,Fynbos,Mine,0.4488
1990,FFl3,Fynbos,Mine,0.062
1990,FFq1,Fynbos,Mine,0
1990,FFq2,Fynbos,Mine,0.01
1990,FFq3,Fynbos,Mine,0.2592
1990,FFq4,Fynbos,Mine,0.084
1990,FFq5,Fynbos,Mine,0.0056
1990,FFq6,Fynbos,Mine,0.014
1990,FFs1,Fynbos,Mine,0.0056
1990,FFs10,Fynbos,Mine,0.09
1990,FFs11,Fynbos,Mine,0.2036
1990,FFs12,Fynbos,Mine,0.5992
1990,FFs13,Fynbos,Mine,0.046
1990,FFs14,Fynbos,Mine,0.0664
1990,FFs15,Fynbos,Mine,0.2012
1990,FFs16,Fynbos,Mine,0.0096
1990,FFs17,Fynbos,Mine,0.0052
1990,FFs18,Fynbos,Mine,0.038
1990,FFs19,Fynbos,Mine,0.0784
1990,FFs2,Fynbos,Mine,0.208
1990,FFs20,Fynbos,Mine,0.214
1990,FFs21,Fynbos,Mine,0
1990,FFs22,Fynbos,Mine,0
1990,FFs23,Fynbos,Mine,0.012
1990,FFs24,Fynbos,Mine,0.0028
1990,FFs25,Fynbos,Mine,0
1990,FFs26,Fynbos,Mine,0
1990,FFs27,Fynbos,Mine,0.152
1990,FFs28,Fynbos,Mine,0.2204
1990,FFs29,Fynbos,Mine,0.7128
1990,FFs3,Fynbos,Mine,0
1990,FFs30,Fynbos,Mine,0
1990,FFs31,Fynbos,Mine,0
1990,FFs32,Fynbos,Mine,0
1990,FFs4,Fynbos,Mine,0.0536
1990,FFs5,Fynbos,Mine,0.0944
1990,FFs6,Fynbos,Mine,0.0784
1990,FFs7,Fynbos,Mine,0.0324
1990,FFs8,Fynbos,Mine,0.0184
1990,FFs9,Fynbos,Mine,0.0232
1990,FFt1,Fynbos,Mine,0
1990,FFt2,Fynbos,Mine,0.138
1990,FOa1,Forest,Mine,0
1990,FOa2,Forest,Mine,0
1990,FOa3,Forest,Mine,0.0124
1990,FOz1,Forest,Mine,0.0124
1990,FOz2,Forest,Mine,0.0136
1990,FOz3,Forest,Mine,0.0028
1990,FOz4,Forest,Mine,0
1990,FOz5,Forest,Mine,0.0036
1990,FOz6,Forest,Mine,0
1990,FOz7,Forest,Mine,0.5044
1990,FOz8,Forest,Mine,0
1990,FOz9,Forest,Mine,0
1990,FRa1,Fynbos,Mine,0.0932
1990,FRa2,Fynbos,Mine,0.018
1990,FRc1,Fynbos,Mine,0.0488
1990,FRc2,Fynbos,Mine,0.074
1990,FRd1,Fynbos,Mine,0.0104
1990,FRd2,Fynbos,Mine,0.0012
1990,FRg1,Fynbos,Mine,0.0332
1990,FRg2,Fynbos,Mine,0.4148
1990,FRg3,Fynbos,Mine,0
1990,FRl1,Fynbos,Mine,0.0364
1990,FRs1,Fynbos,Mine,0
1990,FRs10,Fynbos,Mine,0
1990,FRs11,Fynbos,Mine,0.1912
1990,FRs12,Fynbos,Mine,0.05
1990,FRs13,Fynbos,Mine,0.2676
1990,FRs14,Fynbos,Mine,0.4544
1990,FRs15,Fynbos,Mine,0.0072
1990,FRs16,Fynbos,Mine,0.2292
1990,FRs17,Fynbos,Mine,0.0908
1990,FRs18,Fynbos,Mine,0
1990,FRs19,Fynbos,Mine,0.5128
1990,FRs2,Fynbos,Mine,0.0092
1990,FRs20,Fynbos,Mine,0
1990,FRs3,Fynbos,Mine,0.2252
1990,FRs4,Fynbos,Mine,0.0468
1990,FRs5,Fynbos,Mine,0.066
1990,FRs6,Fynbos,Mine,0.6496
1990,FRs7,Fynbos,Mine,0.1216
1990,FRs8,Fynbos,Mine,0.8052
1990,FRs9,Fynbos,Mine,7.6468
1990,FS1,Fynbos,Mine,0.6964
1990,FS10,Fynbos,Mine,0.0072
1990,FS11,Fynbos,Mine,0
1990,FS12,Fynbos,Mine,0.152
1990,FS13,Fynbos,Mine,0
1990,FS14,Fynbos,Mine,0.0072
1990,FS2,Fynbos,Mine,1.69
1990,FS3,Fynbos,Mine,4.8604
1990,FS4,Fynbos,Mine,0.208
1990,FS5,Fynbos,Mine,1.1192
1990,FS6,Fynbos,Mine,0.3168
1990,FS7,Fynbos,Mine,0
1990,FS9,Fynbos,Mine,0
1990,Gd1,Grassland,Mine,1.1744
1990,Gd10,Grassland,Mine,0
1990,Gd2,Grassland,Mine,0.0128
1990,Gd3,Grassland,Mine,1.1316
1990,Gd4,Grassland,Mine,0.4968
1990,Gd5,Grassland,Mine,0.0788
1990,Gd6,Grassland,Mine,0
1990,Gd7,Grassland,Mine,0
1990,Gd8,Grassland,Mine,0.13
1990,Gh1,Grassland,Mine,0.912
1990,Gh10,Grassland,Mine,99.978
1990,Gh11,Grassland,Mine,2.3452
1990,Gh12,Grassland,Mine,34.7592
1990,Gh13,Grassland,Mine,17.6264
1990,Gh14,Grassland,Mine,122.0024
1990,Gh15,Grassland,Mine,78.634
1990,Gh2,Grassland,Mine,3.1652
1990,Gh3,Grassland,Mine,6.6148
1990,Gh4,Grassland,Mine,2.3016
1990,Gh5,Grassland,Mine,8.3452
1990,Gh6,Grassland,Mine,35.7924
1990,Gh7,Grassland,Mine,4.1196
1990,Gh8,Grassland,Mine,0.4276
1990,Gh9,Grassland,Mine,28.0032
1990,Gm1,Grassland,Mine,1.3936
1990,Gm10,Grassland,Mine,8.1744
1990,Gm11,Grassland,Mine,55.9096
1990,Gm12,Grassland,Mine,329.1012
1990,Gm13,Grassland,Mine,5.528
1990,Gm14,Grassland,Mine,1.2892
1990,Gm15,Grassland,Mine,3.7184
1990,Gm16,Grassland,Mine,2.2912
1990,Gm17,Grassland,Mine,0.64
1990,Gm19,Grassland,Mine,10.3928
1990,Gm2,Grassland,Mine,0
1990,Gm20,Grassland,Mine,0
1990,Gm21,Grassland,Mine,2.4564
1990,Gm22,Grassland,Mine,0.2896
1990,Gm23,Grassland,Mine,0.1964
1990,Gm24,Grassland,Mine,4.00E-04
1990,Gm25,Grassland,Mine,0.0052
1990,Gm26,Grassland,Mine,0.0108
1990,Gm27,Grassland,Mine,0.1532
1990,Gm28,Grassland,Mine,0
1990,Gm29,Grassland,Mine,0.0116
1990,Gm3,Grassland,Mine,6.6928
1990,Gm30,Grassland,Mine,8.3408
1990,Gm31,Grassland,Mine,0.112
1990,Gm4,Grassland,Mine,7.436
1990,Gm5,Grassland,Mine,1.2724
1990,Gm6,Grassland,Mine,6.4256
1990,Gm7,Grassland,Mine,0
1990,Gm8,Grassland,Mine,120.6696
1990,Gm9,Grassland,Mine,26.5792
1990,Gs1,Grassland,Mine,0.524
1990,Gs10,Grassland,Mine,1.348
1990,Gs11,Grassland,Mine,0.23
1990,Gs12,Grassland,Mine,2.6404
1990,Gs13,Grassland,Mine,1.2804
1990,Gs14,Grassland,Mine,4.2108
1990,Gs15,Grassland,Mine,2.4336
1990,Gs16,Grassland,Mine,2.6104
1990,Gs17,Grassland,Mine,0.5528
1990,Gs18,Grassland,Mine,0.272
1990,Gs19,Grassland,Mine,0.6524
1990,Gs2,Grassland,Mine,0.0648
1990,Gs20,Grassland,Mine,0.4824
1990,Gs3,Grassland,Mine,0.1372
1990,Gs4,Grassland,Mine,12.4708
1990,Gs6,Grassland,Mine,10.8044
1990,Gs7,Grassland,Mine,9.5064
1990,Gs8,Grassland,Mine,0.238
1990,Gs9,Grassland,Mine,0.3352
1990,NKb1,Nama-Karoo,Mine,1.116
1990,NKb2,Nama-Karoo,Mine,0.0512
1990,NKb3,Nama-Karoo,Mine,18.1728
1990,NKb4,Nama-Karoo,Mine,1.7068
1990,NKb5,Nama-Karoo,Mine,7.1928
1990,NKb6,Nama-Karoo,Mine,26.1168
1990,NKl1,Nama-Karoo,Mine,2.1572
1990,NKl2,Nama-Karoo,Mine,2.5688
1990,NKl4,Nama-Karoo,Mine,0.1164
1990,NKu1,Nama-Karoo,Mine,4.1544
1990,NKu2,Nama-Karoo,Mine,0.9296
1990,NKu3,Nama-Karoo,Mine,77.8852
1990,NKu4,Nama-Karoo,Mine,14.7396
1990,NOTVEG,NOTVEG,Mine,9.7476
1990,SKk1,Succulent Karoo,Mine,1.0004
1990,SKk2,Succulent Karoo,Mine,0.1188
1990,SKk3,Succulent Karoo,Mine,3.584
1990,SKk4,Succulent Karoo,Mine,0.0652
1990,SKk5,Succulent Karoo,Mine,5.7984
1990,SKk6,Succulent Karoo,Mine,0.7008
1990,SKk7,Succulent Karoo,Mine,0.0936
1990,SKk8,Succulent Karoo,Mine,0
1990,SKk9,Succulent Karoo,Mine,0
1990,SKn1,Succulent Karoo,Mine,7.2988
1990,SKn2,Succulent Karoo,Mine,0.2188
1990,SKn3,Succulent Karoo,Mine,5.2508
1990,SKn4,Succulent Karoo,Mine,11.9036
1990,SKn5,Succulent Karoo,Mine,0.4972
1990,SKn6,Succulent Karoo,Mine,0
1990,SKn7,Succulent Karoo,Mine,0.2124
1990,SKr1,Succulent Karoo,Mine,0.0872
1990,SKr10,Succulent Karoo,Mine,0.0368
1990,SKr11,Succulent Karoo,Mine,0.0444
1990,SKr12,Succulent Karoo,Mine,0.0544
1990,SKr13,Succulent Karoo,Mine,0.2244
1990,SKr14,Succulent Karoo,Mine,0.1456
1990,SKr15,Succulent Karoo,Mine,0.01
1990,SKr16,Succulent Karoo,Mine,0.2092
1990,SKr17,Succulent Karoo,Mine,0.268
1990,SKr18,Succulent Karoo,Mine,1.8096
1990,SKr19,Succulent Karoo,Mine,1.002
1990,SKr2,Succulent Karoo,Mine,0.0052
1990,SKr3,Succulent Karoo,Mine,0
1990,SKr4,Succulent Karoo,Mine,7.3656
1990,SKr5,Succulent Karoo,Mine,0
1990,SKr6,Succulent Karoo,Mine,0.0032
1990,SKr7,Succulent Karoo,Mine,0.0152
1990,SKr8,Succulent Karoo,Mine,0
1990,SKr9,Succulent Karoo,Mine,0
1990,SKs1,Succulent Karoo,Mine,153.5832
1990,SKs10,Succulent Karoo,Mine,2.026
1990,SKs11,Succulent Karoo,Mine,0.0256
1990,SKs12,Succulent Karoo,Mine,0.2072
1990,SKs13,Succulent Karoo,Mine,0.026
1990,SKs14,Succulent Karoo,Mine,1.1364
1990,SKs2,Succulent Karoo,Mine,7.1448
1990,SKs3,Succulent Karoo,Mine,22.216
1990,SKs4,Succulent Karoo,Mine,5.2872
1990,SKs5,Succulent Karoo,Mine,0.0732
1990,SKs6,Succulent Karoo,Mine,0.1204
1990,SKs7,Succulent Karoo,Mine,33.0504
1990,SKs8,Succulent Karoo,Mine,108.2432
1990,SKs9,Succulent Karoo,Mine,2.6492
1990,SKt1,Succulent Karoo,Mine,0.0124
1990,SKt2,Succulent Karoo,Mine,0.7496
1990,SKt3,Succulent Karoo,Mine,0.6684
1990,SKv1,Succulent Karoo,Mine,0.1024
1990,SKv10,Succulent Karoo,Mine,0.0144
1990,SKv11,Succulent Karoo,Mine,0.628
1990,SKv13,Succulent Karoo,Mine,0.0588
1990,SKv14,Succulent Karoo,Mine,0.3448
1990,SKv2,Succulent Karoo,Mine,0.0092
1990,SKv3,Succulent Karoo,Mine,0.0128
1990,SKv4,Succulent Karoo,Mine,0.0036
1990,SKv5,Succulent Karoo,Mine,0.5892
1990,SKv6,Succulent Karoo,Mine,0.304
1990,SKv7,Succulent Karoo,Mine,0.3376
1990,SKv8,Succulent Karoo,Mine,0.5312
1990,SVcb1,Savanna,Mine,34.722
1990,SVcb10,Savanna,Mine,21.4364
1990,SVcb11,Savanna,Mine,10.5672
1990,SVcb12,Savanna,Mine,45.0088
1990,SVcb13,Savanna,Mine,2.392
1990,SVcb14,Savanna,Mine,0.7456
1990,SVcb15,Savanna,Mine,38.9976
1990,SVcb16,Savanna,Mine,9.276
1990,SVcb17,Savanna,Mine,10.4952
1990,SVcb18,Savanna,Mine,2.2176
1990,SVcb19,Savanna,Mine,29.9304
1990,SVcb2,Savanna,Mine,2.0412
1990,SVcb20,Savanna,Mine,21.3616
1990,SVcb21,Savanna,Mine,0.74
1990,SVcb22,Savanna,Mine,0
1990,SVcb23,Savanna,Mine,20.7396
1990,SVcb24,Savanna,Mine,1.9444
1990,SVcb25,Savanna,Mine,0.12
1990,SVcb26,Savanna,Mine,2.662
1990,SVcb27,Savanna,Mine,15.5748
1990,SVcb28,Savanna,Mine,8.536
1990,SVcb29,Savanna,Mine,0.4952
1990,SVcb3,Savanna,Mine,1.2808
1990,SVcb4,Savanna,Mine,7.7556
1990,SVcb5,Savanna,Mine,0.008
1990,SVcb6,Savanna,Mine,46.3712
1990,SVcb7,Savanna,Mine,5.5484
1990,SVcb8,Savanna,Mine,15.918
1990,SVcb9,Savanna,Mine,10.6032
1990,SVk1,Savanna,Mine,2.1384
1990,SVk10,Savanna,Mine,19.4796
1990,SVk11,Savanna,Mine,3.47
1990,SVk12,Savanna,Mine,74.1432
1990,SVk13,Savanna,Mine,19.9496
1990,SVk14,Savanna,Mine,24.642
1990,SVk15,Savanna,Mine,0.0816
1990,SVk16,Savanna,Mine,2.7504
1990,SVk17,Savanna,Mine,10.9844
1990,SVk18,Savanna,Mine,0.1968
1990,SVk2,Savanna,Mine,41.7804
1990,SVk3,Savanna,Mine,7.2756
1990,SVk4,Savanna,Mine,169.0356
1990,SVk5,Savanna,Mine,8.4152
1990,SVk6,Savanna,Mine,49.788
1990,SVk7,Savanna,Mine,34.9156
1990,SVk8,Savanna,Mine,0.968
1990,SVk9,Savanna,Mine,35.8172
1990,SVkd1,Savanna,Mine,9.5772
1990,SVkd2,Savanna,Mine,0.264
1990,SVkd3,Savanna,Mine,0.0152
1990,SVkd4,Savanna,Mine,0
1990,SVl1,Savanna,Mine,0.9608
1990,SVl10,Savanna,Mine,1.0404
1990,SVl11,Savanna,Mine,0.2508
1990,SVl12,Savanna,Mine,1.1744
1990,SVl13,Savanna,Mine,0.638
1990,SVl14,Savanna,Mine,1.064
1990,SVl15,Savanna,Mine,0.0324
1990,SVl16,Savanna,Mine,0.0132
1990,SVl17,Savanna,Mine,0
1990,SVl18,Savanna,Mine,0.0056
1990,SVl19,Savanna,Mine,0
1990,SVl2,Savanna,Mine,0.0196
1990,SVl20,Savanna,Mine,0.0616
1990,SVl21,Savanna,Mine,0
1990,SVl22,Savanna,Mine,0.3024
1990,SVl23,Savanna,Mine,2.7092
1990,SVl24,Savanna,Mine,0.18
1990,SVl25,Savanna,Mine,0.0144
1990,SVl26,Savanna,Mine,0
1990,SVl27,Savanna,Mine,0.0288
1990,SVl3,Savanna,Mine,13.5724
1990,SVl4,Savanna,Mine,0.0616
1990,SVl5,Savanna,Mine,0.5816
1990,SVl6,Savanna,Mine,0.1092
1990,SVl7,Savanna,Mine,0.1432
1990,SVl8,Savanna,Mine,1.1708
1990,SVl9,Savanna,Mine,2.3472
1990,SVmp1,Savanna,Mine,21.3256
1990,SVmp2,Savanna,Mine,8.904
1990,SVmp3,Savanna,Mine,0.1016
1990,SVmp4,Savanna,Mine,0.6724
1990,SVmp5,Savanna,Mine,1.0312
1990,SVmp6,Savanna,Mine,8.0936
1990,SVmp7,Savanna,Mine,35.6552
1990,SVmp8,Savanna,Mine,0.1012
1990,SVs1,Savanna,Mine,0.4464
1990,SVs2,Savanna,Mine,0.6984
1990,SVs3,Savanna,Mine,0.0456
1990,SVs4,Savanna,Mine,0.118
1990,SVs5,Savanna,Mine,0.0684
1990,SVs6,Savanna,Mine,1.2756
1990,SVs7,Savanna,Mine,5.0988
1990,SVs8,Savanna,Mine,0.9576
2014,AT15,Albany Thicket,Mine,0
2014,AT16,Albany Thicket,Mine,0.1668
2014,AT17,Albany Thicket,Mine,0.0628
2014,AT18,Albany Thicket,Mine,0.0204
2014,AT19,Albany Thicket,Mine,0.0168
2014,AT20,Albany Thicket,Mine,0.3708
2014,AT21,Albany Thicket,Mine,0.0708
2014,AT22,Albany Thicket,Mine,0.1024
2014,AT23,Albany Thicket,Mine,0.0056
2014,AT24,Albany Thicket,Mine,0.184
2014,AT25,Albany Thicket,Mine,0.1264
2014,AT26,Albany Thicket,Mine,0
2014,AT27,Albany Thicket,Mine,0.6028
2014,AT28,Albany Thicket,Mine,0.0344
2014,AT29,Albany Thicket,Mine,0.3352
2014,AT30,Albany Thicket,Mine,0
2014,AT31,Albany Thicket,Mine,0
2014,AT32,Albany Thicket,Mine,0.1244
2014,AT33,Albany Thicket,Mine,0.004
2014,AT34,Albany Thicket,Mine,0.032
2014,AT35,Albany Thicket,Mine,0
2014,AT36,Albany Thicket,Mine,0.0332
2014,AT37,Albany Thicket,Mine,0.0352
2014,AT38,Albany Thicket,Mine,0.4368
2014,AT39,Albany Thicket,Mine,0.7216
2014,AT40,Albany Thicket,Mine,0.0788
2014,AT41,Albany Thicket,Mine,0.0032
2014,AT42,Albany Thicket,Mine,0.0056
2014,AT43,Albany Thicket,Mine,0.0108
2014,AT44,Albany Thicket,Mine,0.2928
2014,AT45,Albany Thicket,Mine,0.0644
2014,AT46,Albany Thicket,Mine,0.1352
2014,AT47,Albany Thicket,Mine,0.0596
2014,AT48,Albany Thicket,Mine,0
2014,AT49,Albany Thicket,Mine,0.288
2014,AT50,Albany Thicket,Mine,0.0824
2014,AT51,Albany Thicket,Mine,1.7952
2014,AT52,Albany Thicket,Mine,0
2014,AT53,Albany Thicket,Mine,0
2014,AT54,Albany Thicket,Mine,0
2014,AT55,Albany Thicket,Mine,0.0876
2014,AT56,Albany Thicket,Mine,0.1736
2014,AT57,Albany Thicket,Mine,2.1388
2014,AT58,Albany Thicket,Mine,0.0676
2014,AZa1,Azonal,Mine,0
2014,AZa2,Azonal,Mine,0.018
2014,AZa3,Azonal,Mine,0.4756
2014,AZa4,Azonal,Mine,17.6132
2014,AZa5,Azonal,Mine,16.424
2014,AZa6,Azonal,Mine,4.4808
2014,AZa7,Azonal,Mine,0.366
2014,AZd1,Azonal,Mine,4.8744
2014,AZd2,Azonal,Mine,2.1076
2014,AZd3,Azonal,Mine,0.0448
2014,AZd4,Azonal,Mine,0.0752
2014,AZi1,Azonal,Mine,1.4524
2014,AZi3,Azonal,Mine,0.4388
2014,AZi5,Azonal,Mine,10.7956
2014,AZi6,Azonal,Mine,0.996
2014,AZi7,Azonal,Mine,0.1
2014,AZi8,Azonal,Mine,0.0328
2014,AZs3,Azonal,Mine,0
2014,CB1,IOCB,Mine,4.4004
2014,CB2,IOCB,Mine,0.5048
2014,CB3,IOCB,Mine,1.8272
2014,CB4,IOCB,Mine,0.1792
2014,CB5,IOCB,Mine,0.13
2014,CB6,IOCB,Mine,1.5484
2014,Dg1,Desert,Mine,0.2868
2014,Dg10,Desert,Mine,1.5072
2014,Dg2,Desert,Mine,0.0024
2014,Dg3,Desert,Mine,0.3748
2014,Dg4,Desert,Mine,0.2508
2014,Dg5,Desert,Mine,0
2014,Dg6,Desert,Mine,0
2014,Dg7,Desert,Mine,0.484
2014,Dg8,Desert,Mine,0.0156
2014,Dg9,Desert,Mine,0.3748
2014,Dn1,Desert,Mine,13.928
2014,Dn2,Desert,Mine,0.2988
2014,Dn3,Desert,Mine,7.946
2014,Dn4,Desert,Mine,13.2748
2014,Dn5,Desert,Mine,24.9412
2014,FFa1,Fynbos,Mine,0.0028
2014,FFa2,Fynbos,Mine,0.1972
2014,FFa3,Fynbos,Mine,0.2076
2014,FFa4,Fynbos,Mine,0.002
2014,FFb1,Fynbos,Mine,0.014
2014,FFb2,Fynbos,Mine,0.0132
2014,FFb3,Fynbos,Mine,0
2014,FFb4,Fynbos,Mine,0
2014,FFb5,Fynbos,Mine,0.0032
2014,FFb6,Fynbos,Mine,0.0072
2014,FFc1,Fynbos,Mine,0.0452
2014,FFd1,Fynbos,Mine,6.578
2014,FFd10,Fynbos,Mine,0.01
2014,FFd11,Fynbos,Mine,0
2014,FFd2,Fynbos,Mine,0.3304
2014,FFd3,Fynbos,Mine,0.0896
2014,FFd4,Fynbos,Mine,0.3212
2014,FFd5,Fynbos,Mine,1.24
2014,FFd6,Fynbos,Mine,0.052
2014,FFd7,Fynbos,Mine,0.0444
2014,FFd8,Fynbos,Mine,0.2004
2014,FFd9,Fynbos,Mine,0.108
2014,FFf1,Fynbos,Mine,0.0824
2014,FFf2,Fynbos,Mine,0.0016
2014,FFg1,Fynbos,Mine,0
2014,FFg2,Fynbos,Mine,0.1188
2014,FFg3,Fynbos,Mine,0
2014,FFg4,Fynbos,Mine,0
2014,FFg5,Fynbos,Mine,0.3992
2014,FFh1,Fynbos,Mine,0.0308
2014,FFh10,Fynbos,Mine,0
2014,FFh11,Fynbos,Mine,0.0036
2014,FFh2,Fynbos,Mine,0.0052
2014,FFh3,Fynbos,Mine,0.026
2014,FFh4,Fynbos,Mine,0.086
2014,FFh5,Fynbos,Mine,0.0232
2014,FFh6,Fynbos,Mine,0.0516
2014,FFh7,Fynbos,Mine,0.0016
2014,FFh8,Fynbos,Mine,0.0048
2014,FFh9,Fynbos,Mine,0.0192
2014,FFl1,Fynbos,Mine,0.0248
2014,FFl2,Fynbos,Mine,0.3524
2014,FFl3,Fynbos,Mine,0.0312
2014,FFq1,Fynbos,Mine,0
2014,FFq2,Fynbos,Mine,0.0152
2014,FFq3,Fynbos,Mine,0.2192
2014,FFq4,Fynbos,Mine,0.0552
2014,FFq5,Fynbos,Mine,0.0024
2014,FFq6,Fynbos,Mine,0
2014,FFs1,Fynbos,Mine,0.0016
2014,FFs10,Fynbos,Mine,0.0688
2014,FFs11,Fynbos,Mine,0.1376
2014,FFs12,Fynbos,Mine,0.2012
2014,FFs13,Fynbos,Mine,0.0312
2014,FFs14,Fynbos,Mine,0.1504
2014,FFs15,Fynbos,Mine,0.1164
2014,FFs16,Fynbos,Mine,0.0048
2014,FFs17,Fynbos,Mine,0.128
2014,FFs18,Fynbos,Mine,0.008
2014,FFs19,Fynbos,Mine,0.1036
2014,FFs2,Fynbos,Mine,0.1196
2014,FFs20,Fynbos,Mine,0.0648
2014,FFs21,Fynbos,Mine,0
2014,FFs22,Fynbos,Mine,0
2014,FFs23,Fynbos,Mine,0.0048
2014,FFs24,Fynbos,Mine,0.0044
2014,FFs25,Fynbos,Mine,0
2014,FFs26,Fynbos,Mine,0
2014,FFs27,Fynbos,Mine,0.0556
2014,FFs28,Fynbos,Mine,0.0604
2014,FFs29,Fynbos,Mine,0.3388
2014,FFs3,Fynbos,Mine,0
2014,FFs30,Fynbos,Mine,0
2014,FFs31,Fynbos,Mine,0
2014,FFs32,Fynbos,Mine,0
2014,FFs4,Fynbos,Mine,0.0264
2014,FFs5,Fynbos,Mine,0.1336
2014,FFs6,Fynbos,Mine,0.0164
2014,FFs7,Fynbos,Mine,0.0176
2014,FFs8,Fynbos,Mine,0.0256
2014,FFs9,Fynbos,Mine,0.014
2014,FFt1,Fynbos,Mine,0.0024
2014,FFt2,Fynbos,Mine,0.0136
2014,FOa1,Forest,Mine,0
2014,FOa2,Forest,Mine,0.0036
2014,FOa3,Forest,Mine,0.0036
2014,FOz1,Forest,Mine,0.024
2014,FOz2,Forest,Mine,0.0072
2014,FOz3,Forest,Mine,4.00E-04
2014,FOz4,Forest,Mine,0
2014,FOz5,Forest,Mine,0.0472
2014,FOz6,Forest,Mine,0
2014,FOz7,Forest,Mine,5.116
2014,FOz8,Forest,Mine,0
2014,FOz9,Forest,Mine,0.0012
2014,FRa1,Fynbos,Mine,0.1076
2014,FRa2,Fynbos,Mine,0.0044
2014,FRc1,Fynbos,Mine,0.0056
2014,FRc2,Fynbos,Mine,0.1404
2014,FRd1,Fynbos,Mine,0.0072
2014,FRd2,Fynbos,Mine,0.0016
2014,FRg1,Fynbos,Mine,0.0636
2014,FRg2,Fynbos,Mine,0.3304
2014,FRg3,Fynbos,Mine,0
2014,FRl1,Fynbos,Mine,0.022
2014,FRs1,Fynbos,Mine,0
2014,FRs10,Fynbos,Mine,0
2014,FRs11,Fynbos,Mine,0.0976
2014,FRs12,Fynbos,Mine,0.124
2014,FRs13,Fynbos,Mine,0.3844
2014,FRs14,Fynbos,Mine,0.3524
2014,FRs15,Fynbos,Mine,0.0016
2014,FRs16,Fynbos,Mine,0.0716
2014,FRs17,Fynbos,Mine,0.0612
2014,FRs18,Fynbos,Mine,0
2014,FRs19,Fynbos,Mine,0.2356
2014,FRs2,Fynbos,Mine,0.0012
2014,FRs20,Fynbos,Mine,0.0036
2014,FRs3,Fynbos,Mine,0.1504
2014,FRs4,Fynbos,Mine,0.0184
2014,FRs5,Fynbos,Mine,0.0652
2014,FRs6,Fynbos,Mine,0.4856
2014,FRs7,Fynbos,Mine,0.082
2014,FRs8,Fynbos,Mine,0.7136
2014,FRs9,Fynbos,Mine,6.568
2014,FS1,Fynbos,Mine,0.1112
2014,FS10,Fynbos,Mine,0.0104
2014,FS11,Fynbos,Mine,0
2014,FS12,Fynbos,Mine,0.0752
2014,FS13,Fynbos,Mine,0
2014,FS14,Fynbos,Mine,0.0012
2014,FS2,Fynbos,Mine,0.6828
2014,FS3,Fynbos,Mine,1.8684
2014,FS4,Fynbos,Mine,0.0264
2014,FS5,Fynbos,Mine,1.1108
2014,FS6,Fynbos,Mine,2.7788
2014,FS7,Fynbos,Mine,0
2014,FS9,Fynbos,Mine,0
2014,Gd1,Grassland,Mine,0.2032
2014,Gd10,Grassland,Mine,0
2014,Gd2,Grassland,Mine,4.00E-04
2014,Gd3,Grassland,Mine,0.5512
2014,Gd4,Grassland,Mine,0.2956
2014,Gd5,Grassland,Mine,0.0732
2014,Gd6,Grassland,Mine,0
2014,Gd7,Grassland,Mine,0
2014,Gd8,Grassland,Mine,0.0896
2014,Gh1,Grassland,Mine,0.56
2014,Gh10,Grassland,Mine,119.4224
2014,Gh11,Grassland,Mine,0.95
2014,Gh12,Grassland,Mine,37.794
2014,Gh13,Grassland,Mine,19.9056
2014,Gh14,Grassland,Mine,137.982
2014,Gh15,Grassland,Mine,61.9424
2014,Gh2,Grassland,Mine,3.6404
2014,Gh3,Grassland,Mine,8.2092
2014,Gh4,Grassland,Mine,2.6392
2014,Gh5,Grassland,Mine,9.1904
2014,Gh6,Grassland,Mine,42.4188
2014,Gh7,Grassland,Mine,3.3648
2014,Gh8,Grassland,Mine,0.3808
2014,Gh9,Grassland,Mine,31.1004
2014,Gm1,Grassland,Mine,1.0952
2014,Gm10,Grassland,Mine,8.008
2014,Gm11,Grassland,Mine,93.1564
2014,Gm12,Grassland,Mine,575.5068
2014,Gm13,Grassland,Mine,4.8316
2014,Gm14,Grassland,Mine,1.1928
2014,Gm15,Grassland,Mine,0.8748
2014,Gm16,Grassland,Mine,2.3048
2014,Gm17,Grassland,Mine,0.194
2014,Gm19,Grassland,Mine,9.5088
2014,Gm2,Grassland,Mine,0
2014,Gm20,Grassland,Mine,0
2014,Gm21,Grassland,Mine,2.7768
2014,Gm22,Grassland,Mine,4.1712
2014,Gm23,Grassland,Mine,0.554
2014,Gm24,Grassland,Mine,0
2014,Gm25,Grassland,Mine,0.0028
2014,Gm26,Grassland,Mine,0.0024
2014,Gm27,Grassland,Mine,0.1868
2014,Gm28,Grassland,Mine,0
2014,Gm29,Grassland,Mine,0.0116
2014,Gm3,Grassland,Mine,3.2716
2014,Gm30,Grassland,Mine,8.6624
2014,Gm31,Grassland,Mine,0.0408
2014,Gm4,Grassland,Mine,6.0088
2014,Gm5,Grassland,Mine,1.2228
2014,Gm6,Grassland,Mine,2.8828
2014,Gm7,Grassland,Mine,0
2014,Gm8,Grassland,Mine,115.5948
2014,Gm9,Grassland,Mine,19.2492
2014,Gs1,Grassland,Mine,0.43
2014,Gs10,Grassland,Mine,0.6304
2014,Gs11,Grassland,Mine,0.076
2014,Gs12,Grassland,Mine,1.2288
2014,Gs13,Grassland,Mine,0.4528
2014,Gs14,Grassland,Mine,1.8676
2014,Gs15,Grassland,Mine,0.928
2014,Gs16,Grassland,Mine,1.0184
2014,Gs17,Grassland,Mine,0.3632
2014,Gs18,Grassland,Mine,0.0524
2014,Gs19,Grassland,Mine,0.94
2014,Gs2,Grassland,Mine,0.046
2014,Gs20,Grassland,Mine,0.5048
2014,Gs3,Grassland,Mine,0.066
2014,Gs4,Grassland,Mine,11.4296
2014,Gs6,Grassland,Mine,7.5308
2014,Gs7,Grassland,Mine,6.3332
2014,Gs8,Grassland,Mine,0.1272
2014,Gs9,Grassland,Mine,0.2652
2014,NKb1,Nama-Karoo,Mine,0.8404
2014,NKb2,Nama-Karoo,Mine,0.0476
2014,NKb3,Nama-Karoo,Mine,17.9336
2014,NKb4,Nama-Karoo,Mine,1.5756
2014,NKb5,Nama-Karoo,Mine,6.2788
2014,NKb6,Nama-Karoo,Mine,25.852
2014,NKl1,Nama-Karoo,Mine,2.0852
2014,NKl2,Nama-Karoo,Mine,2.0788
2014,NKl4,Nama-Karoo,Mine,0.0328
2014,NKu1,Nama-Karoo,Mine,4.1656
2014,NKu2,Nama-Karoo,Mine,1.0124
2014,NKu3,Nama-Karoo,Mine,75.9364
2014,NKu4,Nama-Karoo,Mine,13.6956
2014,NOTVEG,NOTVEG,Mine,11.4072
2014,SKk1,Succulent Karoo,Mine,1.1844
2014,SKk2,Succulent Karoo,Mine,0.064
2014,SKk3,Succulent Karoo,Mine,2.5932
2014,SKk4,Succulent Karoo,Mine,0.0612
2014,SKk5,Succulent Karoo,Mine,4.1724
2014,SKk6,Succulent Karoo,Mine,0.608
2014,SKk7,Succulent Karoo,Mine,0.064
2014,SKk8,Succulent Karoo,Mine,0
2014,SKk9,Succulent Karoo,Mine,0
2014,SKn1,Succulent Karoo,Mine,8.2112
2014,SKn2,Succulent Karoo,Mine,0.2764
2014,SKn3,Succulent Karoo,Mine,5.0444
2014,SKn4,Succulent Karoo,Mine,11.4716
2014,SKn5,Succulent Karoo,Mine,0.5408
2014,SKn6,Succulent Karoo,Mine,0.0012
2014,SKn7,Succulent Karoo,Mine,0.482
2014,SKr1,Succulent Karoo,Mine,0.0992
2014,SKr10,Succulent Karoo,Mine,0.0368
2014,SKr11,Succulent Karoo,Mine,0.0444
2014,SKr12,Succulent Karoo,Mine,0.0556
2014,SKr13,Succulent Karoo,Mine,0.2304
2014,SKr14,Succulent Karoo,Mine,0.1708
2014,SKr15,Succulent Karoo,Mine,0.0052
2014,SKr16,Succulent Karoo,Mine,0.196
2014,SKr17,Succulent Karoo,Mine,0.3208
2014,SKr18,Succulent Karoo,Mine,1.812
2014,SKr19,Succulent Karoo,Mine,1.0004
2014,SKr2,Succulent Karoo,Mine,0.0052
2014,SKr3,Succulent Karoo,Mine,0
2014,SKr4,Succulent Karoo,Mine,0.792
2014,SKr5,Succulent Karoo,Mine,0
2014,SKr6,Succulent Karoo,Mine,0.0032
2014,SKr7,Succulent Karoo,Mine,0.0152
2014,SKr8,Succulent Karoo,Mine,0
2014,SKr9,Succulent Karoo,Mine,0
2014,SKs1,Succulent Karoo,Mine,144.6548
2014,SKs10,Succulent Karoo,Mine,0
2014,SKs11,Succulent Karoo,Mine,0.0276
2014,SKs12,Succulent Karoo,Mine,0.2128
2014,SKs13,Succulent Karoo,Mine,0.0272
2014,SKs14,Succulent Karoo,Mine,5.5048
2014,SKs2,Succulent Karoo,Mine,5.3596
2014,SKs3,Succulent Karoo,Mine,22.4472
2014,SKs4,Succulent Karoo,Mine,4.6308
2014,SKs5,Succulent Karoo,Mine,0.2172
2014,SKs6,Succulent Karoo,Mine,0.1204
2014,SKs7,Succulent Karoo,Mine,48.1556
2014,SKs8,Succulent Karoo,Mine,103.0872
2014,SKs9,Succulent Karoo,Mine,14.2108
2014,SKt1,Succulent Karoo,Mine,0.0124
2014,SKt2,Succulent Karoo,Mine,0.7568
2014,SKt3,Succulent Karoo,Mine,0.562
2014,SKv1,Succulent Karoo,Mine,0.0908
2014,SKv10,Succulent Karoo,Mine,0.012
2014,SKv11,Succulent Karoo,Mine,1.1352
2014,SKv13,Succulent Karoo,Mine,0.048
2014,SKv14,Succulent Karoo,Mine,0.2828
2014,SKv2,Succulent Karoo,Mine,0.0092
2014,SKv3,Succulent Karoo,Mine,0.0056
2014,SKv4,Succulent Karoo,Mine,0.008
2014,SKv5,Succulent Karoo,Mine,0.5384
2014,SKv6,Succulent Karoo,Mine,0.464
2014,SKv7,Succulent Karoo,Mine,0.3556
2014,SKv8,Succulent Karoo,Mine,0.5812
2014,SVcb1,Savanna,Mine,57.8024
2014,SVcb10,Savanna,Mine,17.34
2014,SVcb11,Savanna,Mine,8.742
2014,SVcb12,Savanna,Mine,27.1768
2014,SVcb13,Savanna,Mine,1.6528
2014,SVcb14,Savanna,Mine,0.938
2014,SVcb15,Savanna,Mine,11.1364
2014,SVcb16,Savanna,Mine,8.6888
2014,SVcb17,Savanna,Mine,13.394
2014,SVcb18,Savanna,Mine,1.6948
2014,SVcb19,Savanna,Mine,33.9568
2014,SVcb2,Savanna,Mine,1.3796
2014,SVcb20,Savanna,Mine,32.5884
2014,SVcb21,Savanna,Mine,0.4704
2014,SVcb22,Savanna,Mine,0
2014,SVcb23,Savanna,Mine,8.8708
2014,SVcb24,Savanna,Mine,1.0744
2014,SVcb25,Savanna,Mine,0.3156
2014,SVcb26,Savanna,Mine,0.8772
2014,SVcb27,Savanna,Mine,25.4028
2014,SVcb28,Savanna,Mine,20.4388
2014,SVcb29,Savanna,Mine,0.4356
2014,SVcb3,Savanna,Mine,1.3152
2014,SVcb4,Savanna,Mine,12.1608
2014,SVcb5,Savanna,Mine,0.0124
2014,SVcb6,Savanna,Mine,88.8984
2014,SVcb7,Savanna,Mine,14.19
2014,SVcb8,Savanna,Mine,20.7148
2014,SVcb9,Savanna,Mine,7.1408
2014,SVk1,Savanna,Mine,2.094
2014,SVk10,Savanna,Mine,35.4552
2014,SVk11,Savanna,Mine,3.6112
2014,SVk12,Savanna,Mine,79.0472
2014,SVk13,Savanna,Mine,21.578
2014,SVk14,Savanna,Mine,27.28
2014,SVk15,Savanna,Mine,0.0632
2014,SVk16,Savanna,Mine,2.7472
2014,SVk17,Savanna,Mine,16.5092
2014,SVk18,Savanna,Mine,0.168
2014,SVk2,Savanna,Mine,40.1388
2014,SVk3,Savanna,Mine,14.1564
2014,SVk4,Savanna,Mine,139.4504
2014,SVk5,Savanna,Mine,8.898
2014,SVk6,Savanna,Mine,45.2796
2014,SVk7,Savanna,Mine,32.318
2014,SVk8,Savanna,Mine,0.938
2014,SVk9,Savanna,Mine,51.1524
2014,SVkd1,Savanna,Mine,10.8188
2014,SVkd2,Savanna,Mine,0.236
2014,SVkd3,Savanna,Mine,0.0152
2014,SVkd4,Savanna,Mine,0
2014,SVl1,Savanna,Mine,1.248
2014,SVl10,Savanna,Mine,0.7636
2014,SVl11,Savanna,Mine,0.0504
2014,SVl12,Savanna,Mine,1.11
2014,SVl13,Savanna,Mine,0.3776
2014,SVl14,Savanna,Mine,0.1832
2014,SVl15,Savanna,Mine,0.0216
2014,SVl16,Savanna,Mine,0.0688
2014,SVl17,Savanna,Mine,0
2014,SVl18,Savanna,Mine,0.0012
2014,SVl19,Savanna,Mine,0
2014,SVl2,Savanna,Mine,0.002
2014,SVl20,Savanna,Mine,0.2728
2014,SVl21,Savanna,Mine,0
2014,SVl22,Savanna,Mine,0.1848
2014,SVl23,Savanna,Mine,5.9708
2014,SVl24,Savanna,Mine,0.1324
2014,SVl25,Savanna,Mine,0.004
2014,SVl26,Savanna,Mine,0
2014,SVl27,Savanna,Mine,0.1404
2014,SVl3,Savanna,Mine,6.6888
2014,SVl4,Savanna,Mine,0.0192
2014,SVl5,Savanna,Mine,0.1144
2014,SVl6,Savanna,Mine,0.0184
2014,SVl7,Savanna,Mine,0.0992
2014,SVl8,Savanna,Mine,1.0152
2014,SVl9,Savanna,Mine,1.904
2014,SVmp1,Savanna,Mine,17.3364
2014,SVmp2,Savanna,Mine,9.6096
2014,SVmp3,Savanna,Mine,0.0288
2014,SVmp4,Savanna,Mine,0.318
2014,SVmp5,Savanna,Mine,0.4848
2014,SVmp6,Savanna,Mine,11.146
2014,SVmp7,Savanna,Mine,32.3316
2014,SVmp8,Savanna,Mine,0.0408
2014,SVs1,Savanna,Mine,0.6036
2014,SVs2,Savanna,Mine,0.8256
2014,SVs3,Savanna,Mine,0.242
2014,SVs4,Savanna,Mine,0.056
2014,SVs5,Savanna,Mine,0.1252
2014,SVs6,Savanna,Mine,0.4956
2014,SVs7,Savanna,Mine,1.7324
2014,SVs8,Savanna,Mine,0.5508
2018,AT15,Albany Thicket,Mine,0
2018,AT16,Albany Thicket,Mine,0.6032
2018,AT17,Albany Thicket,Mine,0.1508
2018,AT18,Albany Thicket,Mine,0.0116
2018,AT19,Albany Thicket,Mine,0.0108
2018,AT20,Albany Thicket,Mine,0.4416
2018,AT21,Albany Thicket,Mine,0.078
2018,AT22,Albany Thicket,Mine,0.0748
2018,AT23,Albany Thicket,Mine,0.0076
2018,AT24,Albany Thicket,Mine,0.0488
2018,AT25,Albany Thicket,Mine,0.0872
2018,AT26,Albany Thicket,Mine,0
2018,AT27,Albany Thicket,Mine,0.3348
2018,AT28,Albany Thicket,Mine,0.0236
2018,AT29,Albany Thicket,Mine,0.404
2018,AT30,Albany Thicket,Mine,0.0248
2018,AT31,Albany Thicket,Mine,0
2018,AT32,Albany Thicket,Mine,0.1128
2018,AT33,Albany Thicket,Mine,0.0056
2018,AT34,Albany Thicket,Mine,0.06
2018,AT35,Albany Thicket,Mine,0
2018,AT36,Albany Thicket,Mine,0.0928
2018,AT37,Albany Thicket,Mine,0.1144
2018,AT38,Albany Thicket,Mine,0.8868
2018,AT39,Albany Thicket,Mine,1.0836
2018,AT40,Albany Thicket,Mine,0.262
2018,AT41,Albany Thicket,Mine,0.2132
2018,AT42,Albany Thicket,Mine,0.014
2018,AT43,Albany Thicket,Mine,0.008
2018,AT44,Albany Thicket,Mine,0.3924
2018,AT45,Albany Thicket,Mine,0.022
2018,AT46,Albany Thicket,Mine,0.1088
2018,AT47,Albany Thicket,Mine,0.0628
2018,AT48,Albany Thicket,Mine,0
2018,AT49,Albany Thicket,Mine,0.2952
2018,AT50,Albany Thicket,Mine,0.132
2018,AT51,Albany Thicket,Mine,2.2184
2018,AT52,Albany Thicket,Mine,0
2018,AT53,Albany Thicket,Mine,0
2018,AT54,Albany Thicket,Mine,0
2018,AT55,Albany Thicket,Mine,0.0732
2018,AT56,Albany Thicket,Mine,1.0008
2018,AT57,Albany Thicket,Mine,0.304
2018,AT58,Albany Thicket,Mine,0.0616
2018,AZa1,Azonal,Mine,0
2018,AZa2,Azonal,Mine,0.0568
2018,AZa3,Azonal,Mine,0.9596
2018,AZa4,Azonal,Mine,12.8608
2018,AZa5,Azonal,Mine,16.4784
2018,AZa6,Azonal,Mine,0.6828
2018,AZa7,Azonal,Mine,2.0356
2018,AZd1,Azonal,Mine,5.4488
2018,AZd2,Azonal,Mine,3.4252
2018,AZd3,Azonal,Mine,0.0472
2018,AZd4,Azonal,Mine,0.1472
2018,AZi1,Azonal,Mine,2.074
2018,AZi3,Azonal,Mine,0.2488
2018,AZi5,Azonal,Mine,7.8568
2018,AZi6,Azonal,Mine,1.3556
2018,AZi7,Azonal,Mine,0.1444
2018,AZi8,Azonal,Mine,0.066
2018,AZs3,Azonal,Mine,0
2018,CB1,IOCB,Mine,11.668
2018,CB2,IOCB,Mine,1.1912
2018,CB3,IOCB,Mine,5.4416
2018,CB4,IOCB,Mine,0.8688
2018,CB5,IOCB,Mine,0.5916
2018,CB6,IOCB,Mine,2.3348
2018,Dg1,Desert,Mine,2.8772
2018,Dg10,Desert,Mine,4.6256
2018,Dg2,Desert,Mine,0
2018,Dg3,Desert,Mine,3.5364
2018,Dg4,Desert,Mine,0.486
2018,Dg5,Desert,Mine,0
2018,Dg6,Desert,Mine,0
2018,Dg7,Desert,Mine,0.8664
2018,Dg8,Desert,Mine,0.0516
2018,Dg9,Desert,Mine,0.6928
2018,Dn1,Desert,Mine,14.64
2018,Dn2,Desert,Mine,0.456
2018,Dn3,Desert,Mine,10.6752
2018,Dn4,Desert,Mine,17.1224
2018,Dn5,Desert,Mine,29.5472
2018,FFa1,Fynbos,Mine,0.0052
2018,FFa2,Fynbos,Mine,0.2856
2018,FFa3,Fynbos,Mine,0.1424
2018,FFa4,Fynbos,Mine,0.0028
2018,FFb1,Fynbos,Mine,0.01
2018,FFb2,Fynbos,Mine,0
2018,FFb3,Fynbos,Mine,0
2018,FFb4,Fynbos,Mine,0
2018,FFb5,Fynbos,Mine,0.0048
2018,FFb6,Fynbos,Mine,0.012
2018,FFc1,Fynbos,Mine,0.2112
2018,FFd1,Fynbos,Mine,1.2496
2018,FFd10,Fynbos,Mine,0.0212
2018,FFd11,Fynbos,Mine,0.472
2018,FFd2,Fynbos,Mine,0.2984
2018,FFd3,Fynbos,Mine,0.084
2018,FFd4,Fynbos,Mine,0.726
2018,FFd5,Fynbos,Mine,1.316
2018,FFd6,Fynbos,Mine,0.0352
2018,FFd7,Fynbos,Mine,0.134
2018,FFd8,Fynbos,Mine,0.4788
2018,FFd9,Fynbos,Mine,0.2068
2018,FFf1,Fynbos,Mine,0.2256
2018,FFf2,Fynbos,Mine,0.0028
2018,FFg1,Fynbos,Mine,0
2018,FFg2,Fynbos,Mine,0.068
2018,FFg3,Fynbos,Mine,0
2018,FFg4,Fynbos,Mine,0
2018,FFg5,Fynbos,Mine,0.634
2018,FFh1,Fynbos,Mine,0.0288
2018,FFh10,Fynbos,Mine,0
2018,FFh11,Fynbos,Mine,4.00E-04
2018,FFh2,Fynbos,Mine,0.0028
2018,FFh3,Fynbos,Mine,0.0316
2018,FFh4,Fynbos,Mine,0.1196
2018,FFh5,Fynbos,Mine,0
2018,FFh6,Fynbos,Mine,0.066
2018,FFh7,Fynbos,Mine,0.0072
2018,FFh8,Fynbos,Mine,0.0064
2018,FFh9,Fynbos,Mine,0.056
2018,FFl1,Fynbos,Mine,0.0344
2018,FFl2,Fynbos,Mine,1.2476
2018,FFl3,Fynbos,Mine,0.1084
2018,FFq1,Fynbos,Mine,0
2018,FFq2,Fynbos,Mine,0.0216
2018,FFq3,Fynbos,Mine,0.182
2018,FFq4,Fynbos,Mine,0.1256
2018,FFq5,Fynbos,Mine,0
2018,FFq6,Fynbos,Mine,0.1124
2018,FFs1,Fynbos,Mine,0.0024
2018,FFs10,Fynbos,Mine,0.0908
2018,FFs11,Fynbos,Mine,0.2112
2018,FFs12,Fynbos,Mine,0.3708
2018,FFs13,Fynbos,Mine,0.0996
2018,FFs14,Fynbos,Mine,0.2556
2018,FFs15,Fynbos,Mine,0.2192
2018,FFs16,Fynbos,Mine,0.0172
2018,FFs17,Fynbos,Mine,0.1128
2018,FFs18,Fynbos,Mine,0.0072
2018,FFs19,Fynbos,Mine,0.212
2018,FFs2,Fynbos,Mine,0.1544
2018,FFs20,Fynbos,Mine,0.0656
2018,FFs21,Fynbos,Mine,0
2018,FFs22,Fynbos,Mine,0
2018,FFs23,Fynbos,Mine,0.0044
2018,FFs24,Fynbos,Mine,0.0044
2018,FFs25,Fynbos,Mine,0
2018,FFs26,Fynbos,Mine,0
2018,FFs27,Fynbos,Mine,0.0512
2018,FFs28,Fynbos,Mine,0.1908
2018,FFs29,Fynbos,Mine,0.6828
2018,FFs3,Fynbos,Mine,0
2018,FFs30,Fynbos,Mine,0
2018,FFs31,Fynbos,Mine,0
2018,FFs32,Fynbos,Mine,0
2018,FFs4,Fynbos,Mine,0.0308
2018,FFs5,Fynbos,Mine,0.1148
2018,FFs6,Fynbos,Mine,0.0736
2018,FFs7,Fynbos,Mine,0.0156
2018,FFs8,Fynbos,Mine,0.0208
2018,FFs9,Fynbos,Mine,0.0076
2018,FFt1,Fynbos,Mine,0.0044
2018,FFt2,Fynbos,Mine,0.0244
2018,FOa1,Forest,Mine,0
2018,FOa2,Forest,Mine,0.0092
2018,FOa3,Forest,Mine,0.0248
2018,FOz1,Forest,Mine,0.0012
2018,FOz2,Forest,Mine,0
2018,FOz3,Forest,Mine,8.00E-04
2018,FOz4,Forest,Mine,0
2018,FOz5,Forest,Mine,0.0732
2018,FOz6,Forest,Mine,0
2018,FOz7,Forest,Mine,7.8652
2018,FOz8,Forest,Mine,4.00E-04
2018,FOz9,Forest,Mine,0
2018,FRa1,Fynbos,Mine,0.2408
2018,FRa2,Fynbos,Mine,4.00E-04
2018,FRc1,Fynbos,Mine,0.0448
2018,FRc2,Fynbos,Mine,0.3216
2018,FRd1,Fynbos,Mine,0.0236
2018,FRd2,Fynbos,Mine,0.0036
2018,FRg1,Fynbos,Mine,0.0388
2018,FRg2,Fynbos,Mine,0.692
2018,FRg3,Fynbos,Mine,0
2018,FRl1,Fynbos,Mine,0.0216
2018,FRs1,Fynbos,Mine,0
2018,FRs10,Fynbos,Mine,0
2018,FRs11,Fynbos,Mine,0.1556
2018,FRs12,Fynbos,Mine,0.2624
2018,FRs13,Fynbos,Mine,1.8232
2018,FRs14,Fynbos,Mine,1.0992
2018,FRs15,Fynbos,Mine,0
2018,FRs16,Fynbos,Mine,0.0976
2018,FRs17,Fynbos,Mine,0.05
2018,FRs18,Fynbos,Mine,0
2018,FRs19,Fynbos,Mine,0.6192
2018,FRs2,Fynbos,Mine,0.0168
2018,FRs20,Fynbos,Mine,0.0092
2018,FRs3,Fynbos,Mine,0.2484
2018,FRs4,Fynbos,Mine,0.0284
2018,FRs5,Fynbos,Mine,0.1152
2018,FRs6,Fynbos,Mine,0.6332
2018,FRs7,Fynbos,Mine,0.1332
2018,FRs8,Fynbos,Mine,1.4152
2018,FRs9,Fynbos,Mine,9.5952
2018,FS1,Fynbos,Mine,0.5736
2018,FS10,Fynbos,Mine,0.0732
2018,FS11,Fynbos,Mine,0
2018,FS12,Fynbos,Mine,0.1796
2018,FS13,Fynbos,Mine,0
2018,FS14,Fynbos,Mine,0.0296
2018,FS2,Fynbos,Mine,3.1596
2018,FS3,Fynbos,Mine,6.172
2018,FS4,Fynbos,Mine,0.2172
2018,FS5,Fynbos,Mine,1.3688
2018,FS6,Fynbos,Mine,4.428
2018,FS7,Fynbos,Mine,0
2018,FS9,Fynbos,Mine,0
2018,Gd1,Grassland,Mine,0.3244
2018,Gd10,Grassland,Mine,0
2018,Gd2,Grassland,Mine,0.0064
2018,Gd3,Grassland,Mine,0.9732
2018,Gd4,Grassland,Mine,0.4944
2018,Gd5,Grassland,Mine,0.1
2018,Gd6,Grassland,Mine,0
2018,Gd7,Grassland,Mine,0
2018,Gd8,Grassland,Mine,0.1128
2018,Gh1,Grassland,Mine,0.5408
2018,Gh10,Grassland,Mine,106.722
2018,Gh11,Grassland,Mine,0.7012
2018,Gh12,Grassland,Mine,33.858
2018,Gh13,Grassland,Mine,9.2284
2018,Gh14,Grassland,Mine,53.0892
2018,Gh15,Grassland,Mine,31.874
2018,Gh2,Grassland,Mine,1.9516
2018,Gh3,Grassland,Mine,7.24
2018,Gh4,Grassland,Mine,3.2012
2018,Gh5,Grassland,Mine,9.7584
2018,Gh6,Grassland,Mine,48.308
2018,Gh7,Grassland,Mine,2.5896
2018,Gh8,Grassland,Mine,0.536
2018,Gh9,Grassland,Mine,24.69
2018,Gm1,Grassland,Mine,1.4168
2018,Gm10,Grassland,Mine,12.2872
2018,Gm11,Grassland,Mine,107.13
2018,Gm12,Grassland,Mine,487.63
2018,Gm13,Grassland,Mine,4.5284
2018,Gm14,Grassland,Mine,0.8748
2018,Gm15,Grassland,Mine,1.5364
2018,Gm16,Grassland,Mine,2.3956
2018,Gm17,Grassland,Mine,0.2532
2018,Gm19,Grassland,Mine,9.0428
2018,Gm2,Grassland,Mine,0
2018,Gm20,Grassland,Mine,0
2018,Gm21,Grassland,Mine,2.5772
2018,Gm22,Grassland,Mine,4.938
2018,Gm23,Grassland,Mine,0.7248
2018,Gm24,Grassland,Mine,0
2018,Gm25,Grassland,Mine,0
2018,Gm26,Grassland,Mine,0.0068
2018,Gm27,Grassland,Mine,0.146
2018,Gm28,Grassland,Mine,0
2018,Gm29,Grassland,Mine,0.0108
2018,Gm3,Grassland,Mine,3.8768
2018,Gm30,Grassland,Mine,8.1816
2018,Gm31,Grassland,Mine,0.0784
2018,Gm4,Grassland,Mine,2.5188
2018,Gm5,Grassland,Mine,1.4504
2018,Gm6,Grassland,Mine,1.8952
2018,Gm7,Grassland,Mine,0
2018,Gm8,Grassland,Mine,134.2344
2018,Gm9,Grassland,Mine,21.5512
2018,Gs1,Grassland,Mine,0.2992
2018,Gs10,Grassland,Mine,1.706
2018,Gs11,Grassland,Mine,0.4564
2018,Gs12,Grassland,Mine,2.1688
2018,Gs13,Grassland,Mine,0.6164
2018,Gs14,Grassland,Mine,3.606
2018,Gs15,Grassland,Mine,1.8624
2018,Gs16,Grassland,Mine,2.0024
2018,Gs17,Grassland,Mine,0.6612
2018,Gs18,Grassland,Mine,0.1088
2018,Gs19,Grassland,Mine,1.952
2018,Gs2,Grassland,Mine,0.1128
2018,Gs20,Grassland,Mine,1.0168
2018,Gs3,Grassland,Mine,0.0612
2018,Gs4,Grassland,Mine,11.6184
2018,Gs6,Grassland,Mine,9.7192
2018,Gs7,Grassland,Mine,4.9352
2018,Gs8,Grassland,Mine,0.3208
2018,Gs9,Grassland,Mine,1.076
2018,NKb1,Nama-Karoo,Mine,2.4056
2018,NKb2,Nama-Karoo,Mine,0.1392
2018,NKb3,Nama-Karoo,Mine,18.8196
2018,NKb4,Nama-Karoo,Mine,2.024
2018,NKb5,Nama-Karoo,Mine,8.1728
2018,NKb6,Nama-Karoo,Mine,29.4476
2018,NKl1,Nama-Karoo,Mine,3.5376
2018,NKl2,Nama-Karoo,Mine,2.7868
2018,NKl4,Nama-Karoo,Mine,0.0228
2018,NKu1,Nama-Karoo,Mine,7.8092
2018,NKu2,Nama-Karoo,Mine,0.9232
2018,NKu3,Nama-Karoo,Mine,61.8128
2018,NKu4,Nama-Karoo,Mine,5.622
2018,NOTVEG,NOTVEG,Mine,3.6028
2018,SKk1,Succulent Karoo,Mine,1.3936
2018,SKk2,Succulent Karoo,Mine,0.144
2018,SKk3,Succulent Karoo,Mine,3.5676
2018,SKk4,Succulent Karoo,Mine,0.1348
2018,SKk5,Succulent Karoo,Mine,6.5068
2018,SKk6,Succulent Karoo,Mine,1.1572
2018,SKk7,Succulent Karoo,Mine,0.0704
2018,SKk8,Succulent Karoo,Mine,0
2018,SKk9,Succulent Karoo,Mine,0
2018,SKn1,Succulent Karoo,Mine,7.9792
2018,SKn2,Succulent Karoo,Mine,0.3048
2018,SKn3,Succulent Karoo,Mine,5.0128
2018,SKn4,Succulent Karoo,Mine,9.882
2018,SKn5,Succulent Karoo,Mine,0.7108
2018,SKn6,Succulent Karoo,Mine,8.00E-04
2018,SKn7,Succulent Karoo,Mine,0.464
2018,SKr1,Succulent Karoo,Mine,0.1616
2018,SKr10,Succulent Karoo,Mine,0.0588
2018,SKr11,Succulent Karoo,Mine,0.1044
2018,SKr12,Succulent Karoo,Mine,0.0636
2018,SKr13,Succulent Karoo,Mine,0.074
2018,SKr14,Succulent Karoo,Mine,0.0496
2018,SKr15,Succulent Karoo,Mine,8.00E-04
2018,SKr16,Succulent Karoo,Mine,0.2572
2018,SKr17,Succulent Karoo,Mine,0.5172
2018,SKr18,Succulent Karoo,Mine,2.5228
2018,SKr19,Succulent Karoo,Mine,1.1712
2018,SKr2,Succulent Karoo,Mine,0.0184
2018,SKr3,Succulent Karoo,Mine,0
2018,SKr4,Succulent Karoo,Mine,1.2232
2018,SKr5,Succulent Karoo,Mine,0
2018,SKr6,Succulent Karoo,Mine,0.0072
2018,SKr7,Succulent Karoo,Mine,0.0312
2018,SKr8,Succulent Karoo,Mine,0
2018,SKr9,Succulent Karoo,Mine,0
2018,SKs1,Succulent Karoo,Mine,176.6436
2018,SKs10,Succulent Karoo,Mine,0
2018,SKs11,Succulent Karoo,Mine,0.0268
2018,SKs12,Succulent Karoo,Mine,0.152
2018,SKs13,Succulent Karoo,Mine,0.056
2018,SKs14,Succulent Karoo,Mine,4.7304
2018,SKs2,Succulent Karoo,Mine,7.0136
2018,SKs3,Succulent Karoo,Mine,23.3964
2018,SKs4,Succulent Karoo,Mine,5.4696
2018,SKs5,Succulent Karoo,Mine,0.3116
2018,SKs6,Succulent Karoo,Mine,0.1732
2018,SKs7,Succulent Karoo,Mine,37.1532
2018,SKs8,Succulent Karoo,Mine,104.0584
2018,SKs9,Succulent Karoo,Mine,7.1008
2018,SKt1,Succulent Karoo,Mine,0.0444
2018,SKt2,Succulent Karoo,Mine,1.4828
2018,SKt3,Succulent Karoo,Mine,1.1884
2018,SKv1,Succulent Karoo,Mine,0.0944
2018,SKv10,Succulent Karoo,Mine,0.0168
2018,SKv11,Succulent Karoo,Mine,1.2308
2018,SKv13,Succulent Karoo,Mine,0.1044
2018,SKv14,Succulent Karoo,Mine,0.1292
2018,SKv2,Succulent Karoo,Mine,0.0212
2018,SKv3,Succulent Karoo,Mine,0.0024
2018,SKv4,Succulent Karoo,Mine,0.0028
2018,SKv5,Succulent Karoo,Mine,0.9692
2018,SKv6,Succulent Karoo,Mine,0.904
2018,SKv7,Succulent Karoo,Mine,0.3232
2018,SKv8,Succulent Karoo,Mine,0.5748
2018,SVcb1,Savanna,Mine,43.5692
2018,SVcb10,Savanna,Mine,21.9328
2018,SVcb11,Savanna,Mine,7.088
2018,SVcb12,Savanna,Mine,28.7972
2018,SVcb13,Savanna,Mine,1.5412
2018,SVcb14,Savanna,Mine,0.5336
2018,SVcb15,Savanna,Mine,11.8156
2018,SVcb16,Savanna,Mine,8.8292
2018,SVcb17,Savanna,Mine,12.6776
2018,SVcb18,Savanna,Mine,2.7884
2018,SVcb19,Savanna,Mine,40.72
2018,SVcb2,Savanna,Mine,1.6432
2018,SVcb20,Savanna,Mine,36.2624
2018,SVcb21,Savanna,Mine,0.5036
2018,SVcb22,Savanna,Mine,0
2018,SVcb23,Savanna,Mine,11.07
2018,SVcb24,Savanna,Mine,1.002
2018,SVcb25,Savanna,Mine,0.504
2018,SVcb26,Savanna,Mine,2.8492
2018,SVcb27,Savanna,Mine,35.0636
2018,SVcb28,Savanna,Mine,33.6456
2018,SVcb29,Savanna,Mine,0.356
2018,SVcb3,Savanna,Mine,1.5952
2018,SVcb4,Savanna,Mine,10.7436
2018,SVcb5,Savanna,Mine,8.00E-04
2018,SVcb6,Savanna,Mine,85.384
2018,SVcb7,Savanna,Mine,18.3888
2018,SVcb8,Savanna,Mine,22.654
2018,SVcb9,Savanna,Mine,6.2228
2018,SVk1,Savanna,Mine,3.124
2018,SVk10,Savanna,Mine,32.7736
2018,SVk11,Savanna,Mine,5.6228
2018,SVk12,Savanna,Mine,86.7576
2018,SVk13,Savanna,Mine,21.1476
2018,SVk14,Savanna,Mine,27.894
2018,SVk15,Savanna,Mine,0.1396
2018,SVk16,Savanna,Mine,0.858
2018,SVk17,Savanna,Mine,13.8984
2018,SVk18,Savanna,Mine,12.312
2018,SVk2,Savanna,Mine,12.7096
2018,SVk3,Savanna,Mine,9.4424
2018,SVk4,Savanna,Mine,100.692
2018,SVk5,Savanna,Mine,8.4676
2018,SVk6,Savanna,Mine,47.468
2018,SVk7,Savanna,Mine,18.9004
2018,SVk8,Savanna,Mine,1.186
2018,SVk9,Savanna,Mine,41.0664
2018,SVkd1,Savanna,Mine,7.5604
2018,SVkd2,Savanna,Mine,0.2072
2018,SVkd3,Savanna,Mine,0
2018,SVkd4,Savanna,Mine,0
2018,SVl1,Savanna,Mine,2.2432
2018,SVl10,Savanna,Mine,1.3136
2018,SVl11,Savanna,Mine,0.0212
2018,SVl12,Savanna,Mine,1.6952
2018,SVl13,Savanna,Mine,0.5264
2018,SVl14,Savanna,Mine,0.0864
2018,SVl15,Savanna,Mine,0.0348
2018,SVl16,Savanna,Mine,0.002
2018,SVl17,Savanna,Mine,0
2018,SVl18,Savanna,Mine,0.0176
2018,SVl19,Savanna,Mine,0.0364
2018,SVl2,Savanna,Mine,0.0016
2018,SVl20,Savanna,Mine,0.4092
2018,SVl21,Savanna,Mine,0
2018,SVl22,Savanna,Mine,0.0464
2018,SVl23,Savanna,Mine,10.3344
2018,SVl24,Savanna,Mine,0.0476
2018,SVl25,Savanna,Mine,0.0116
2018,SVl26,Savanna,Mine,0.014
2018,SVl27,Savanna,Mine,0.0636
2018,SVl3,Savanna,Mine,12.2372
2018,SVl4,Savanna,Mine,0.04
2018,SVl5,Savanna,Mine,0.2244
2018,SVl6,Savanna,Mine,0.0268
2018,SVl7,Savanna,Mine,0.1612
2018,SVl8,Savanna,Mine,1.8044
2018,SVl9,Savanna,Mine,1.8324
2018,SVmp1,Savanna,Mine,13.276
2018,SVmp2,Savanna,Mine,8.6508
2018,SVmp3,Savanna,Mine,0.0104
2018,SVmp4,Savanna,Mine,0.1412
2018,SVmp5,Savanna,Mine,0.1144
2018,SVmp6,Savanna,Mine,5.75
2018,SVmp7,Savanna,Mine,29.6948
2018,SVmp8,Savanna,Mine,0.0072
2018,SVs1,Savanna,Mine,0.9396
2018,SVs2,Savanna,Mine,1.212
2018,SVs3,Savanna,Mine,0.638
2018,SVs4,Savanna,Mine,0.1896
2018,SVs5,Savanna,Mine,0.2996
2018,SVs6,Savanna,Mine,1.2724
2018,SVs7,Savanna,Mine,3.336
2018,SVs8,Savanna,Mine,1.114
2020,AT15,Albany Thicket,Mine,0
2020,AT16,Albany Thicket,Mine,0.6004
2020,AT17,Albany Thicket,Mine,0.0676
2020,AT18,Albany Thicket,Mine,0.008
2020,AT19,Albany Thicket,Mine,0.0156
2020,AT20,Albany Thicket,Mine,0.4188
2020,AT21,Albany Thicket,Mine,0.0492
2020,AT22,Albany Thicket,Mine,0.1412
2020,AT23,Albany Thicket,Mine,0.0064
2020,AT24,Albany Thicket,Mine,0.0328
2020,AT25,Albany Thicket,Mine,0.1044
2020,AT26,Albany Thicket,Mine,0
2020,AT27,Albany Thicket,Mine,0.3136
2020,AT28,Albany Thicket,Mine,0.0228
2020,AT29,Albany Thicket,Mine,0.238
2020,AT30,Albany Thicket,Mine,0.0204
2020,AT31,Albany Thicket,Mine,0
2020,AT32,Albany Thicket,Mine,0.0828
2020,AT33,Albany Thicket,Mine,0.0052
2020,AT34,Albany Thicket,Mine,0.0628
2020,AT35,Albany Thicket,Mine,0
2020,AT36,Albany Thicket,Mine,0.0872
2020,AT37,Albany Thicket,Mine,0.08
2020,AT38,Albany Thicket,Mine,0.8936
2020,AT39,Albany Thicket,Mine,1.1932
2020,AT40,Albany Thicket,Mine,0.26
2020,AT41,Albany Thicket,Mine,0.18
2020,AT42,Albany Thicket,Mine,0.014
2020,AT43,Albany Thicket,Mine,0.004
2020,AT44,Albany Thicket,Mine,0.438
2020,AT45,Albany Thicket,Mine,0.0548
2020,AT46,Albany Thicket,Mine,0.1312
2020,AT47,Albany Thicket,Mine,0.0556
2020,AT48,Albany Thicket,Mine,0
2020,AT49,Albany Thicket,Mine,0.402
2020,AT50,Albany Thicket,Mine,0.122
2020,AT51,Albany Thicket,Mine,2.3704
2020,AT52,Albany Thicket,Mine,0
2020,AT53,Albany Thicket,Mine,0
2020,AT54,Albany Thicket,Mine,0
2020,AT55,Albany Thicket,Mine,0.0924
2020,AT56,Albany Thicket,Mine,0.9896
2020,AT57,Albany Thicket,Mine,0.41
2020,AT58,Albany Thicket,Mine,0.0484
2020,AZa1,Azonal,Mine,0
2020,AZa2,Azonal,Mine,0.0624
2020,AZa3,Azonal,Mine,1.0428
2020,AZa4,Azonal,Mine,13.8828
2020,AZa5,Azonal,Mine,16.9892
2020,AZa6,Azonal,Mine,0.7888
2020,AZa7,Azonal,Mine,2.0484
2020,AZd1,Azonal,Mine,5.4504
2020,AZd2,Azonal,Mine,3.4252
2020,AZd3,Azonal,Mine,0.048
2020,AZd4,Azonal,Mine,0.1396
2020,AZi1,Azonal,Mine,1.8144
2020,AZi3,Azonal,Mine,0.3404
2020,AZi5,Azonal,Mine,9.1984
2020,AZi6,Azonal,Mine,1.2268
2020,AZi7,Azonal,Mine,0.1372
2020,AZi8,Azonal,Mine,0.086
2020,AZs3,Azonal,Mine,0
2020,CB1,IOCB,Mine,12.1892
2020,CB2,IOCB,Mine,1.0872
2020,CB3,IOCB,Mine,5.526
2020,CB4,IOCB,Mine,1.5864
2020,CB5,IOCB,Mine,0.5456
2020,CB6,IOCB,Mine,2.3476
2020,Dg1,Desert,Mine,2.8852
2020,Dg10,Desert,Mine,4.704
2020,Dg2,Desert,Mine,0
2020,Dg3,Desert,Mine,3.5392
2020,Dg4,Desert,Mine,0.4876
2020,Dg5,Desert,Mine,0
2020,Dg6,Desert,Mine,0
2020,Dg7,Desert,Mine,0.866
2020,Dg8,Desert,Mine,0.0504
2020,Dg9,Desert,Mine,0.7052
2020,Dn1,Desert,Mine,14.6784
2020,Dn2,Desert,Mine,0.44
2020,Dn3,Desert,Mine,10.7016
2020,Dn4,Desert,Mine,17.1536
2020,Dn5,Desert,Mine,29.552
2020,FFa1,Fynbos,Mine,0
2020,FFa2,Fynbos,Mine,0.2496
2020,FFa3,Fynbos,Mine,0.1324
2020,FFa4,Fynbos,Mine,4.00E-04
2020,FFb1,Fynbos,Mine,0.0092
2020,FFb2,Fynbos,Mine,0
2020,FFb3,Fynbos,Mine,0
2020,FFb4,Fynbos,Mine,0
2020,FFb5,Fynbos,Mine,0.0056
2020,FFb6,Fynbos,Mine,0.0076
2020,FFc1,Fynbos,Mine,0.212
2020,FFd1,Fynbos,Mine,1.3192
2020,FFd10,Fynbos,Mine,0.02
2020,FFd11,Fynbos,Mine,0.3136
2020,FFd2,Fynbos,Mine,0.2952
2020,FFd3,Fynbos,Mine,0.0816
2020,FFd4,Fynbos,Mine,1.4772
2020,FFd5,Fynbos,Mine,1.2784
2020,FFd6,Fynbos,Mine,0.05
2020,FFd7,Fynbos,Mine,0.0844
2020,FFd8,Fynbos,Mine,0.5228
2020,FFd9,Fynbos,Mine,0.194
2020,FFf1,Fynbos,Mine,0.2404
2020,FFf2,Fynbos,Mine,0.004
2020,FFg1,Fynbos,Mine,0
2020,FFg2,Fynbos,Mine,0.1036
2020,FFg3,Fynbos,Mine,0
2020,FFg4,Fynbos,Mine,0
2020,FFg5,Fynbos,Mine,0.7252
2020,FFh1,Fynbos,Mine,0.0332
2020,FFh10,Fynbos,Mine,0
2020,FFh11,Fynbos,Mine,4.00E-04
2020,FFh2,Fynbos,Mine,0.0028
2020,FFh3,Fynbos,Mine,0.0296
2020,FFh4,Fynbos,Mine,0.1044
2020,FFh5,Fynbos,Mine,0.002
2020,FFh6,Fynbos,Mine,0.0808
2020,FFh7,Fynbos,Mine,0.0068
2020,FFh8,Fynbos,Mine,0.012
2020,FFh9,Fynbos,Mine,0.0328
2020,FFl1,Fynbos,Mine,0.016
2020,FFl2,Fynbos,Mine,1.1936
2020,FFl3,Fynbos,Mine,0.1348
2020,FFq1,Fynbos,Mine,0
2020,FFq2,Fynbos,Mine,0.0228
2020,FFq3,Fynbos,Mine,0.1608
2020,FFq4,Fynbos,Mine,0.1228
2020,FFq5,Fynbos,Mine,0
2020,FFq6,Fynbos,Mine,0.088
2020,FFs1,Fynbos,Mine,0.0024
2020,FFs10,Fynbos,Mine,0.0916
2020,FFs11,Fynbos,Mine,0.2044
2020,FFs12,Fynbos,Mine,0.4224
2020,FFs13,Fynbos,Mine,0.0988
2020,FFs14,Fynbos,Mine,0.2512
2020,FFs15,Fynbos,Mine,0.2608
2020,FFs16,Fynbos,Mine,0.0172
2020,FFs17,Fynbos,Mine,0.1348
2020,FFs18,Fynbos,Mine,0.0068
2020,FFs19,Fynbos,Mine,0.2576
2020,FFs2,Fynbos,Mine,0.1508
2020,FFs20,Fynbos,Mine,0.062
2020,FFs21,Fynbos,Mine,0
2020,FFs22,Fynbos,Mine,0
2020,FFs23,Fynbos,Mine,0.006
2020,FFs24,Fynbos,Mine,0.0048
2020,FFs25,Fynbos,Mine,0
2020,FFs26,Fynbos,Mine,0
2020,FFs27,Fynbos,Mine,0.0592
2020,FFs28,Fynbos,Mine,0.1748
2020,FFs29,Fynbos,Mine,0.5816
2020,FFs3,Fynbos,Mine,0
2020,FFs30,Fynbos,Mine,0
2020,FFs31,Fynbos,Mine,0
2020,FFs32,Fynbos,Mine,0
2020,FFs4,Fynbos,Mine,0.1052
2020,FFs5,Fynbos,Mine,0.1052
2020,FFs6,Fynbos,Mine,0.1564
2020,FFs7,Fynbos,Mine,0.0148
2020,FFs8,Fynbos,Mine,0.022
2020,FFs9,Fynbos,Mine,0.0092
2020,FFt1,Fynbos,Mine,0.0024
2020,FFt2,Fynbos,Mine,0.0276
2020,FOa1,Forest,Mine,0
2020,FOa2,Forest,Mine,0.0116
2020,FOa3,Forest,Mine,0.026
2020,FOz1,Forest,Mine,0.0012
2020,FOz2,Forest,Mine,4.00E-04
2020,FOz3,Forest,Mine,8.00E-04
2020,FOz4,Forest,Mine,0
2020,FOz5,Forest,Mine,0.108
2020,FOz6,Forest,Mine,0
2020,FOz7,Forest,Mine,8.4312
2020,FOz8,Forest,Mine,4.00E-04
2020,FOz9,Forest,Mine,0
2020,FRa1,Fynbos,Mine,0.2292
2020,FRa2,Fynbos,Mine,4.00E-04
2020,FRc1,Fynbos,Mine,0.1092
2020,FRc2,Fynbos,Mine,0.322
2020,FRd1,Fynbos,Mine,0.0244
2020,FRd2,Fynbos,Mine,0.002
2020,FRg1,Fynbos,Mine,0.0272
2020,FRg2,Fynbos,Mine,0.8632
2020,FRg3,Fynbos,Mine,0
2020,FRl1,Fynbos,Mine,0.0204
2020,FRs1,Fynbos,Mine,0
2020,FRs10,Fynbos,Mine,0
2020,FRs11,Fynbos,Mine,0.1348
2020,FRs12,Fynbos,Mine,0.2032
2020,FRs13,Fynbos,Mine,1.2108
2020,FRs14,Fynbos,Mine,0.9376
2020,FRs15,Fynbos,Mine,0
2020,FRs16,Fynbos,Mine,0.1076
2020,FRs17,Fynbos,Mine,0.0472
2020,FRs18,Fynbos,Mine,0
2020,FRs19,Fynbos,Mine,0.618
2020,FRs2,Fynbos,Mine,0.0208
2020,FRs20,Fynbos,Mine,0.0128
2020,FRs3,Fynbos,Mine,0.2444
2020,FRs4,Fynbos,Mine,0.0284
2020,FRs5,Fynbos,Mine,0.114
2020,FRs6,Fynbos,Mine,0.5676
2020,FRs7,Fynbos,Mine,0.134
2020,FRs8,Fynbos,Mine,1.4572
2020,FRs9,Fynbos,Mine,9.3232
2020,FS1,Fynbos,Mine,0.6852
2020,FS10,Fynbos,Mine,0.09
2020,FS11,Fynbos,Mine,0
2020,FS12,Fynbos,Mine,0.1784
2020,FS13,Fynbos,Mine,0
2020,FS14,Fynbos,Mine,0.0288
2020,FS2,Fynbos,Mine,2.986
2020,FS3,Fynbos,Mine,8.1304
2020,FS4,Fynbos,Mine,0.2052
2020,FS5,Fynbos,Mine,1.6812
2020,FS6,Fynbos,Mine,5.0664
2020,FS7,Fynbos,Mine,0
2020,FS9,Fynbos,Mine,0
2020,Gd1,Grassland,Mine,0.4236
2020,Gd10,Grassland,Mine,0
2020,Gd2,Grassland,Mine,0.0068
2020,Gd3,Grassland,Mine,0.916
2020,Gd4,Grassland,Mine,0.4704
2020,Gd5,Grassland,Mine,0.1144
2020,Gd6,Grassland,Mine,0
2020,Gd7,Grassland,Mine,0
2020,Gd8,Grassland,Mine,0.1056
2020,Gh1,Grassland,Mine,0.626
2020,Gh10,Grassland,Mine,93.7652
2020,Gh11,Grassland,Mine,0.5468
2020,Gh12,Grassland,Mine,29.7188
2020,Gh13,Grassland,Mine,7.176
2020,Gh14,Grassland,Mine,51.0436
2020,Gh15,Grassland,Mine,30.3472
2020,Gh2,Grassland,Mine,2.5056
2020,Gh3,Grassland,Mine,6.9864
2020,Gh4,Grassland,Mine,3.1912
2020,Gh5,Grassland,Mine,8.9596
2020,Gh6,Grassland,Mine,43.678
2020,Gh7,Grassland,Mine,3.0348
2020,Gh8,Grassland,Mine,0.4632
2020,Gh9,Grassland,Mine,24.9208
2020,Gm1,Grassland,Mine,1.8008
2020,Gm10,Grassland,Mine,10.6764
2020,Gm11,Grassland,Mine,103.5972
2020,Gm12,Grassland,Mine,457.2972
2020,Gm13,Grassland,Mine,4.368
2020,Gm14,Grassland,Mine,0.9012
2020,Gm15,Grassland,Mine,1.64
2020,Gm16,Grassland,Mine,2.422
2020,Gm17,Grassland,Mine,0.2604
2020,Gm19,Grassland,Mine,7.0732
2020,Gm2,Grassland,Mine,0
2020,Gm20,Grassland,Mine,0
2020,Gm21,Grassland,Mine,2.3312
2020,Gm22,Grassland,Mine,4.924
2020,Gm23,Grassland,Mine,0.6596
2020,Gm24,Grassland,Mine,0
2020,Gm25,Grassland,Mine,0
2020,Gm26,Grassland,Mine,0.0024
2020,Gm27,Grassland,Mine,0.0996
2020,Gm28,Grassland,Mine,0
2020,Gm29,Grassland,Mine,0.01
2020,Gm3,Grassland,Mine,4.308
2020,Gm30,Grassland,Mine,8.6592
2020,Gm31,Grassland,Mine,0.0584
2020,Gm4,Grassland,Mine,2.3768
2020,Gm5,Grassland,Mine,1.4832
2020,Gm6,Grassland,Mine,2.6016
2020,Gm7,Grassland,Mine,0
2020,Gm8,Grassland,Mine,121.2672
2020,Gm9,Grassland,Mine,18.8728
2020,Gs1,Grassland,Mine,0.2804
2020,Gs10,Grassland,Mine,1.5908
2020,Gs11,Grassland,Mine,0.4944
2020,Gs12,Grassland,Mine,2.2744
2020,Gs13,Grassland,Mine,0.7428
2020,Gs14,Grassland,Mine,3.7124
2020,Gs15,Grassland,Mine,2.0604
2020,Gs16,Grassland,Mine,1.7504
2020,Gs17,Grassland,Mine,0.5796
2020,Gs18,Grassland,Mine,0.0832
2020,Gs19,Grassland,Mine,2.0956
2020,Gs2,Grassland,Mine,0.13
2020,Gs20,Grassland,Mine,1.0672
2020,Gs3,Grassland,Mine,0.064
2020,Gs4,Grassland,Mine,14.3056
2020,Gs6,Grassland,Mine,11.3848
2020,Gs7,Grassland,Mine,8.2092
2020,Gs8,Grassland,Mine,0.4876
2020,Gs9,Grassland,Mine,0.9992
2020,NKb1,Nama-Karoo,Mine,2.0176
2020,NKb2,Nama-Karoo,Mine,0.1372
2020,NKb3,Nama-Karoo,Mine,20.1316
2020,NKb4,Nama-Karoo,Mine,2.9448
2020,NKb5,Nama-Karoo,Mine,7.366
2020,NKb6,Nama-Karoo,Mine,32.3408
2020,NKl1,Nama-Karoo,Mine,3.2492
2020,NKl2,Nama-Karoo,Mine,2.6528
2020,NKl4,Nama-Karoo,Mine,0.0104
2020,NKu1,Nama-Karoo,Mine,7.6704
2020,NKu2,Nama-Karoo,Mine,0.9084
2020,NKu3,Nama-Karoo,Mine,63.5976
2020,NKu4,Nama-Karoo,Mine,4.4156
2020,NOTVEG,NOTVEG,Mine,4.1872
2020,SKk1,Succulent Karoo,Mine,1.3856
2020,SKk2,Succulent Karoo,Mine,0.1416
2020,SKk3,Succulent Karoo,Mine,3.6776
2020,SKk4,Succulent Karoo,Mine,0.1356
2020,SKk5,Succulent Karoo,Mine,7.0496
2020,SKk6,Succulent Karoo,Mine,1.1544
2020,SKk7,Succulent Karoo,Mine,0.0588
2020,SKk8,Succulent Karoo,Mine,0
2020,SKk9,Succulent Karoo,Mine,0
2020,SKn1,Succulent Karoo,Mine,7.588
2020,SKn2,Succulent Karoo,Mine,0.272
2020,SKn3,Succulent Karoo,Mine,5.0876
2020,SKn4,Succulent Karoo,Mine,10.686
2020,SKn5,Succulent Karoo,Mine,0.9212
2020,SKn6,Succulent Karoo,Mine,4.00E-04
2020,SKn7,Succulent Karoo,Mine,0.4656
2020,SKr1,Succulent Karoo,Mine,0.0956
2020,SKr10,Succulent Karoo,Mine,0.0304
2020,SKr11,Succulent Karoo,Mine,0.0964
2020,SKr12,Succulent Karoo,Mine,0.0652
2020,SKr13,Succulent Karoo,Mine,0.0716
2020,SKr14,Succulent Karoo,Mine,0.0476
2020,SKr15,Succulent Karoo,Mine,0.0012
2020,SKr16,Succulent Karoo,Mine,0.272
2020,SKr17,Succulent Karoo,Mine,0.552
2020,SKr18,Succulent Karoo,Mine,4.5184
2020,SKr19,Succulent Karoo,Mine,1.9404
2020,SKr2,Succulent Karoo,Mine,0.0184
2020,SKr3,Succulent Karoo,Mine,0
2020,SKr4,Succulent Karoo,Mine,0.9964
2020,SKr5,Succulent Karoo,Mine,0
2020,SKr6,Succulent Karoo,Mine,0.0044
2020,SKr7,Succulent Karoo,Mine,0.0176
2020,SKr8,Succulent Karoo,Mine,0
2020,SKr9,Succulent Karoo,Mine,0
2020,SKs1,Succulent Karoo,Mine,176.1112
2020,SKs10,Succulent Karoo,Mine,0
2020,SKs11,Succulent Karoo,Mine,0.0324
2020,SKs12,Succulent Karoo,Mine,0.138
2020,SKs13,Succulent Karoo,Mine,0.0692
2020,SKs14,Succulent Karoo,Mine,4.7
2020,SKs2,Succulent Karoo,Mine,7.2136
2020,SKs3,Succulent Karoo,Mine,21.5096
2020,SKs4,Succulent Karoo,Mine,5.4716
2020,SKs5,Succulent Karoo,Mine,0.3008
2020,SKs6,Succulent Karoo,Mine,0.1088
2020,SKs7,Succulent Karoo,Mine,34.864
2020,SKs8,Succulent Karoo,Mine,102.676
2020,SKs9,Succulent Karoo,Mine,6.5472
2020,SKt1,Succulent Karoo,Mine,0.046
2020,SKt2,Succulent Karoo,Mine,1.282
2020,SKt3,Succulent Karoo,Mine,1.1048
2020,SKv1,Succulent Karoo,Mine,0.0976
2020,SKv10,Succulent Karoo,Mine,0.0216
2020,SKv11,Succulent Karoo,Mine,1.5952
2020,SKv13,Succulent Karoo,Mine,0.1284
2020,SKv14,Succulent Karoo,Mine,0.1616
2020,SKv2,Succulent Karoo,Mine,0.0244
2020,SKv3,Succulent Karoo,Mine,0.0024
2020,SKv4,Succulent Karoo,Mine,0.002
2020,SKv5,Succulent Karoo,Mine,0.9424
2020,SKv6,Succulent Karoo,Mine,0.804
2020,SKv7,Succulent Karoo,Mine,0.3576
2020,SKv8,Succulent Karoo,Mine,0.5984
2020,SVcb1,Savanna,Mine,43.9952
2020,SVcb10,Savanna,Mine,21.3172
2020,SVcb11,Savanna,Mine,6.3856
2020,SVcb12,Savanna,Mine,24.4284
2020,SVcb13,Savanna,Mine,1.646
2020,SVcb14,Savanna,Mine,0.432
2020,SVcb15,Savanna,Mine,9.5976
2020,SVcb16,Savanna,Mine,8.4172
2020,SVcb17,Savanna,Mine,12.1744
2020,SVcb18,Savanna,Mine,2.1896
2020,SVcb19,Savanna,Mine,37.4268
2020,SVcb2,Savanna,Mine,1.5176
2020,SVcb20,Savanna,Mine,33.1536
2020,SVcb21,Savanna,Mine,0.3252
2020,SVcb22,Savanna,Mine,0
2020,SVcb23,Savanna,Mine,8.3808
2020,SVcb24,Savanna,Mine,0.7472
2020,SVcb25,Savanna,Mine,0.4572
2020,SVcb26,Savanna,Mine,0.9328
2020,SVcb27,Savanna,Mine,29.432
2020,SVcb28,Savanna,Mine,28.7944
2020,SVcb29,Savanna,Mine,0.3532
2020,SVcb3,Savanna,Mine,1.2848
2020,SVcb4,Savanna,Mine,10.3568
2020,SVcb5,Savanna,Mine,8.00E-04
2020,SVcb6,Savanna,Mine,75.3408
2020,SVcb7,Savanna,Mine,15.522
2020,SVcb8,Savanna,Mine,19.948
2020,SVcb9,Savanna,Mine,5.5788
2020,SVk1,Savanna,Mine,2.376
2020,SVk10,Savanna,Mine,37.9516
2020,SVk11,Savanna,Mine,5.6376
2020,SVk12,Savanna,Mine,94.1308
2020,SVk13,Savanna,Mine,21.0016
2020,SVk14,Savanna,Mine,30.1516
2020,SVk15,Savanna,Mine,0.1584
2020,SVk16,Savanna,Mine,0.3076
2020,SVk17,Savanna,Mine,10.4872
2020,SVk18,Savanna,Mine,11.882
2020,SVk2,Savanna,Mine,10.3672
2020,SVk3,Savanna,Mine,8.0368
2020,SVk4,Savanna,Mine,103.7636
2020,SVk5,Savanna,Mine,8.206
2020,SVk6,Savanna,Mine,48.5308
2020,SVk7,Savanna,Mine,19.6724
2020,SVk8,Savanna,Mine,1.4976
2020,SVk9,Savanna,Mine,43.556
2020,SVkd1,Savanna,Mine,6.0052
2020,SVkd2,Savanna,Mine,0.0164
2020,SVkd3,Savanna,Mine,0
2020,SVkd4,Savanna,Mine,0
2020,SVl1,Savanna,Mine,2.5328
2020,SVl10,Savanna,Mine,1.2464
2020,SVl11,Savanna,Mine,0.0088
2020,SVl12,Savanna,Mine,1.4516
2020,SVl13,Savanna,Mine,0.4572
2020,SVl14,Savanna,Mine,0.1172
2020,SVl15,Savanna,Mine,0.032
2020,SVl16,Savanna,Mine,0.0036
2020,SVl17,Savanna,Mine,0
2020,SVl18,Savanna,Mine,0.0304
2020,SVl19,Savanna,Mine,0.05
2020,SVl2,Savanna,Mine,0.0028
2020,SVl20,Savanna,Mine,1.12
2020,SVl21,Savanna,Mine,0
2020,SVl22,Savanna,Mine,0.034
2020,SVl23,Savanna,Mine,11.6168
2020,SVl24,Savanna,Mine,0.0552
2020,SVl25,Savanna,Mine,0.0252
2020,SVl26,Savanna,Mine,0.03
2020,SVl27,Savanna,Mine,0.0716
2020,SVl3,Savanna,Mine,7.9992
2020,SVl4,Savanna,Mine,0.024
2020,SVl5,Savanna,Mine,0.1952
2020,SVl6,Savanna,Mine,0.0076
2020,SVl7,Savanna,Mine,0.0988
2020,SVl8,Savanna,Mine,1.3908
2020,SVl9,Savanna,Mine,1.4672
2020,SVmp1,Savanna,Mine,13.4912
2020,SVmp2,Savanna,Mine,9.0268
2020,SVmp3,Savanna,Mine,0.0104
2020,SVmp4,Savanna,Mine,0.0708
2020,SVmp5,Savanna,Mine,0.0876
2020,SVmp6,Savanna,Mine,5.5216
2020,SVmp7,Savanna,Mine,26.1172
2020,SVmp8,Savanna,Mine,0.0028
2020,SVs1,Savanna,Mine,1.1056
2020,SVs2,Savanna,Mine,1.274
2020,SVs3,Savanna,Mine,0.7488
2020,SVs4,Savanna,Mine,0.2376
2020,SVs5,Savanna,Mine,0.2888
2020,SVs6,Savanna,Mine,1.848
2020,SVs7,Savanna,Mine,3.5616
2020,SVs8,Savanna,Mine,1.6984
2022,AT15,Albany Thicket,Mine,0
2022,AT16,Albany Thicket,Mine,0.5496
2022,AT17,Albany Thicket,Mine,0.0904
2022,AT18,Albany Thicket,Mine,0.0144
2022,AT19,Albany Thicket,Mine,0.0132
2022,AT20,Albany Thicket,Mine,0.39
2022,AT21,Albany Thicket,Mine,0.0748
2022,AT22,Albany Thicket,Mine,0.1168
2022,AT23,Albany Thicket,Mine,0.0048
2022,AT24,Albany Thicket,Mine,0.0532
2022,AT25,Albany Thicket,Mine,0.1012
2022,AT26,Albany Thicket,Mine,0
2022,AT27,Albany Thicket,Mine,0.3768
2022,AT28,Albany Thicket,Mine,0.026
2022,AT29,Albany Thicket,Mine,0.3748
2022,AT30,Albany Thicket,Mine,0.0176
2022,AT31,Albany Thicket,Mine,0
2022,AT32,Albany Thicket,Mine,0.1016
2022,AT33,Albany Thicket,Mine,0.006
2022,AT34,Albany Thicket,Mine,0.056
2022,AT35,Albany Thicket,Mine,0
2022,AT36,Albany Thicket,Mine,0.1016
2022,AT37,Albany Thicket,Mine,0.0708
2022,AT38,Albany Thicket,Mine,0.83
2022,AT39,Albany Thicket,Mine,1.3132
2022,AT40,Albany Thicket,Mine,0.2168
2022,AT41,Albany Thicket,Mine,0.1468
2022,AT42,Albany Thicket,Mine,0.0056
2022,AT43,Albany Thicket,Mine,0.0092
2022,AT44,Albany Thicket,Mine,0.3736
2022,AT45,Albany Thicket,Mine,0.0616
2022,AT46,Albany Thicket,Mine,0.1732
2022,AT47,Albany Thicket,Mine,0.074
2022,AT48,Albany Thicket,Mine,0
2022,AT49,Albany Thicket,Mine,0.43
2022,AT50,Albany Thicket,Mine,0.0964
2022,AT51,Albany Thicket,Mine,2.0644
2022,AT52,Albany Thicket,Mine,0
2022,AT53,Albany Thicket,Mine,0
2022,AT54,Albany Thicket,Mine,0
2022,AT55,Albany Thicket,Mine,0.0976
2022,AT56,Albany Thicket,Mine,0.7976
2022,AT57,Albany Thicket,Mine,0.2652
2022,AT58,Albany Thicket,Mine,0.0816
2022,AZa1,Azonal,Mine,0
2022,AZa2,Azonal,Mine,0.0516
2022,AZa3,Azonal,Mine,0.9152
2022,AZa4,Azonal,Mine,6.1288
2022,AZa5,Azonal,Mine,8.5496
2022,AZa6,Azonal,Mine,0.5884
2022,AZa7,Azonal,Mine,1.852
2022,AZd1,Azonal,Mine,5.4776
2022,AZd2,Azonal,Mine,3.4796
2022,AZd3,Azonal,Mine,0.0504
2022,AZd4,Azonal,Mine,0.1444
2022,AZi1,Azonal,Mine,2.0616
2022,AZi3,Azonal,Mine,0.106
2022,AZi5,Azonal,Mine,7.8948
2022,AZi6,Azonal,Mine,1.3824
2022,AZi7,Azonal,Mine,0.1948
2022,AZi8,Azonal,Mine,0.102
2022,AZs3,Azonal,Mine,0
2022,CB1,IOCB,Mine,11.98
2022,CB2,IOCB,Mine,1.038
2022,CB3,IOCB,Mine,5.2952
2022,CB4,IOCB,Mine,1.6276
2022,CB5,IOCB,Mine,0.4428
2022,CB6,IOCB,Mine,2.1672
2022,Dg1,Desert,Mine,2.954
2022,Dg10,Desert,Mine,4.0484
2022,Dg2,Desert,Mine,0
2022,Dg3,Desert,Mine,3.538
2022,Dg4,Desert,Mine,0.4772
2022,Dg5,Desert,Mine,0
2022,Dg6,Desert,Mine,0
2022,Dg7,Desert,Mine,0.8552
2022,Dg8,Desert,Mine,0.0476
2022,Dg9,Desert,Mine,0.6388
2022,Dn1,Desert,Mine,14.6536
2022,Dn2,Desert,Mine,0.4408
2022,Dn3,Desert,Mine,10.6056
2022,Dn4,Desert,Mine,17.1332
2022,Dn5,Desert,Mine,29.4208
2022,FFa1,Fynbos,Mine,0.0092
2022,FFa2,Fynbos,Mine,0.2776
2022,FFa3,Fynbos,Mine,0.1264
2022,FFa4,Fynbos,Mine,8.00E-04
2022,FFb1,Fynbos,Mine,0.008
2022,FFb2,Fynbos,Mine,0
2022,FFb3,Fynbos,Mine,0
2022,FFb4,Fynbos,Mine,0
2022,FFb5,Fynbos,Mine,0.0036
2022,FFb6,Fynbos,Mine,0.0112
2022,FFc1,Fynbos,Mine,0.198
2022,FFd1,Fynbos,Mine,1.7672
2022,FFd10,Fynbos,Mine,0.0244
2022,FFd11,Fynbos,Mine,0.242
2022,FFd2,Fynbos,Mine,0.4168
2022,FFd3,Fynbos,Mine,0.1096
2022,FFd4,Fynbos,Mine,1.5268
2022,FFd5,Fynbos,Mine,1.5284
2022,FFd6,Fynbos,Mine,0.0632
2022,FFd7,Fynbos,Mine,0.0692
2022,FFd8,Fynbos,Mine,0.5368
2022,FFd9,Fynbos,Mine,0.1224
2022,FFf1,Fynbos,Mine,0.2264
2022,FFf2,Fynbos,Mine,0.0032
2022,FFg1,Fynbos,Mine,0
2022,FFg2,Fynbos,Mine,0.1032
2022,FFg3,Fynbos,Mine,0
2022,FFg4,Fynbos,Mine,0
2022,FFg5,Fynbos,Mine,0.6644
2022,FFh1,Fynbos,Mine,0.0324
2022,FFh10,Fynbos,Mine,0
2022,FFh11,Fynbos,Mine,4.00E-04
2022,FFh2,Fynbos,Mine,0.002
2022,FFh3,Fynbos,Mine,0.0208
2022,FFh4,Fynbos,Mine,0.1
2022,FFh5,Fynbos,Mine,0.0012
2022,FFh6,Fynbos,Mine,0.0764
2022,FFh7,Fynbos,Mine,0.0032
2022,FFh8,Fynbos,Mine,0.0064
2022,FFh9,Fynbos,Mine,0.0724
2022,FFl1,Fynbos,Mine,0.0252
2022,FFl2,Fynbos,Mine,1.0316
2022,FFl3,Fynbos,Mine,0.1392
2022,FFq1,Fynbos,Mine,0
2022,FFq2,Fynbos,Mine,0.0216
2022,FFq3,Fynbos,Mine,0.1648
2022,FFq4,Fynbos,Mine,0.14
2022,FFq5,Fynbos,Mine,0
2022,FFq6,Fynbos,Mine,0.0632
2022,FFs1,Fynbos,Mine,0.0024
2022,FFs10,Fynbos,Mine,0.0676
2022,FFs11,Fynbos,Mine,0.2464
2022,FFs12,Fynbos,Mine,0.3816
2022,FFs13,Fynbos,Mine,0.0924
2022,FFs14,Fynbos,Mine,0.2412
2022,FFs15,Fynbos,Mine,0.2304
2022,FFs16,Fynbos,Mine,0.0152
2022,FFs17,Fynbos,Mine,0.0796
2022,FFs18,Fynbos,Mine,0.014
2022,FFs19,Fynbos,Mine,0.2328
2022,FFs2,Fynbos,Mine,0.1792
2022,FFs20,Fynbos,Mine,0.0528
2022,FFs21,Fynbos,Mine,0
2022,FFs22,Fynbos,Mine,0
2022,FFs23,Fynbos,Mine,0.004
2022,FFs24,Fynbos,Mine,0.0056
2022,FFs25,Fynbos,Mine,0
2022,FFs26,Fynbos,Mine,0
2022,FFs27,Fynbos,Mine,0.062
2022,FFs28,Fynbos,Mine,0.158
2022,FFs29,Fynbos,Mine,0.5524
2022,FFs3,Fynbos,Mine,0
2022,FFs30,Fynbos,Mine,0
2022,FFs31,Fynbos,Mine,0
2022,FFs32,Fynbos,Mine,0
2022,FFs4,Fynbos,Mine,0.1168
2022,FFs5,Fynbos,Mine,0.1012
2022,FFs6,Fynbos,Mine,0.1608
2022,FFs7,Fynbos,Mine,0.016
2022,FFs8,Fynbos,Mine,0.0224
2022,FFs9,Fynbos,Mine,0.0092
2022,FFt1,Fynbos,Mine,0.0016
2022,FFt2,Fynbos,Mine,0.0232
2022,FOa1,Forest,Mine,0
2022,FOa2,Forest,Mine,0.0144
2022,FOa3,Forest,Mine,0.0268
2022,FOz1,Forest,Mine,8.00E-04
2022,FOz2,Forest,Mine,4.00E-04
2022,FOz3,Forest,Mine,8.00E-04
2022,FOz4,Forest,Mine,0
2022,FOz5,Forest,Mine,0.1336
2022,FOz6,Forest,Mine,0
2022,FOz7,Forest,Mine,8.5524
2022,FOz8,Forest,Mine,0
2022,FOz9,Forest,Mine,0
2022,FRa1,Fynbos,Mine,0.252
2022,FRa2,Fynbos,Mine,0
2022,FRc1,Fynbos,Mine,0.214
2022,FRc2,Fynbos,Mine,0.3728
2022,FRd1,Fynbos,Mine,0.0184
2022,FRd2,Fynbos,Mine,0.0056
2022,FRg1,Fynbos,Mine,0.014
2022,FRg2,Fynbos,Mine,0.8448
2022,FRg3,Fynbos,Mine,0
2022,FRl1,Fynbos,Mine,0.0168
2022,FRs1,Fynbos,Mine,0
2022,FRs10,Fynbos,Mine,0
2022,FRs11,Fynbos,Mine,0.15
2022,FRs12,Fynbos,Mine,0.2228
2022,FRs13,Fynbos,Mine,1.3332
2022,FRs14,Fynbos,Mine,0.9276
2022,FRs15,Fynbos,Mine,0
2022,FRs16,Fynbos,Mine,0.1076
2022,FRs17,Fynbos,Mine,0.0524
2022,FRs18,Fynbos,Mine,0
2022,FRs19,Fynbos,Mine,0.7552
2022,FRs2,Fynbos,Mine,0.026
2022,FRs20,Fynbos,Mine,0.0116
2022,FRs3,Fynbos,Mine,0.228
2022,FRs4,Fynbos,Mine,0.0312
2022,FRs5,Fynbos,Mine,0.1068
2022,FRs6,Fynbos,Mine,0.6476
2022,FRs7,Fynbos,Mine,0.1384
2022,FRs8,Fynbos,Mine,1.5308
2022,FRs9,Fynbos,Mine,10.5652
2022,FS1,Fynbos,Mine,0.7012
2022,FS10,Fynbos,Mine,0.0904
2022,FS11,Fynbos,Mine,0
2022,FS12,Fynbos,Mine,0.1808
2022,FS13,Fynbos,Mine,0
2022,FS14,Fynbos,Mine,0.0216
2022,FS2,Fynbos,Mine,2.9436
2022,FS3,Fynbos,Mine,9.2964
2022,FS4,Fynbos,Mine,0.2244
2022,FS5,Fynbos,Mine,1.5148
2022,FS6,Fynbos,Mine,4.854
2022,FS7,Fynbos,Mine,0
2022,FS9,Fynbos,Mine,0
2022,Gd1,Grassland,Mine,0.3248
2022,Gd10,Grassland,Mine,0
2022,Gd2,Grassland,Mine,0.0064
2022,Gd3,Grassland,Mine,0.7324
2022,Gd4,Grassland,Mine,0.4044
2022,Gd5,Grassland,Mine,0.1
2022,Gd6,Grassland,Mine,0
2022,Gd7,Grassland,Mine,0
2022,Gd8,Grassland,Mine,0.0924
2022,Gh1,Grassland,Mine,0.5212
2022,Gh10,Grassland,Mine,70.9192
2022,Gh11,Grassland,Mine,0.4856
2022,Gh12,Grassland,Mine,26.3872
2022,Gh13,Grassland,Mine,5.2616
2022,Gh14,Grassland,Mine,23.788
2022,Gh15,Grassland,Mine,21.1468
2022,Gh2,Grassland,Mine,0.9488
2022,Gh3,Grassland,Mine,4.512
2022,Gh4,Grassland,Mine,2.0964
2022,Gh5,Grassland,Mine,3.3624
2022,Gh6,Grassland,Mine,33.7604
2022,Gh7,Grassland,Mine,1.278
2022,Gh8,Grassland,Mine,0.2056
2022,Gh9,Grassland,Mine,14.7508
2022,Gm1,Grassland,Mine,1.0512
2022,Gm10,Grassland,Mine,10.05
2022,Gm11,Grassland,Mine,99.6304
2022,Gm12,Grassland,Mine,438.0444
2022,Gm13,Grassland,Mine,4.3892
2022,Gm14,Grassland,Mine,0.7052
2022,Gm15,Grassland,Mine,1.556
2022,Gm16,Grassland,Mine,2.7604
2022,Gm17,Grassland,Mine,0.2124
2022,Gm19,Grassland,Mine,7.964
2022,Gm2,Grassland,Mine,0
2022,Gm20,Grassland,Mine,0
2022,Gm21,Grassland,Mine,2.1672
2022,Gm22,Grassland,Mine,4.2184
2022,Gm23,Grassland,Mine,0.5456
2022,Gm24,Grassland,Mine,0
2022,Gm25,Grassland,Mine,0
2022,Gm26,Grassland,Mine,8.00E-04
2022,Gm27,Grassland,Mine,0.066
2022,Gm28,Grassland,Mine,0
2022,Gm29,Grassland,Mine,0.004
2022,Gm3,Grassland,Mine,2.4028
2022,Gm30,Grassland,Mine,8.3368
2022,Gm31,Grassland,Mine,0.0504
2022,Gm4,Grassland,Mine,1.8276
2022,Gm5,Grassland,Mine,1.0912
2022,Gm6,Grassland,Mine,1.8712
2022,Gm7,Grassland,Mine,0
2022,Gm8,Grassland,Mine,107.8424
2022,Gm9,Grassland,Mine,17.7392
2022,Gs1,Grassland,Mine,0.28
2022,Gs10,Grassland,Mine,1.1788
2022,Gs11,Grassland,Mine,0.3592
2022,Gs12,Grassland,Mine,1.8964
2022,Gs13,Grassland,Mine,0.452
2022,Gs14,Grassland,Mine,2.6852
2022,Gs15,Grassland,Mine,1.412
2022,Gs16,Grassland,Mine,1.5556
2022,Gs17,Grassland,Mine,0.6588
2022,Gs18,Grassland,Mine,0.0824
2022,Gs19,Grassland,Mine,1.712
2022,Gs2,Grassland,Mine,0.1104
2022,Gs20,Grassland,Mine,0.8328
2022,Gs3,Grassland,Mine,0.0304
2022,Gs4,Grassland,Mine,11.268
2022,Gs6,Grassland,Mine,9.17
2022,Gs7,Grassland,Mine,5.3308
2022,Gs8,Grassland,Mine,0.3444
2022,Gs9,Grassland,Mine,0.8488
2022,NKb1,Nama-Karoo,Mine,1.7244
2022,NKb2,Nama-Karoo,Mine,0.1008
2022,NKb3,Nama-Karoo,Mine,16.2424
2022,NKb4,Nama-Karoo,Mine,2.3024
2022,NKb5,Nama-Karoo,Mine,4.8824
2022,NKb6,Nama-Karoo,Mine,30.6728
2022,NKl1,Nama-Karoo,Mine,2.654
2022,NKl2,Nama-Karoo,Mine,3.038
2022,NKl4,Nama-Karoo,Mine,0.028
2022,NKu1,Nama-Karoo,Mine,3.7996
2022,NKu2,Nama-Karoo,Mine,0.8372
2022,NKu3,Nama-Karoo,Mine,46.1368
2022,NKu4,Nama-Karoo,Mine,2.766
2022,NOTVEG,NOTVEG,Mine,4.4824
2022,SKk1,Succulent Karoo,Mine,1.5688
2022,SKk2,Succulent Karoo,Mine,0.1568
2022,SKk3,Succulent Karoo,Mine,3.7688
2022,SKk4,Succulent Karoo,Mine,0.134
2022,SKk5,Succulent Karoo,Mine,8.4092
2022,SKk6,Succulent Karoo,Mine,1.1784
2022,SKk7,Succulent Karoo,Mine,0.068
2022,SKk8,Succulent Karoo,Mine,0
2022,SKk9,Succulent Karoo,Mine,0
2022,SKn1,Succulent Karoo,Mine,6.7612
2022,SKn2,Succulent Karoo,Mine,0.2112
2022,SKn3,Succulent Karoo,Mine,4.3912
2022,SKn4,Succulent Karoo,Mine,10.2068
2022,SKn5,Succulent Karoo,Mine,0.3956
2022,SKn6,Succulent Karoo,Mine,4.00E-04
2022,SKn7,Succulent Karoo,Mine,0.6148
2022,SKr1,Succulent Karoo,Mine,0.0924
2022,SKr10,Succulent Karoo,Mine,0.034
2022,SKr11,Succulent Karoo,Mine,0.0888
2022,SKr12,Succulent Karoo,Mine,0.0592
2022,SKr13,Succulent Karoo,Mine,0.0576
2022,SKr14,Succulent Karoo,Mine,0.0484
2022,SKr15,Succulent Karoo,Mine,4.00E-04
2022,SKr16,Succulent Karoo,Mine,0.2592
2022,SKr17,Succulent Karoo,Mine,0.5464
2022,SKr18,Succulent Karoo,Mine,3.762
2022,SKr19,Succulent Karoo,Mine,2.4512
2022,SKr2,Succulent Karoo,Mine,0.0192
2022,SKr3,Succulent Karoo,Mine,0
2022,SKr4,Succulent Karoo,Mine,1.0624
2022,SKr5,Succulent Karoo,Mine,0
2022,SKr6,Succulent Karoo,Mine,0.004
2022,SKr7,Succulent Karoo,Mine,0.0356
2022,SKr8,Succulent Karoo,Mine,0
2022,SKr9,Succulent Karoo,Mine,0
2022,SKs1,Succulent Karoo,Mine,177.572
2022,SKs10,Succulent Karoo,Mine,0
2022,SKs11,Succulent Karoo,Mine,0.024
2022,SKs12,Succulent Karoo,Mine,0.1464
2022,SKs13,Succulent Karoo,Mine,0.078
2022,SKs14,Succulent Karoo,Mine,5.1304
2022,SKs2,Succulent Karoo,Mine,7.9224
2022,SKs3,Succulent Karoo,Mine,24.5176
2022,SKs4,Succulent Karoo,Mine,5.7028
2022,SKs5,Succulent Karoo,Mine,0.3144
2022,SKs6,Succulent Karoo,Mine,0.2032
2022,SKs7,Succulent Karoo,Mine,39.308
2022,SKs8,Succulent Karoo,Mine,111.6664
2022,SKs9,Succulent Karoo,Mine,7.806
2022,SKt1,Succulent Karoo,Mine,0.0184
2022,SKt2,Succulent Karoo,Mine,1.4348
2022,SKt3,Succulent Karoo,Mine,0.758
2022,SKv1,Succulent Karoo,Mine,0.1116
2022,SKv10,Succulent Karoo,Mine,0.0144
2022,SKv11,Succulent Karoo,Mine,1.7032
2022,SKv13,Succulent Karoo,Mine,0.0952
2022,SKv14,Succulent Karoo,Mine,0.204
2022,SKv2,Succulent Karoo,Mine,0.022
2022,SKv3,Succulent Karoo,Mine,0.0032
2022,SKv4,Succulent Karoo,Mine,0.002
2022,SKv5,Succulent Karoo,Mine,0.9384
2022,SKv6,Succulent Karoo,Mine,0.7724
2022,SKv7,Succulent Karoo,Mine,0.3876
2022,SKv8,Succulent Karoo,Mine,0.6576
2022,SVcb1,Savanna,Mine,41.752
2022,SVcb10,Savanna,Mine,15.916
2022,SVcb11,Savanna,Mine,4.85
2022,SVcb12,Savanna,Mine,21.292
2022,SVcb13,Savanna,Mine,1.7828
2022,SVcb14,Savanna,Mine,0.408
2022,SVcb15,Savanna,Mine,8.686
2022,SVcb16,Savanna,Mine,7.9448
2022,SVcb17,Savanna,Mine,10.1352
2022,SVcb18,Savanna,Mine,1.6248
2022,SVcb19,Savanna,Mine,38.2188
2022,SVcb2,Savanna,Mine,1.3244
2022,SVcb20,Savanna,Mine,33.0856
2022,SVcb21,Savanna,Mine,0.3616
2022,SVcb22,Savanna,Mine,0
2022,SVcb23,Savanna,Mine,7.6684
2022,SVcb24,Savanna,Mine,0.5792
2022,SVcb25,Savanna,Mine,0.474
2022,SVcb26,Savanna,Mine,1.0488
2022,SVcb27,Savanna,Mine,32.228
2022,SVcb28,Savanna,Mine,29.02
2022,SVcb29,Savanna,Mine,0.3196
2022,SVcb3,Savanna,Mine,0.9444
2022,SVcb4,Savanna,Mine,9.7944
2022,SVcb5,Savanna,Mine,4.00E-04
2022,SVcb6,Savanna,Mine,76.6764
2022,SVcb7,Savanna,Mine,16.0704
2022,SVcb8,Savanna,Mine,19.8024
2022,SVcb9,Savanna,Mine,4.9004
2022,SVk1,Savanna,Mine,1.5416
2022,SVk10,Savanna,Mine,36.504
2022,SVk11,Savanna,Mine,2.6504
2022,SVk12,Savanna,Mine,81.35
2022,SVk13,Savanna,Mine,15.284
2022,SVk14,Savanna,Mine,24.4692
2022,SVk15,Savanna,Mine,0.1012
2022,SVk16,Savanna,Mine,0.0692
2022,SVk17,Savanna,Mine,8.2376
2022,SVk18,Savanna,Mine,6.3328
2022,SVk2,Savanna,Mine,11.1568
2022,SVk3,Savanna,Mine,2.8056
2022,SVk4,Savanna,Mine,48.8256
2022,SVk5,Savanna,Mine,4.0516
2022,SVk6,Savanna,Mine,15.3664
2022,SVk7,Savanna,Mine,17.3972
2022,SVk8,Savanna,Mine,0.8776
2022,SVk9,Savanna,Mine,42.7688
2022,SVkd1,Savanna,Mine,6.5928
2022,SVkd2,Savanna,Mine,0.0108
2022,SVkd3,Savanna,Mine,0
2022,SVkd4,Savanna,Mine,0
2022,SVl1,Savanna,Mine,1.1476
2022,SVl10,Savanna,Mine,1.2124
2022,SVl11,Savanna,Mine,0.0116
2022,SVl12,Savanna,Mine,1.35
2022,SVl13,Savanna,Mine,0.3992
2022,SVl14,Savanna,Mine,0.0476
2022,SVl15,Savanna,Mine,0.0256
2022,SVl16,Savanna,Mine,0.0052
2022,SVl17,Savanna,Mine,0
2022,SVl18,Savanna,Mine,0.0196
2022,SVl19,Savanna,Mine,0.0468
2022,SVl2,Savanna,Mine,0.0028
2022,SVl20,Savanna,Mine,1.0104
2022,SVl21,Savanna,Mine,4.00E-04
2022,SVl22,Savanna,Mine,0.0212
2022,SVl23,Savanna,Mine,10.9492
2022,SVl24,Savanna,Mine,0.0504
2022,SVl25,Savanna,Mine,0.0112
2022,SVl26,Savanna,Mine,0.0236
2022,SVl27,Savanna,Mine,0.08
2022,SVl3,Savanna,Mine,8.8928
2022,SVl4,Savanna,Mine,0.0256
2022,SVl5,Savanna,Mine,0.1192
2022,SVl6,Savanna,Mine,0.0108
2022,SVl7,Savanna,Mine,0.148
2022,SVl8,Savanna,Mine,1.0176
2022,SVl9,Savanna,Mine,1.8992
2022,SVmp1,Savanna,Mine,11.5128
2022,SVmp2,Savanna,Mine,8.6196
2022,SVmp3,Savanna,Mine,0.0088
2022,SVmp4,Savanna,Mine,0.1612
2022,SVmp5,Savanna,Mine,0.0912
2022,SVmp6,Savanna,Mine,6.1612
2022,SVmp7,Savanna,Mine,27.0168
2022,SVmp8,Savanna,Mine,0.0144
2022,SVs1,Savanna,Mine,0.8136
2022,SVs2,Savanna,Mine,0.898
2022,SVs3,Savanna,Mine,0.4744
2022,SVs4,Savanna,Mine,0.1404
2022,SVs5,Savanna,Mine,0.2712
2022,SVs6,Savanna,Mine,1.2208
2022,SVs7,Savanna,Mine,2.8884
2022,SVs8,Savanna,Mine,1.3552
1990,AT15,Albany Thicket,Plantation,0
1990,AT16,Albany Thicket,Plantation,0
1990,AT17,Albany Thicket,Plantation,1.3764
1990,AT18,Albany Thicket,Plantation,0.4956
1990,AT19,Albany Thicket,Plantation,0.008
1990,AT20,Albany Thicket,Plantation,0
1990,AT21,Albany Thicket,Plantation,0.0668
1990,AT22,Albany Thicket,Plantation,0.2736
1990,AT23,Albany Thicket,Plantation,0.0204
1990,AT24,Albany Thicket,Plantation,0.2776
1990,AT25,Albany Thicket,Plantation,0
1990,AT26,Albany Thicket,Plantation,0
1990,AT27,Albany Thicket,Plantation,0
1990,AT28,Albany Thicket,Plantation,0.8452
1990,AT29,Albany Thicket,Plantation,0
1990,AT30,Albany Thicket,Plantation,0.0108
1990,AT31,Albany Thicket,Plantation,0.0756
1990,AT32,Albany Thicket,Plantation,2.806
1990,AT33,Albany Thicket,Plantation,0
1990,AT34,Albany Thicket,Plantation,0
1990,AT35,Albany Thicket,Plantation,0
1990,AT36,Albany Thicket,Plantation,10.7964
1990,AT37,Albany Thicket,Plantation,0.072
1990,AT38,Albany Thicket,Plantation,6.2276
1990,AT39,Albany Thicket,Plantation,0
1990,AT40,Albany Thicket,Plantation,4.772
1990,AT41,Albany Thicket,Plantation,2.1064
1990,AT42,Albany Thicket,Plantation,0
1990,AT43,Albany Thicket,Plantation,0
1990,AT44,Albany Thicket,Plantation,0.0548
1990,AT45,Albany Thicket,Plantation,0.3564
1990,AT46,Albany Thicket,Plantation,4.00E-04
1990,AT47,Albany Thicket,Plantation,0
1990,AT48,Albany Thicket,Plantation,0
1990,AT49,Albany Thicket,Plantation,0.172
1990,AT50,Albany Thicket,Plantation,0.1252
1990,AT51,Albany Thicket,Plantation,2.696
1990,AT52,Albany Thicket,Plantation,0
1990,AT53,Albany Thicket,Plantation,2.2572
1990,AT54,Albany Thicket,Plantation,0.0148
1990,AT55,Albany Thicket,Plantation,0.0496
1990,AT56,Albany Thicket,Plantation,9.2632
1990,AT57,Albany Thicket,Plantation,0.2096
1990,AT58,Albany Thicket,Plantation,0.0128
1990,AZa1,Azonal,Plantation,0.2616
1990,AZa2,Azonal,Plantation,7.9396
1990,AZa3,Azonal,Plantation,0.2272
1990,AZa4,Azonal,Plantation,1.9476
1990,AZa5,Azonal,Plantation,9.9188
1990,AZa6,Azonal,Plantation,13.132
1990,AZa7,Azonal,Plantation,27.8836
1990,AZd1,Azonal,Plantation,0
1990,AZd2,Azonal,Plantation,0
1990,AZd3,Azonal,Plantation,0.006
1990,AZd4,Azonal,Plantation,0.1556
1990,AZi1,Azonal,Plantation,0.0388
1990,AZi3,Azonal,Plantation,0.0376
1990,AZi5,Azonal,Plantation,0.64
1990,AZi6,Azonal,Plantation,2.694
1990,AZi7,Azonal,Plantation,0
1990,AZi8,Azonal,Plantation,1.0792
1990,AZs3,Azonal,Plantation,0.4856
1990,CB1,IOCB,Plantation,663.1756
1990,CB2,IOCB,Plantation,505.8836
1990,CB3,IOCB,Plantation,109.3488
1990,CB4,IOCB,Plantation,64.6144
1990,CB5,IOCB,Plantation,13.4484
1990,CB6,IOCB,Plantation,7.5416
1990,Dg1,Desert,Plantation,0
1990,Dg10,Desert,Plantation,0
1990,Dg2,Desert,Plantation,0
1990,Dg3,Desert,Plantation,0
1990,Dg4,Desert,Plantation,0
1990,Dg5,Desert,Plantation,0
1990,Dg6,Desert,Plantation,0
1990,Dg7,Desert,Plantation,0
1990,Dg8,Desert,Plantation,0
1990,Dg9,Desert,Plantation,0
1990,Dn1,Desert,Plantation,0
1990,Dn2,Desert,Plantation,0
1990,Dn3,Desert,Plantation,0.4604
1990,Dn4,Desert,Plantation,0.0924
1990,Dn5,Desert,Plantation,0
1990,FFa1,Fynbos,Plantation,0.3076
1990,FFa2,Fynbos,Plantation,12.1676
1990,FFa3,Fynbos,Plantation,15.6136
1990,FFa4,Fynbos,Plantation,0.9732
1990,FFb1,Fynbos,Plantation,0.3792
1990,FFb2,Fynbos,Plantation,3.0556
1990,FFb3,Fynbos,Plantation,0.0172
1990,FFb4,Fynbos,Plantation,1.3296
1990,FFb5,Fynbos,Plantation,0.2264
1990,FFb6,Fynbos,Plantation,12.9284
1990,FFc1,Fynbos,Plantation,26.5216
1990,FFd1,Fynbos,Plantation,0
1990,FFd10,Fynbos,Plantation,100.162
1990,FFd11,Fynbos,Plantation,0.1704
1990,FFd2,Fynbos,Plantation,2.736
1990,FFd3,Fynbos,Plantation,1.0764
1990,FFd4,Fynbos,Plantation,4.902
1990,FFd5,Fynbos,Plantation,7.4876
1990,FFd6,Fynbos,Plantation,0.9956
1990,FFd7,Fynbos,Plantation,2.0188
1990,FFd8,Fynbos,Plantation,0.1968
1990,FFd9,Fynbos,Plantation,6.346
1990,FFf1,Fynbos,Plantation,9.9968
1990,FFf2,Fynbos,Plantation,0.6568
1990,FFg1,Fynbos,Plantation,0
1990,FFg2,Fynbos,Plantation,58.6188
1990,FFg3,Fynbos,Plantation,10.344
1990,FFg4,Fynbos,Plantation,0
1990,FFg5,Fynbos,Plantation,21.9736
1990,FFh1,Fynbos,Plantation,2.7148
1990,FFh10,Fynbos,Plantation,0.1908
1990,FFh11,Fynbos,Plantation,1.5992
1990,FFh2,Fynbos,Plantation,0
1990,FFh3,Fynbos,Plantation,0.0672
1990,FFh4,Fynbos,Plantation,6.1656
1990,FFh5,Fynbos,Plantation,19.9612
1990,FFh6,Fynbos,Plantation,21.9016
1990,FFh7,Fynbos,Plantation,2.9188
1990,FFh8,Fynbos,Plantation,1.572
1990,FFh9,Fynbos,Plantation,84.0124
1990,FFl1,Fynbos,Plantation,0.0784
1990,FFl2,Fynbos,Plantation,0.0668
1990,FFl3,Fynbos,Plantation,0.9816
1990,FFq1,Fynbos,Plantation,0
1990,FFq2,Fynbos,Plantation,0.0056
1990,FFq3,Fynbos,Plantation,0.0024
1990,FFq4,Fynbos,Plantation,0.0136
1990,FFq5,Fynbos,Plantation,0
1990,FFq6,Fynbos,Plantation,0.336
1990,FFs1,Fynbos,Plantation,0.0088
1990,FFs10,Fynbos,Plantation,15.728
1990,FFs11,Fynbos,Plantation,80.6672
1990,FFs12,Fynbos,Plantation,4.0208
1990,FFs13,Fynbos,Plantation,0.0352
1990,FFs14,Fynbos,Plantation,7.5188
1990,FFs15,Fynbos,Plantation,3.424
1990,FFs16,Fynbos,Plantation,21.0072
1990,FFs17,Fynbos,Plantation,0.9748
1990,FFs18,Fynbos,Plantation,7.2456
1990,FFs19,Fynbos,Plantation,336.4568
1990,FFs2,Fynbos,Plantation,2.5184
1990,FFs20,Fynbos,Plantation,196.2432
1990,FFs21,Fynbos,Plantation,0
1990,FFs22,Fynbos,Plantation,0.0056
1990,FFs23,Fynbos,Plantation,0
1990,FFs24,Fynbos,Plantation,0.0392
1990,FFs25,Fynbos,Plantation,0
1990,FFs26,Fynbos,Plantation,0.0656
1990,FFs27,Fynbos,Plantation,95.9208
1990,FFs28,Fynbos,Plantation,22.914
1990,FFs29,Fynbos,Plantation,5.6416
1990,FFs3,Fynbos,Plantation,2.348
1990,FFs30,Fynbos,Plantation,0
1990,FFs31,Fynbos,Plantation,0
1990,FFs32,Fynbos,Plantation,0
1990,FFs4,Fynbos,Plantation,3.1252
1990,FFs5,Fynbos,Plantation,5.2116
1990,FFs6,Fynbos,Plantation,2.7008
1990,FFs7,Fynbos,Plantation,0.5616
1990,FFs8,Fynbos,Plantation,0.0616
1990,FFs9,Fynbos,Plantation,5.3256
1990,FFt1,Fynbos,Plantation,0.0344
1990,FFt2,Fynbos,Plantation,0.06
1990,FOa1,Forest,Plantation,0.0396
1990,FOa2,Forest,Plantation,18.2336
1990,FOa3,Forest,Plantation,0.1492
1990,FOz1,Forest,Plantation,107.8256
1990,FOz2,Forest,Plantation,27.7032
1990,FOz3,Forest,Plantation,125.7124
1990,FOz4,Forest,Plantation,96.0168
1990,FOz5,Forest,Plantation,33.2736
1990,FOz6,Forest,Plantation,0.6204
1990,FOz7,Forest,Plantation,47.6972
1990,FOz8,Forest,Plantation,2.4876
1990,FOz9,Forest,Plantation,0
1990,FRa1,Fynbos,Plantation,3.2988
1990,FRa2,Fynbos,Plantation,0
1990,FRc1,Fynbos,Plantation,0.4248
1990,FRc2,Fynbos,Plantation,1.8804
1990,FRd1,Fynbos,Plantation,0
1990,FRd2,Fynbos,Plantation,0
1990,FRg1,Fynbos,Plantation,0
1990,FRg2,Fynbos,Plantation,9.1012
1990,FRg3,Fynbos,Plantation,0.036
1990,FRl1,Fynbos,Plantation,0.1284
1990,FRs1,Fynbos,Plantation,0.0024
1990,FRs10,Fynbos,Plantation,0.5536
1990,FRs11,Fynbos,Plantation,13.6088
1990,FRs12,Fynbos,Plantation,18.4092
1990,FRs13,Fynbos,Plantation,15.638
1990,FRs14,Fynbos,Plantation,2.6884
1990,FRs15,Fynbos,Plantation,0.1004
1990,FRs16,Fynbos,Plantation,0.2236
1990,FRs17,Fynbos,Plantation,5.0436
1990,FRs18,Fynbos,Plantation,0
1990,FRs19,Fynbos,Plantation,0.0276
1990,FRs2,Fynbos,Plantation,0.0252
1990,FRs20,Fynbos,Plantation,0.3144
1990,FRs3,Fynbos,Plantation,0
1990,FRs4,Fynbos,Plantation,0.8856
1990,FRs5,Fynbos,Plantation,0
1990,FRs6,Fynbos,Plantation,0.0256
1990,FRs7,Fynbos,Plantation,2.9804
1990,FRs8,Fynbos,Plantation,17.6704
1990,FRs9,Fynbos,Plantation,19.066
1990,FS1,Fynbos,Plantation,0.3448
1990,FS10,Fynbos,Plantation,0.018
1990,FS11,Fynbos,Plantation,0
1990,FS12,Fynbos,Plantation,0.3028
1990,FS13,Fynbos,Plantation,0.9472
1990,FS14,Fynbos,Plantation,0
1990,FS2,Fynbos,Plantation,0.564
1990,FS3,Fynbos,Plantation,2.478
1990,FS4,Fynbos,Plantation,0.0028
1990,FS5,Fynbos,Plantation,0.282
1990,FS6,Fynbos,Plantation,0.034
1990,FS7,Fynbos,Plantation,0.0048
1990,FS9,Fynbos,Plantation,1.1024
1990,Gd1,Grassland,Plantation,229.4168
1990,Gd10,Grassland,Plantation,0
1990,Gd2,Grassland,Plantation,0.9428
1990,Gd3,Grassland,Plantation,1.4212
1990,Gd4,Grassland,Plantation,30.1788
1990,Gd5,Grassland,Plantation,4.9656
1990,Gd6,Grassland,Plantation,0.0192
1990,Gd7,Grassland,Plantation,0.0808
1990,Gd8,Grassland,Plantation,2.7092
1990,Gh1,Grassland,Plantation,0.234
1990,Gh10,Grassland,Plantation,116.8836
1990,Gh11,Grassland,Plantation,4.7468
1990,Gh12,Grassland,Plantation,1.5196
1990,Gh13,Grassland,Plantation,7.34
1990,Gh14,Grassland,Plantation,14.0744
1990,Gh15,Grassland,Plantation,66.4788
1990,Gh2,Grassland,Plantation,6.1628
1990,Gh3,Grassland,Plantation,12.5404
1990,Gh4,Grassland,Plantation,3.6764
1990,Gh5,Grassland,Plantation,23.8924
1990,Gh6,Grassland,Plantation,57.6736
1990,Gh7,Grassland,Plantation,10.1532
1990,Gh8,Grassland,Plantation,0.68
1990,Gh9,Grassland,Plantation,12.5992
1990,Gm1,Grassland,Plantation,7.316
1990,Gm10,Grassland,Plantation,57.0348
1990,Gm11,Grassland,Plantation,223.3996
1990,Gm12,Grassland,Plantation,770.6612
1990,Gm13,Grassland,Plantation,13.6056
1990,Gm14,Grassland,Plantation,50.9508
1990,Gm15,Grassland,Plantation,707.776
1990,Gm16,Grassland,Plantation,2178.2652
1990,Gm17,Grassland,Plantation,403.2376
1990,Gm19,Grassland,Plantation,8.4888
1990,Gm2,Grassland,Plantation,0.4856
1990,Gm20,Grassland,Plantation,0.0552
1990,Gm21,Grassland,Plantation,15.2512
1990,Gm22,Grassland,Plantation,475.4652
1990,Gm23,Grassland,Plantation,551.3492
1990,Gm24,Grassland,Plantation,0.57
1990,Gm25,Grassland,Plantation,269.7088
1990,Gm26,Grassland,Plantation,11.812
1990,Gm27,Grassland,Plantation,0.792
1990,Gm28,Grassland,Plantation,1.2008
1990,Gm29,Grassland,Plantation,1.0948
1990,Gm3,Grassland,Plantation,104.7412
1990,Gm30,Grassland,Plantation,523.2656
1990,Gm31,Grassland,Plantation,455.668
1990,Gm4,Grassland,Plantation,101.638
1990,Gm5,Grassland,Plantation,37.7564
1990,Gm6,Grassland,Plantation,28.438
1990,Gm7,Grassland,Plantation,0.1216
1990,Gm8,Grassland,Plantation,146.6412
1990,Gm9,Grassland,Plantation,19.8452
1990,Gs1,Grassland,Plantation,140.4628
1990,Gs10,Grassland,Plantation,547.1064
1990,Gs11,Grassland,Plantation,246.4568
1990,Gs12,Grassland,Plantation,160.2704
1990,Gs13,Grassland,Plantation,0.6372
1990,Gs14,Grassland,Plantation,172.1712
1990,Gs15,Grassland,Plantation,23.0892
1990,Gs16,Grassland,Plantation,1.9496
1990,Gs17,Grassland,Plantation,1.4044
1990,Gs18,Grassland,Plantation,0.098
1990,Gs19,Grassland,Plantation,114.5972
1990,Gs2,Grassland,Plantation,44.4524
1990,Gs20,Grassland,Plantation,736.1968
1990,Gs3,Grassland,Plantation,50.1596
1990,Gs4,Grassland,Plantation,145.31
1990,Gs6,Grassland,Plantation,31.8172
1990,Gs7,Grassland,Plantation,9.4088
1990,Gs8,Grassland,Plantation,209.4024
1990,Gs9,Grassland,Plantation,2307.8364
1990,NKb1,Nama-Karoo,Plantation,0.002
1990,NKb2,Nama-Karoo,Plantation,0
1990,NKb3,Nama-Karoo,Plantation,0.2276
1990,NKb4,Nama-Karoo,Plantation,0
1990,NKb5,Nama-Karoo,Plantation,0.1132
1990,NKb6,Nama-Karoo,Plantation,0.2724
1990,NKl1,Nama-Karoo,Plantation,0.2288
1990,NKl2,Nama-Karoo,Plantation,0.3664
1990,NKl4,Nama-Karoo,Plantation,0.0972
1990,NKu1,Nama-Karoo,Plantation,0.6396
1990,NKu2,Nama-Karoo,Plantation,0.082
1990,NKu3,Nama-Karoo,Plantation,7.0192
1990,NKu4,Nama-Karoo,Plantation,5.0136
1990,NOTVEG,NOTVEG,Plantation,0.784
1990,SKk1,Succulent Karoo,Plantation,0
1990,SKk2,Succulent Karoo,Plantation,0
1990,SKk3,Succulent Karoo,Plantation,0
1990,SKk4,Succulent Karoo,Plantation,0
1990,SKk5,Succulent Karoo,Plantation,0.004
1990,SKk6,Succulent Karoo,Plantation,0
1990,SKk7,Succulent Karoo,Plantation,0.4848
1990,SKk8,Succulent Karoo,Plantation,0
1990,SKk9,Succulent Karoo,Plantation,0
1990,SKn1,Succulent Karoo,Plantation,0
1990,SKn2,Succulent Karoo,Plantation,0
1990,SKn3,Succulent Karoo,Plantation,0
1990,SKn4,Succulent Karoo,Plantation,0
1990,SKn5,Succulent Karoo,Plantation,0
1990,SKn6,Succulent Karoo,Plantation,0
1990,SKn7,Succulent Karoo,Plantation,0
1990,SKr1,Succulent Karoo,Plantation,0
1990,SKr10,Succulent Karoo,Plantation,0
1990,SKr11,Succulent Karoo,Plantation,0
1990,SKr12,Succulent Karoo,Plantation,0
1990,SKr13,Succulent Karoo,Plantation,0
1990,SKr14,Succulent Karoo,Plantation,0
1990,SKr15,Succulent Karoo,Plantation,0
1990,SKr16,Succulent Karoo,Plantation,0
1990,SKr17,Succulent Karoo,Plantation,0
1990,SKr18,Succulent Karoo,Plantation,0.0192
1990,SKr19,Succulent Karoo,Plantation,0.0164
1990,SKr2,Succulent Karoo,Plantation,0
1990,SKr3,Succulent Karoo,Plantation,0
1990,SKr4,Succulent Karoo,Plantation,0
1990,SKr5,Succulent Karoo,Plantation,0
1990,SKr6,Succulent Karoo,Plantation,0
1990,SKr7,Succulent Karoo,Plantation,0
1990,SKr8,Succulent Karoo,Plantation,0
1990,SKr9,Succulent Karoo,Plantation,0
1990,SKs1,Succulent Karoo,Plantation,0
1990,SKs10,Succulent Karoo,Plantation,0
1990,SKs11,Succulent Karoo,Plantation,0
1990,SKs12,Succulent Karoo,Plantation,0.0052
1990,SKs13,Succulent Karoo,Plantation,0.002
1990,SKs14,Succulent Karoo,Plantation,4.00E-04
1990,SKs2,Succulent Karoo,Plantation,0
1990,SKs3,Succulent Karoo,Plantation,0
1990,SKs4,Succulent Karoo,Plantation,0
1990,SKs5,Succulent Karoo,Plantation,0
1990,SKs6,Succulent Karoo,Plantation,0
1990,SKs7,Succulent Karoo,Plantation,0.1024
1990,SKs8,Succulent Karoo,Plantation,0
1990,SKs9,Succulent Karoo,Plantation,0
1990,SKt1,Succulent Karoo,Plantation,0
1990,SKt2,Succulent Karoo,Plantation,0
1990,SKt3,Succulent Karoo,Plantation,0.0028
1990,SKv1,Succulent Karoo,Plantation,0.0044
1990,SKv10,Succulent Karoo,Plantation,0.0136
1990,SKv11,Succulent Karoo,Plantation,0.8572
1990,SKv13,Succulent Karoo,Plantation,0.054
1990,SKv14,Succulent Karoo,Plantation,0.1404
1990,SKv2,Succulent Karoo,Plantation,0
1990,SKv3,Succulent Karoo,Plantation,0
1990,SKv4,Succulent Karoo,Plantation,0
1990,SKv5,Succulent Karoo,Plantation,0
1990,SKv6,Succulent Karoo,Plantation,0.0112
1990,SKv7,Succulent Karoo,Plantation,0.832
1990,SKv8,Succulent Karoo,Plantation,0.5584
1990,SVcb1,Savanna,Plantation,1.1928
1990,SVcb10,Savanna,Plantation,36.134
1990,SVcb11,Savanna,Plantation,23.0004
1990,SVcb12,Savanna,Plantation,37.3356
1990,SVcb13,Savanna,Plantation,1.5532
1990,SVcb14,Savanna,Plantation,0.8088
1990,SVcb15,Savanna,Plantation,3.7628
1990,SVcb16,Savanna,Plantation,1.648
1990,SVcb17,Savanna,Plantation,8.9748
1990,SVcb18,Savanna,Plantation,0.4968
1990,SVcb19,Savanna,Plantation,4.878
1990,SVcb2,Savanna,Plantation,0.1224
1990,SVcb20,Savanna,Plantation,62.5764
1990,SVcb21,Savanna,Plantation,264.128
1990,SVcb22,Savanna,Plantation,0
1990,SVcb23,Savanna,Plantation,4.266
1990,SVcb24,Savanna,Plantation,2.9944
1990,SVcb25,Savanna,Plantation,0.1488
1990,SVcb26,Savanna,Plantation,8.112
1990,SVcb27,Savanna,Plantation,0.1408
1990,SVcb28,Savanna,Plantation,0.058
1990,SVcb29,Savanna,Plantation,0.0996
1990,SVcb3,Savanna,Plantation,1.726
1990,SVcb4,Savanna,Plantation,9.7556
1990,SVcb5,Savanna,Plantation,0.0152
1990,SVcb6,Savanna,Plantation,33.3424
1990,SVcb7,Savanna,Plantation,0.8944
1990,SVcb8,Savanna,Plantation,32.6548
1990,SVcb9,Savanna,Plantation,29.3868
1990,SVk1,Savanna,Plantation,1.1884
1990,SVk10,Savanna,Plantation,0.7708
1990,SVk11,Savanna,Plantation,0.0496
1990,SVk12,Savanna,Plantation,0.058
1990,SVk13,Savanna,Plantation,0.9252
1990,SVk14,Savanna,Plantation,0.1384
1990,SVk15,Savanna,Plantation,0.0148
1990,SVk16,Savanna,Plantation,0
1990,SVk17,Savanna,Plantation,0.8252
1990,SVk18,Savanna,Plantation,0.002
1990,SVk2,Savanna,Plantation,1.4164
1990,SVk3,Savanna,Plantation,0.2532
1990,SVk4,Savanna,Plantation,7.5052
1990,SVk5,Savanna,Plantation,0.052
1990,SVk6,Savanna,Plantation,1.4536
1990,SVk7,Savanna,Plantation,0.4156
1990,SVk8,Savanna,Plantation,0.434
1990,SVk9,Savanna,Plantation,0.8368
1990,SVkd1,Savanna,Plantation,0.0196
1990,SVkd2,Savanna,Plantation,0
1990,SVkd3,Savanna,Plantation,0
1990,SVkd4,Savanna,Plantation,0
1990,SVl1,Savanna,Plantation,0.814
1990,SVl10,Savanna,Plantation,4.6116
1990,SVl11,Savanna,Plantation,0
1990,SVl12,Savanna,Plantation,24.3568
1990,SVl13,Savanna,Plantation,19.666
1990,SVl14,Savanna,Plantation,3.8388
1990,SVl15,Savanna,Plantation,0
1990,SVl16,Savanna,Plantation,0.0812
1990,SVl17,Savanna,Plantation,0.2372
1990,SVl18,Savanna,Plantation,7.1088
1990,SVl19,Savanna,Plantation,0.0316
1990,SVl2,Savanna,Plantation,0
1990,SVl20,Savanna,Plantation,12.14
1990,SVl21,Savanna,Plantation,0.0332
1990,SVl22,Savanna,Plantation,75.9792
1990,SVl23,Savanna,Plantation,2.0956
1990,SVl24,Savanna,Plantation,5.9796
1990,SVl25,Savanna,Plantation,2.0176
1990,SVl26,Savanna,Plantation,1.3612
1990,SVl27,Savanna,Plantation,6.3448
1990,SVl3,Savanna,Plantation,7.9652
1990,SVl4,Savanna,Plantation,0.0588
1990,SVl5,Savanna,Plantation,0.0844
1990,SVl6,Savanna,Plantation,0
1990,SVl7,Savanna,Plantation,0.2532
1990,SVl8,Savanna,Plantation,308.8028
1990,SVl9,Savanna,Plantation,1401.3692
1990,SVmp1,Savanna,Plantation,0.7132
1990,SVmp2,Savanna,Plantation,0.1244
1990,SVmp3,Savanna,Plantation,0
1990,SVmp4,Savanna,Plantation,0
1990,SVmp5,Savanna,Plantation,0.4884
1990,SVmp6,Savanna,Plantation,0.1392
1990,SVmp7,Savanna,Plantation,0.426
1990,SVmp8,Savanna,Plantation,0
1990,SVs1,Savanna,Plantation,0.7088
1990,SVs2,Savanna,Plantation,3.5292
1990,SVs3,Savanna,Plantation,18.542
1990,SVs4,Savanna,Plantation,7.9608
1990,SVs5,Savanna,Plantation,468.7584
1990,SVs6,Savanna,Plantation,23.6952
1990,SVs7,Savanna,Plantation,70.9256
1990,SVs8,Savanna,Plantation,14.3496
2014,AT15,Albany Thicket,Plantation,0
2014,AT16,Albany Thicket,Plantation,0
2014,AT17,Albany Thicket,Plantation,1.1772
2014,AT18,Albany Thicket,Plantation,0.798
2014,AT19,Albany Thicket,Plantation,0.0244
2014,AT20,Albany Thicket,Plantation,0
2014,AT21,Albany Thicket,Plantation,0.054
2014,AT22,Albany Thicket,Plantation,0.0468
2014,AT23,Albany Thicket,Plantation,0.0516
2014,AT24,Albany Thicket,Plantation,1.0488
2014,AT25,Albany Thicket,Plantation,0
2014,AT26,Albany Thicket,Plantation,0
2014,AT27,Albany Thicket,Plantation,0
2014,AT28,Albany Thicket,Plantation,1.2536
2014,AT29,Albany Thicket,Plantation,8.00E-04
2014,AT30,Albany Thicket,Plantation,0.0028
2014,AT31,Albany Thicket,Plantation,0.0832
2014,AT32,Albany Thicket,Plantation,1.6852
2014,AT33,Albany Thicket,Plantation,0
2014,AT34,Albany Thicket,Plantation,0
2014,AT35,Albany Thicket,Plantation,0
2014,AT36,Albany Thicket,Plantation,7.9544
2014,AT37,Albany Thicket,Plantation,0.0152
2014,AT38,Albany Thicket,Plantation,14.5084
2014,AT39,Albany Thicket,Plantation,0
2014,AT40,Albany Thicket,Plantation,0.6816
2014,AT41,Albany Thicket,Plantation,3.4608
2014,AT42,Albany Thicket,Plantation,0.0032
2014,AT43,Albany Thicket,Plantation,0.004
2014,AT44,Albany Thicket,Plantation,0.0804
2014,AT45,Albany Thicket,Plantation,0.6104
2014,AT46,Albany Thicket,Plantation,0
2014,AT47,Albany Thicket,Plantation,0
2014,AT48,Albany Thicket,Plantation,0
2014,AT49,Albany Thicket,Plantation,0.2872
2014,AT50,Albany Thicket,Plantation,0.262
2014,AT51,Albany Thicket,Plantation,1.92
2014,AT52,Albany Thicket,Plantation,0
2014,AT53,Albany Thicket,Plantation,1.958
2014,AT54,Albany Thicket,Plantation,0.002
2014,AT55,Albany Thicket,Plantation,0.0176
2014,AT56,Albany Thicket,Plantation,10.1136
2014,AT57,Albany Thicket,Plantation,0.1416
2014,AT58,Albany Thicket,Plantation,0.0172
2014,AZa1,Azonal,Plantation,0.0148
2014,AZa2,Azonal,Plantation,2.8816
2014,AZa3,Azonal,Plantation,0.0156
2014,AZa4,Azonal,Plantation,2.9908
2014,AZa5,Azonal,Plantation,7.3216
2014,AZa6,Azonal,Plantation,10.8736
2014,AZa7,Azonal,Plantation,20.9804
2014,AZd1,Azonal,Plantation,0
2014,AZd2,Azonal,Plantation,0
2014,AZd3,Azonal,Plantation,0.0104
2014,AZd4,Azonal,Plantation,0.086
2014,AZi1,Azonal,Plantation,0.0692
2014,AZi3,Azonal,Plantation,0.0256
2014,AZi5,Azonal,Plantation,0.672
2014,AZi6,Azonal,Plantation,2.4432
2014,AZi7,Azonal,Plantation,0.0108
2014,AZi8,Azonal,Plantation,0.4692
2014,AZs3,Azonal,Plantation,0.0584
2014,CB1,IOCB,Plantation,607.0996
2014,CB2,IOCB,Plantation,476.0844
2014,CB3,IOCB,Plantation,67.9948
2014,CB4,IOCB,Plantation,74.3596
2014,CB5,IOCB,Plantation,12.3256
2014,CB6,IOCB,Plantation,4.8684
2014,Dg1,Desert,Plantation,0
2014,Dg10,Desert,Plantation,0
2014,Dg2,Desert,Plantation,0
2014,Dg3,Desert,Plantation,0
2014,Dg4,Desert,Plantation,0
2014,Dg5,Desert,Plantation,0
2014,Dg6,Desert,Plantation,0
2014,Dg7,Desert,Plantation,0
2014,Dg8,Desert,Plantation,0
2014,Dg9,Desert,Plantation,0.0456
2014,Dn1,Desert,Plantation,0
2014,Dn2,Desert,Plantation,0
2014,Dn3,Desert,Plantation,0
2014,Dn4,Desert,Plantation,0
2014,Dn5,Desert,Plantation,0
2014,FFa1,Fynbos,Plantation,0.0168
2014,FFa2,Fynbos,Plantation,5.188
2014,FFa3,Fynbos,Plantation,7.5504
2014,FFa4,Fynbos,Plantation,0.0844
2014,FFb1,Fynbos,Plantation,0.2444
2014,FFb2,Fynbos,Plantation,1.4224
2014,FFb3,Fynbos,Plantation,0.0084
2014,FFb4,Fynbos,Plantation,1.2504
2014,FFb5,Fynbos,Plantation,0.2104
2014,FFb6,Fynbos,Plantation,9.9228
2014,FFc1,Fynbos,Plantation,16.5484
2014,FFd1,Fynbos,Plantation,0.8676
2014,FFd10,Fynbos,Plantation,86.9252
2014,FFd11,Fynbos,Plantation,0.084
2014,FFd2,Fynbos,Plantation,3.7028
2014,FFd3,Fynbos,Plantation,2.1172
2014,FFd4,Fynbos,Plantation,5.2192
2014,FFd5,Fynbos,Plantation,4.1496
2014,FFd6,Fynbos,Plantation,0.864
2014,FFd7,Fynbos,Plantation,1.0144
2014,FFd8,Fynbos,Plantation,0.1228
2014,FFd9,Fynbos,Plantation,3.4352
2014,FFf1,Fynbos,Plantation,5.1952
2014,FFf2,Fynbos,Plantation,0.4268
2014,FFg1,Fynbos,Plantation,0
2014,FFg2,Fynbos,Plantation,32.6924
2014,FFg3,Fynbos,Plantation,6.564
2014,FFg4,Fynbos,Plantation,0
2014,FFg5,Fynbos,Plantation,14.9644
2014,FFh1,Fynbos,Plantation,1.2652
2014,FFh10,Fynbos,Plantation,0.2164
2014,FFh11,Fynbos,Plantation,0.8192
2014,FFh2,Fynbos,Plantation,0
2014,FFh3,Fynbos,Plantation,0.142
2014,FFh4,Fynbos,Plantation,2.5132
2014,FFh5,Fynbos,Plantation,6.4904
2014,FFh6,Fynbos,Plantation,13.834
2014,FFh7,Fynbos,Plantation,2.3976
2014,FFh8,Fynbos,Plantation,2.766
2014,FFh9,Fynbos,Plantation,66.4788
2014,FFl1,Fynbos,Plantation,0.0152
2014,FFl2,Fynbos,Plantation,0.3352
2014,FFl3,Fynbos,Plantation,0.4452
2014,FFq1,Fynbos,Plantation,0
2014,FFq2,Fynbos,Plantation,0
2014,FFq3,Fynbos,Plantation,0.0036
2014,FFq4,Fynbos,Plantation,0.0048
2014,FFq5,Fynbos,Plantation,0
2014,FFq6,Fynbos,Plantation,0.934
2014,FFs1,Fynbos,Plantation,0.1464
2014,FFs10,Fynbos,Plantation,7.6264
2014,FFs11,Fynbos,Plantation,32.5016
2014,FFs12,Fynbos,Plantation,3.234
2014,FFs13,Fynbos,Plantation,0.0652
2014,FFs14,Fynbos,Plantation,7.1424
2014,FFs15,Fynbos,Plantation,1.9968
2014,FFs16,Fynbos,Plantation,16.5864
2014,FFs17,Fynbos,Plantation,0.6664
2014,FFs18,Fynbos,Plantation,4.802
2014,FFs19,Fynbos,Plantation,245.2456
2014,FFs2,Fynbos,Plantation,1.1536
2014,FFs20,Fynbos,Plantation,156.5052
2014,FFs21,Fynbos,Plantation,0
2014,FFs22,Fynbos,Plantation,0.0044
2014,FFs23,Fynbos,Plantation,0.004
2014,FFs24,Fynbos,Plantation,0.086
2014,FFs25,Fynbos,Plantation,0
2014,FFs26,Fynbos,Plantation,0.02
2014,FFs27,Fynbos,Plantation,61.7072
2014,FFs28,Fynbos,Plantation,15.2816
2014,FFs29,Fynbos,Plantation,4.3536
2014,FFs3,Fynbos,Plantation,0.2372
2014,FFs30,Fynbos,Plantation,0
2014,FFs31,Fynbos,Plantation,0
2014,FFs32,Fynbos,Plantation,0
2014,FFs4,Fynbos,Plantation,1.398
2014,FFs5,Fynbos,Plantation,1.8468
2014,FFs6,Fynbos,Plantation,0.9424
2014,FFs7,Fynbos,Plantation,0.5836
2014,FFs8,Fynbos,Plantation,0.0196
2014,FFs9,Fynbos,Plantation,2.654
2014,FFt1,Fynbos,Plantation,0.0244
2014,FFt2,Fynbos,Plantation,0.0824
2014,FOa1,Forest,Plantation,0.016
2014,FOa2,Forest,Plantation,11.8612
2014,FOa3,Forest,Plantation,0.2612
2014,FOz1,Forest,Plantation,74.5544
2014,FOz2,Forest,Plantation,25.1028
2014,FOz3,Forest,Plantation,79.0992
2014,FOz4,Forest,Plantation,70.7208
2014,FOz5,Forest,Plantation,22.4376
2014,FOz6,Forest,Plantation,0.068
2014,FOz7,Forest,Plantation,32.4904
2014,FOz8,Forest,Plantation,0.2556
2014,FOz9,Forest,Plantation,0
2014,FRa1,Fynbos,Plantation,1.032
2014,FRa2,Fynbos,Plantation,0.0376
2014,FRc1,Fynbos,Plantation,0.584
2014,FRc2,Fynbos,Plantation,1.5064
2014,FRd1,Fynbos,Plantation,0
2014,FRd2,Fynbos,Plantation,0
2014,FRg1,Fynbos,Plantation,0
2014,FRg2,Fynbos,Plantation,5.8716
2014,FRg3,Fynbos,Plantation,0.014
2014,FRl1,Fynbos,Plantation,0.0932
2014,FRs1,Fynbos,Plantation,0.0044
2014,FRs10,Fynbos,Plantation,0.3736
2014,FRs11,Fynbos,Plantation,10.0848
2014,FRs12,Fynbos,Plantation,11.0332
2014,FRs13,Fynbos,Plantation,6.0172
2014,FRs14,Fynbos,Plantation,0.8672
2014,FRs15,Fynbos,Plantation,0.0712
2014,FRs16,Fynbos,Plantation,0.4864
2014,FRs17,Fynbos,Plantation,3.0196
2014,FRs18,Fynbos,Plantation,0
2014,FRs19,Fynbos,Plantation,0.034
2014,FRs2,Fynbos,Plantation,0.0816
2014,FRs20,Fynbos,Plantation,0.1712
2014,FRs3,Fynbos,Plantation,0.0076
2014,FRs4,Fynbos,Plantation,0.5544
2014,FRs5,Fynbos,Plantation,0
2014,FRs6,Fynbos,Plantation,0.0188
2014,FRs7,Fynbos,Plantation,2.7128
2014,FRs8,Fynbos,Plantation,10.1336
2014,FRs9,Fynbos,Plantation,20.672
2014,FS1,Fynbos,Plantation,0.2912
2014,FS10,Fynbos,Plantation,0.0084
2014,FS11,Fynbos,Plantation,0
2014,FS12,Fynbos,Plantation,0.146
2014,FS13,Fynbos,Plantation,0.7648
2014,FS14,Fynbos,Plantation,0
2014,FS2,Fynbos,Plantation,0.6368
2014,FS3,Fynbos,Plantation,5.0076
2014,FS4,Fynbos,Plantation,0.0104
2014,FS5,Fynbos,Plantation,0.4968
2014,FS6,Fynbos,Plantation,0.022
2014,FS7,Fynbos,Plantation,4.00E-04
2014,FS9,Fynbos,Plantation,0.7572
2014,Gd1,Grassland,Plantation,233.8992
2014,Gd10,Grassland,Plantation,0
2014,Gd2,Grassland,Plantation,2.0856
2014,Gd3,Grassland,Plantation,1.4768
2014,Gd4,Grassland,Plantation,64.7556
2014,Gd5,Grassland,Plantation,5.1136
2014,Gd6,Grassland,Plantation,0.0076
2014,Gd7,Grassland,Plantation,0.0592
2014,Gd8,Grassland,Plantation,1.8684
2014,Gh1,Grassland,Plantation,0.7784
2014,Gh10,Grassland,Plantation,105.6536
2014,Gh11,Grassland,Plantation,4.4996
2014,Gh12,Grassland,Plantation,1.2992
2014,Gh13,Grassland,Plantation,5.924
2014,Gh14,Grassland,Plantation,9.9196
2014,Gh15,Grassland,Plantation,48.6104
2014,Gh2,Grassland,Plantation,9.9116
2014,Gh3,Grassland,Plantation,11.0676
2014,Gh4,Grassland,Plantation,4.6596
2014,Gh5,Grassland,Plantation,13.8296
2014,Gh6,Grassland,Plantation,49.3708
2014,Gh7,Grassland,Plantation,4.9748
2014,Gh8,Grassland,Plantation,0.2928
2014,Gh9,Grassland,Plantation,10.2716
2014,Gm1,Grassland,Plantation,12.2476
2014,Gm10,Grassland,Plantation,49.7368
2014,Gm11,Grassland,Plantation,156.4256
2014,Gm12,Grassland,Plantation,889.186
2014,Gm13,Grassland,Plantation,22.7952
2014,Gm14,Grassland,Plantation,78.9204
2014,Gm15,Grassland,Plantation,1079.5696
2014,Gm16,Grassland,Plantation,2253.7496
2014,Gm17,Grassland,Plantation,418.3812
2014,Gm19,Grassland,Plantation,7.6932
2014,Gm2,Grassland,Plantation,0.4256
2014,Gm20,Grassland,Plantation,0.0232
2014,Gm21,Grassland,Plantation,7.2548
2014,Gm22,Grassland,Plantation,419.752
2014,Gm23,Grassland,Plantation,496.3032
2014,Gm24,Grassland,Plantation,0.1024
2014,Gm25,Grassland,Plantation,218.2564
2014,Gm26,Grassland,Plantation,9.8172
2014,Gm27,Grassland,Plantation,0.0332
2014,Gm28,Grassland,Plantation,0.922
2014,Gm29,Grassland,Plantation,0.3372
2014,Gm3,Grassland,Plantation,95.1488
2014,Gm30,Grassland,Plantation,566.7788
2014,Gm31,Grassland,Plantation,418.314
2014,Gm4,Grassland,Plantation,104.216
2014,Gm5,Grassland,Plantation,32.542
2014,Gm6,Grassland,Plantation,31.3432
2014,Gm7,Grassland,Plantation,0.1412
2014,Gm8,Grassland,Plantation,112.158
2014,Gm9,Grassland,Plantation,12.8576
2014,Gs1,Grassland,Plantation,165.5764
2014,Gs10,Grassland,Plantation,667.0932
2014,Gs11,Grassland,Plantation,283.5208
2014,Gs12,Grassland,Plantation,249.2508
2014,Gs13,Grassland,Plantation,0.7868
2014,Gs14,Grassland,Plantation,159.016
2014,Gs15,Grassland,Plantation,18.4384
2014,Gs16,Grassland,Plantation,2.0568
2014,Gs17,Grassland,Plantation,0.2492
2014,Gs18,Grassland,Plantation,0.1052
2014,Gs19,Grassland,Plantation,103.8764
2014,Gs2,Grassland,Plantation,53.2344
2014,Gs20,Grassland,Plantation,649.5548
2014,Gs3,Grassland,Plantation,50.3552
2014,Gs4,Grassland,Plantation,208.4584
2014,Gs6,Grassland,Plantation,39.3532
2014,Gs7,Grassland,Plantation,11.4964
2014,Gs8,Grassland,Plantation,260.5656
2014,Gs9,Grassland,Plantation,2224.8548
2014,NKb1,Nama-Karoo,Plantation,0.0136
2014,NKb2,Nama-Karoo,Plantation,0
2014,NKb3,Nama-Karoo,Plantation,0.4808
2014,NKb4,Nama-Karoo,Plantation,0
2014,NKb5,Nama-Karoo,Plantation,0.0176
2014,NKb6,Nama-Karoo,Plantation,0.2204
2014,NKl1,Nama-Karoo,Plantation,0.114
2014,NKl2,Nama-Karoo,Plantation,0.2244
2014,NKl4,Nama-Karoo,Plantation,0.2568
2014,NKu1,Nama-Karoo,Plantation,0.4196
2014,NKu2,Nama-Karoo,Plantation,0.0872
2014,NKu3,Nama-Karoo,Plantation,8.3252
2014,NKu4,Nama-Karoo,Plantation,8.0288
2014,NOTVEG,NOTVEG,Plantation,0.3804
2014,SKk1,Succulent Karoo,Plantation,0
2014,SKk2,Succulent Karoo,Plantation,0
2014,SKk3,Succulent Karoo,Plantation,0.0016
2014,SKk4,Succulent Karoo,Plantation,0
2014,SKk5,Succulent Karoo,Plantation,0.0644
2014,SKk6,Succulent Karoo,Plantation,8.00E-04
2014,SKk7,Succulent Karoo,Plantation,0.2228
2014,SKk8,Succulent Karoo,Plantation,0.008
2014,SKk9,Succulent Karoo,Plantation,0
2014,SKn1,Succulent Karoo,Plantation,0
2014,SKn2,Succulent Karoo,Plantation,0
2014,SKn3,Succulent Karoo,Plantation,0
2014,SKn4,Succulent Karoo,Plantation,4.00E-04
2014,SKn5,Succulent Karoo,Plantation,0
2014,SKn6,Succulent Karoo,Plantation,0
2014,SKn7,Succulent Karoo,Plantation,0
2014,SKr1,Succulent Karoo,Plantation,0
2014,SKr10,Succulent Karoo,Plantation,0
2014,SKr11,Succulent Karoo,Plantation,0
2014,SKr12,Succulent Karoo,Plantation,0
2014,SKr13,Succulent Karoo,Plantation,0
2014,SKr14,Succulent Karoo,Plantation,0
2014,SKr15,Succulent Karoo,Plantation,0
2014,SKr16,Succulent Karoo,Plantation,0
2014,SKr17,Succulent Karoo,Plantation,0
2014,SKr18,Succulent Karoo,Plantation,0
2014,SKr19,Succulent Karoo,Plantation,0.008
2014,SKr2,Succulent Karoo,Plantation,0
2014,SKr3,Succulent Karoo,Plantation,0
2014,SKr4,Succulent Karoo,Plantation,0
2014,SKr5,Succulent Karoo,Plantation,0
2014,SKr6,Succulent Karoo,Plantation,0
2014,SKr7,Succulent Karoo,Plantation,0
2014,SKr8,Succulent Karoo,Plantation,0
2014,SKr9,Succulent Karoo,Plantation,0
2014,SKs1,Succulent Karoo,Plantation,0
2014,SKs10,Succulent Karoo,Plantation,0
2014,SKs11,Succulent Karoo,Plantation,0
2014,SKs12,Succulent Karoo,Plantation,0.0188
2014,SKs13,Succulent Karoo,Plantation,0.0272
2014,SKs14,Succulent Karoo,Plantation,0.0096
2014,SKs2,Succulent Karoo,Plantation,0
2014,SKs3,Succulent Karoo,Plantation,0
2014,SKs4,Succulent Karoo,Plantation,0
2014,SKs5,Succulent Karoo,Plantation,0
2014,SKs6,Succulent Karoo,Plantation,0
2014,SKs7,Succulent Karoo,Plantation,0.4624
2014,SKs8,Succulent Karoo,Plantation,0
2014,SKs9,Succulent Karoo,Plantation,0
2014,SKt1,Succulent Karoo,Plantation,0
2014,SKt2,Succulent Karoo,Plantation,0.0312
2014,SKt3,Succulent Karoo,Plantation,0.078
2014,SKv1,Succulent Karoo,Plantation,0.032
2014,SKv10,Succulent Karoo,Plantation,0.022
2014,SKv11,Succulent Karoo,Plantation,0.4712
2014,SKv13,Succulent Karoo,Plantation,0.032
2014,SKv14,Succulent Karoo,Plantation,0.122
2014,SKv2,Succulent Karoo,Plantation,0
2014,SKv3,Succulent Karoo,Plantation,0
2014,SKv4,Succulent Karoo,Plantation,0
2014,SKv5,Succulent Karoo,Plantation,0.0016
2014,SKv6,Succulent Karoo,Plantation,0.018
2014,SKv7,Succulent Karoo,Plantation,0.242
2014,SKv8,Succulent Karoo,Plantation,0.4264
2014,SVcb1,Savanna,Plantation,0.89
2014,SVcb10,Savanna,Plantation,28.6968
2014,SVcb11,Savanna,Plantation,17.0488
2014,SVcb12,Savanna,Plantation,19.996
2014,SVcb13,Savanna,Plantation,1.644
2014,SVcb14,Savanna,Plantation,0.3672
2014,SVcb15,Savanna,Plantation,2.0812
2014,SVcb16,Savanna,Plantation,2.282
2014,SVcb17,Savanna,Plantation,2.3232
2014,SVcb18,Savanna,Plantation,0.946
2014,SVcb19,Savanna,Plantation,3.34
2014,SVcb2,Savanna,Plantation,0.096
2014,SVcb20,Savanna,Plantation,47.0152
2014,SVcb21,Savanna,Plantation,216.1908
2014,SVcb22,Savanna,Plantation,0
2014,SVcb23,Savanna,Plantation,1.9068
2014,SVcb24,Savanna,Plantation,0.4612
2014,SVcb25,Savanna,Plantation,0.0076
2014,SVcb26,Savanna,Plantation,6.1492
2014,SVcb27,Savanna,Plantation,0.6672
2014,SVcb28,Savanna,Plantation,0.1168
2014,SVcb29,Savanna,Plantation,0.0348
2014,SVcb3,Savanna,Plantation,1.3088
2014,SVcb4,Savanna,Plantation,11.8592
2014,SVcb5,Savanna,Plantation,0.0092
2014,SVcb6,Savanna,Plantation,16.8228
2014,SVcb7,Savanna,Plantation,0.4296
2014,SVcb8,Savanna,Plantation,18.982
2014,SVcb9,Savanna,Plantation,21.564
2014,SVk1,Savanna,Plantation,1.414
2014,SVk10,Savanna,Plantation,0.2728
2014,SVk11,Savanna,Plantation,0.1428
2014,SVk12,Savanna,Plantation,0.0356
2014,SVk13,Savanna,Plantation,0.3712
2014,SVk14,Savanna,Plantation,0.0216
2014,SVk15,Savanna,Plantation,0
2014,SVk16,Savanna,Plantation,0
2014,SVk17,Savanna,Plantation,1.0128
2014,SVk18,Savanna,Plantation,0.012
2014,SVk2,Savanna,Plantation,1.2476
2014,SVk3,Savanna,Plantation,0.1916
2014,SVk4,Savanna,Plantation,7.9908
2014,SVk5,Savanna,Plantation,0.0704
2014,SVk6,Savanna,Plantation,2.8696
2014,SVk7,Savanna,Plantation,0.344
2014,SVk8,Savanna,Plantation,0.4736
2014,SVk9,Savanna,Plantation,0.1728
2014,SVkd1,Savanna,Plantation,0.0576
2014,SVkd2,Savanna,Plantation,0
2014,SVkd3,Savanna,Plantation,0
2014,SVkd4,Savanna,Plantation,0
2014,SVl1,Savanna,Plantation,0.6048
2014,SVl10,Savanna,Plantation,4.126
2014,SVl11,Savanna,Plantation,0
2014,SVl12,Savanna,Plantation,20.2084
2014,SVl13,Savanna,Plantation,18.7296
2014,SVl14,Savanna,Plantation,9.4732
2014,SVl15,Savanna,Plantation,0
2014,SVl16,Savanna,Plantation,0.0288
2014,SVl17,Savanna,Plantation,0.092
2014,SVl18,Savanna,Plantation,4.5448
2014,SVl19,Savanna,Plantation,0.008
2014,SVl2,Savanna,Plantation,0
2014,SVl20,Savanna,Plantation,5.7988
2014,SVl21,Savanna,Plantation,0.0168
2014,SVl22,Savanna,Plantation,89.0484
2014,SVl23,Savanna,Plantation,2.9984
2014,SVl24,Savanna,Plantation,4.6048
2014,SVl25,Savanna,Plantation,7.1352
2014,SVl26,Savanna,Plantation,27.83
2014,SVl27,Savanna,Plantation,5.8024
2014,SVl3,Savanna,Plantation,2.5128
2014,SVl4,Savanna,Plantation,0.0612
2014,SVl5,Savanna,Plantation,0.0376
2014,SVl6,Savanna,Plantation,0
2014,SVl7,Savanna,Plantation,0.1592
2014,SVl8,Savanna,Plantation,231.2572
2014,SVl9,Savanna,Plantation,1269.9032
2014,SVmp1,Savanna,Plantation,0.464
2014,SVmp2,Savanna,Plantation,0.0944
2014,SVmp3,Savanna,Plantation,0
2014,SVmp4,Savanna,Plantation,0
2014,SVmp5,Savanna,Plantation,0.2396
2014,SVmp6,Savanna,Plantation,0.1548
2014,SVmp7,Savanna,Plantation,0.1884
2014,SVmp8,Savanna,Plantation,0
2014,SVs1,Savanna,Plantation,0.8632
2014,SVs2,Savanna,Plantation,4.448
2014,SVs3,Savanna,Plantation,12.9216
2014,SVs4,Savanna,Plantation,8.7884
2014,SVs5,Savanna,Plantation,435.278
2014,SVs6,Savanna,Plantation,21.1964
2014,SVs7,Savanna,Plantation,70.8012
2014,SVs8,Savanna,Plantation,19.3232
2018,AT15,Albany Thicket,Plantation,0
2018,AT16,Albany Thicket,Plantation,0
2018,AT17,Albany Thicket,Plantation,1.7432
2018,AT18,Albany Thicket,Plantation,0.7856
2018,AT19,Albany Thicket,Plantation,0.0064
2018,AT20,Albany Thicket,Plantation,0.002
2018,AT21,Albany Thicket,Plantation,0.1248
2018,AT22,Albany Thicket,Plantation,0.03
2018,AT23,Albany Thicket,Plantation,0.0876
2018,AT24,Albany Thicket,Plantation,1.5348
2018,AT25,Albany Thicket,Plantation,0
2018,AT26,Albany Thicket,Plantation,0
2018,AT27,Albany Thicket,Plantation,0
2018,AT28,Albany Thicket,Plantation,1.6648
2018,AT29,Albany Thicket,Plantation,0
2018,AT30,Albany Thicket,Plantation,0.0116
2018,AT31,Albany Thicket,Plantation,0.19
2018,AT32,Albany Thicket,Plantation,2.1996
2018,AT33,Albany Thicket,Plantation,0.0108
2018,AT34,Albany Thicket,Plantation,0.0148
2018,AT35,Albany Thicket,Plantation,0
2018,AT36,Albany Thicket,Plantation,10.1888
2018,AT37,Albany Thicket,Plantation,0.046
2018,AT38,Albany Thicket,Plantation,17.2976
2018,AT39,Albany Thicket,Plantation,0
2018,AT40,Albany Thicket,Plantation,0.5004
2018,AT41,Albany Thicket,Plantation,3.8776
2018,AT42,Albany Thicket,Plantation,0.0096
2018,AT43,Albany Thicket,Plantation,0.0348
2018,AT44,Albany Thicket,Plantation,0.0724
2018,AT45,Albany Thicket,Plantation,0.4492
2018,AT46,Albany Thicket,Plantation,0.01
2018,AT47,Albany Thicket,Plantation,0
2018,AT48,Albany Thicket,Plantation,0
2018,AT49,Albany Thicket,Plantation,0.1632
2018,AT50,Albany Thicket,Plantation,0.2152
2018,AT51,Albany Thicket,Plantation,2.4124
2018,AT52,Albany Thicket,Plantation,0
2018,AT53,Albany Thicket,Plantation,2.0992
2018,AT54,Albany Thicket,Plantation,0.004
2018,AT55,Albany Thicket,Plantation,0.022
2018,AT56,Albany Thicket,Plantation,10.7224
2018,AT57,Albany Thicket,Plantation,0.1448
2018,AT58,Albany Thicket,Plantation,0.0356
2018,AZa1,Azonal,Plantation,0.0292
2018,AZa2,Azonal,Plantation,6.2292
2018,AZa3,Azonal,Plantation,0.0304
2018,AZa4,Azonal,Plantation,6.7528
2018,AZa5,Azonal,Plantation,22.7572
2018,AZa6,Azonal,Plantation,11.8816
2018,AZa7,Azonal,Plantation,19.814
2018,AZd1,Azonal,Plantation,0
2018,AZd2,Azonal,Plantation,0
2018,AZd3,Azonal,Plantation,0.0016
2018,AZd4,Azonal,Plantation,0.1368
2018,AZi1,Azonal,Plantation,0.5776
2018,AZi3,Azonal,Plantation,0.088
2018,AZi5,Azonal,Plantation,0.8152
2018,AZi6,Azonal,Plantation,4.2416
2018,AZi7,Azonal,Plantation,0.7188
2018,AZi8,Azonal,Plantation,1.1696
2018,AZs3,Azonal,Plantation,0.0776
2018,CB1,IOCB,Plantation,616.2956
2018,CB2,IOCB,Plantation,485.7416
2018,CB3,IOCB,Plantation,64.2116
2018,CB4,IOCB,Plantation,85.1292
2018,CB5,IOCB,Plantation,12.3488
2018,CB6,IOCB,Plantation,5.0548
2018,Dg1,Desert,Plantation,0
2018,Dg10,Desert,Plantation,4.00E-04
2018,Dg2,Desert,Plantation,0
2018,Dg3,Desert,Plantation,0
2018,Dg4,Desert,Plantation,0
2018,Dg5,Desert,Plantation,0
2018,Dg6,Desert,Plantation,0
2018,Dg7,Desert,Plantation,0
2018,Dg8,Desert,Plantation,0
2018,Dg9,Desert,Plantation,0.0712
2018,Dn1,Desert,Plantation,0
2018,Dn2,Desert,Plantation,0
2018,Dn3,Desert,Plantation,0
2018,Dn4,Desert,Plantation,0
2018,Dn5,Desert,Plantation,0
2018,FFa1,Fynbos,Plantation,0.0832
2018,FFa2,Fynbos,Plantation,6.67
2018,FFa3,Fynbos,Plantation,8.2528
2018,FFa4,Fynbos,Plantation,0.1576
2018,FFb1,Fynbos,Plantation,0.5308
2018,FFb2,Fynbos,Plantation,1.7824
2018,FFb3,Fynbos,Plantation,0.0036
2018,FFb4,Fynbos,Plantation,1.3564
2018,FFb5,Fynbos,Plantation,0.168
2018,FFb6,Fynbos,Plantation,10.6504
2018,FFc1,Fynbos,Plantation,20.8096
2018,FFd1,Fynbos,Plantation,0
2018,FFd10,Fynbos,Plantation,94.422
2018,FFd11,Fynbos,Plantation,0.1216
2018,FFd2,Fynbos,Plantation,2.2456
2018,FFd3,Fynbos,Plantation,0.712
2018,FFd4,Fynbos,Plantation,3.032
2018,FFd5,Fynbos,Plantation,3.2304
2018,FFd6,Fynbos,Plantation,0.9016
2018,FFd7,Fynbos,Plantation,0.3092
2018,FFd8,Fynbos,Plantation,0.0876
2018,FFd9,Fynbos,Plantation,2.8992
2018,FFf1,Fynbos,Plantation,4.2876
2018,FFf2,Fynbos,Plantation,0.0716
2018,FFg1,Fynbos,Plantation,0
2018,FFg2,Fynbos,Plantation,39.0656
2018,FFg3,Fynbos,Plantation,6.7364
2018,FFg4,Fynbos,Plantation,0
2018,FFg5,Fynbos,Plantation,16.9908
2018,FFh1,Fynbos,Plantation,1.1792
2018,FFh10,Fynbos,Plantation,0.2268
2018,FFh11,Fynbos,Plantation,0.966
2018,FFh2,Fynbos,Plantation,0
2018,FFh3,Fynbos,Plantation,0.1524
2018,FFh4,Fynbos,Plantation,3.7376
2018,FFh5,Fynbos,Plantation,11.0276
2018,FFh6,Fynbos,Plantation,15.1444
2018,FFh7,Fynbos,Plantation,2.3336
2018,FFh8,Fynbos,Plantation,2.2476
2018,FFh9,Fynbos,Plantation,79.4472
2018,FFl1,Fynbos,Plantation,4.00E-04
2018,FFl2,Fynbos,Plantation,0.0644
2018,FFl3,Fynbos,Plantation,0.5944
2018,FFq1,Fynbos,Plantation,0
2018,FFq2,Fynbos,Plantation,0
2018,FFq3,Fynbos,Plantation,0.0232
2018,FFq4,Fynbos,Plantation,0.0104
2018,FFq5,Fynbos,Plantation,0
2018,FFq6,Fynbos,Plantation,1.806
2018,FFs1,Fynbos,Plantation,1.6892
2018,FFs10,Fynbos,Plantation,8.4188
2018,FFs11,Fynbos,Plantation,33.4092
2018,FFs12,Fynbos,Plantation,3.0104
2018,FFs13,Fynbos,Plantation,0.0224
2018,FFs14,Fynbos,Plantation,7.2948
2018,FFs15,Fynbos,Plantation,1.46
2018,FFs16,Fynbos,Plantation,18.6456
2018,FFs17,Fynbos,Plantation,0.4408
2018,FFs18,Fynbos,Plantation,6.0072
2018,FFs19,Fynbos,Plantation,290.7
2018,FFs2,Fynbos,Plantation,1.3084
2018,FFs20,Fynbos,Plantation,179.436
2018,FFs21,Fynbos,Plantation,0
2018,FFs22,Fynbos,Plantation,0.0048
2018,FFs23,Fynbos,Plantation,0
2018,FFs24,Fynbos,Plantation,0.0468
2018,FFs25,Fynbos,Plantation,0
2018,FFs26,Fynbos,Plantation,0.0732
2018,FFs27,Fynbos,Plantation,81.8156
2018,FFs28,Fynbos,Plantation,16.528
2018,FFs29,Fynbos,Plantation,4.754
2018,FFs3,Fynbos,Plantation,0.3676
2018,FFs30,Fynbos,Plantation,0
2018,FFs31,Fynbos,Plantation,0
2018,FFs32,Fynbos,Plantation,0.0024
2018,FFs4,Fynbos,Plantation,2.6452
2018,FFs5,Fynbos,Plantation,2.3568
2018,FFs6,Fynbos,Plantation,1.6364
2018,FFs7,Fynbos,Plantation,0.3992
2018,FFs8,Fynbos,Plantation,0.0688
2018,FFs9,Fynbos,Plantation,2.7128
2018,FFt1,Fynbos,Plantation,0.0236
2018,FFt2,Fynbos,Plantation,0.0388
2018,FOa1,Forest,Plantation,0.0104
2018,FOa2,Forest,Plantation,0.7876
2018,FOa3,Forest,Plantation,0.0124
2018,FOz1,Forest,Plantation,13.03
2018,FOz2,Forest,Plantation,2.8704
2018,FOz3,Forest,Plantation,6.3604
2018,FOz4,Forest,Plantation,6.2144
2018,FOz5,Forest,Plantation,1.5944
2018,FOz6,Forest,Plantation,0.0276
2018,FOz7,Forest,Plantation,1.6936
2018,FOz8,Forest,Plantation,0.04
2018,FOz9,Forest,Plantation,0
2018,FRa1,Fynbos,Plantation,1.1316
2018,FRa2,Fynbos,Plantation,0.098
2018,FRc1,Fynbos,Plantation,0.6024
2018,FRc2,Fynbos,Plantation,1.2704
2018,FRd1,Fynbos,Plantation,0.1316
2018,FRd2,Fynbos,Plantation,0
2018,FRg1,Fynbos,Plantation,0
2018,FRg2,Fynbos,Plantation,9.0848
2018,FRg3,Fynbos,Plantation,0.0032
2018,FRl1,Fynbos,Plantation,0.1588
2018,FRs1,Fynbos,Plantation,0.1008
2018,FRs10,Fynbos,Plantation,0.4308
2018,FRs11,Fynbos,Plantation,5.3836
2018,FRs12,Fynbos,Plantation,3.8284
2018,FRs13,Fynbos,Plantation,3.932
2018,FRs14,Fynbos,Plantation,0.4292
2018,FRs15,Fynbos,Plantation,0.1224
2018,FRs16,Fynbos,Plantation,0.0528
2018,FRs17,Fynbos,Plantation,3.3748
2018,FRs18,Fynbos,Plantation,0
2018,FRs19,Fynbos,Plantation,0.0012
2018,FRs2,Fynbos,Plantation,0.2812
2018,FRs20,Fynbos,Plantation,0.3624
2018,FRs3,Fynbos,Plantation,0.1068
2018,FRs4,Fynbos,Plantation,0.4964
2018,FRs5,Fynbos,Plantation,0.0468
2018,FRs6,Fynbos,Plantation,0.2744
2018,FRs7,Fynbos,Plantation,2.9192
2018,FRs8,Fynbos,Plantation,11.4004
2018,FRs9,Fynbos,Plantation,21.0312
2018,FS1,Fynbos,Plantation,0.1052
2018,FS10,Fynbos,Plantation,0.01
2018,FS11,Fynbos,Plantation,0
2018,FS12,Fynbos,Plantation,0.1556
2018,FS13,Fynbos,Plantation,1.0352
2018,FS14,Fynbos,Plantation,0
2018,FS2,Fynbos,Plantation,0.2008
2018,FS3,Fynbos,Plantation,2.1364
2018,FS4,Fynbos,Plantation,8.00E-04
2018,FS5,Fynbos,Plantation,0.0116
2018,FS6,Fynbos,Plantation,0.8428
2018,FS7,Fynbos,Plantation,0
2018,FS9,Fynbos,Plantation,0.878
2018,Gd1,Grassland,Plantation,272.056
2018,Gd10,Grassland,Plantation,0
2018,Gd2,Grassland,Plantation,2.2928
2018,Gd3,Grassland,Plantation,1.362
2018,Gd4,Grassland,Plantation,88.1772
2018,Gd5,Grassland,Plantation,4.32
2018,Gd6,Grassland,Plantation,4.00E-04
2018,Gd7,Grassland,Plantation,0.056
2018,Gd8,Grassland,Plantation,0.4268
2018,Gh1,Grassland,Plantation,3.558
2018,Gh10,Grassland,Plantation,234.316
2018,Gh11,Grassland,Plantation,12.052
2018,Gh12,Grassland,Plantation,2.238
2018,Gh13,Grassland,Plantation,17.704
2018,Gh14,Grassland,Plantation,36.1032
2018,Gh15,Grassland,Plantation,96.2164
2018,Gh2,Grassland,Plantation,34.0136
2018,Gh3,Grassland,Plantation,40.4584
2018,Gh4,Grassland,Plantation,13.8564
2018,Gh5,Grassland,Plantation,33.6312
2018,Gh6,Grassland,Plantation,140.9992
2018,Gh7,Grassland,Plantation,14.3492
2018,Gh8,Grassland,Plantation,1.0624
2018,Gh9,Grassland,Plantation,28.6636
2018,Gm1,Grassland,Plantation,18.1124
2018,Gm10,Grassland,Plantation,19.1932
2018,Gm11,Grassland,Plantation,230.3604
2018,Gm12,Grassland,Plantation,1059.0444
2018,Gm13,Grassland,Plantation,41.11
2018,Gm14,Grassland,Plantation,104.2396
2018,Gm15,Grassland,Plantation,1170.5664
2018,Gm16,Grassland,Plantation,2312.0068
2018,Gm17,Grassland,Plantation,409.1984
2018,Gm19,Grassland,Plantation,14.6592
2018,Gm2,Grassland,Plantation,0.4904
2018,Gm20,Grassland,Plantation,0.0396
2018,Gm21,Grassland,Plantation,11.5404
2018,Gm22,Grassland,Plantation,430.2572
2018,Gm23,Grassland,Plantation,479.9216
2018,Gm24,Grassland,Plantation,0.1664
2018,Gm25,Grassland,Plantation,267.3036
2018,Gm26,Grassland,Plantation,12.8256
2018,Gm27,Grassland,Plantation,0.328
2018,Gm28,Grassland,Plantation,1.372
2018,Gm29,Grassland,Plantation,0.37
2018,Gm3,Grassland,Plantation,125.628
2018,Gm30,Grassland,Plantation,646.508
2018,Gm31,Grassland,Plantation,432.81
2018,Gm4,Grassland,Plantation,158.3052
2018,Gm5,Grassland,Plantation,42.7156
2018,Gm6,Grassland,Plantation,40.7944
2018,Gm7,Grassland,Plantation,0.2348
2018,Gm8,Grassland,Plantation,131.1348
2018,Gm9,Grassland,Plantation,14.1708
2018,Gs1,Grassland,Plantation,179.3264
2018,Gs10,Grassland,Plantation,823.8844
2018,Gs11,Grassland,Plantation,304.2636
2018,Gs12,Grassland,Plantation,338.1252
2018,Gs13,Grassland,Plantation,1.2412
2018,Gs14,Grassland,Plantation,182.1648
2018,Gs15,Grassland,Plantation,29.9984
2018,Gs16,Grassland,Plantation,3.9132
2018,Gs17,Grassland,Plantation,0.356
2018,Gs18,Grassland,Plantation,0.1356
2018,Gs19,Grassland,Plantation,110.2872
2018,Gs2,Grassland,Plantation,53.3228
2018,Gs20,Grassland,Plantation,710.2612
2018,Gs3,Grassland,Plantation,47.6164
2018,Gs4,Grassland,Plantation,213.2928
2018,Gs6,Grassland,Plantation,36.2592
2018,Gs7,Grassland,Plantation,6.99
2018,Gs8,Grassland,Plantation,291.6004
2018,Gs9,Grassland,Plantation,2383.7188
2018,NKb1,Nama-Karoo,Plantation,0.0204
2018,NKb2,Nama-Karoo,Plantation,0
2018,NKb3,Nama-Karoo,Plantation,0.644
2018,NKb4,Nama-Karoo,Plantation,0
2018,NKb5,Nama-Karoo,Plantation,0.0348
2018,NKb6,Nama-Karoo,Plantation,0.1952
2018,NKl1,Nama-Karoo,Plantation,0.6376
2018,NKl2,Nama-Karoo,Plantation,0.2448
2018,NKl4,Nama-Karoo,Plantation,0.2108
2018,NKu1,Nama-Karoo,Plantation,0.5372
2018,NKu2,Nama-Karoo,Plantation,0.246
2018,NKu3,Nama-Karoo,Plantation,12.0328
2018,NKu4,Nama-Karoo,Plantation,15.3672
2018,NOTVEG,NOTVEG,Plantation,0.3552
2018,SKk1,Succulent Karoo,Plantation,0
2018,SKk2,Succulent Karoo,Plantation,0
2018,SKk3,Succulent Karoo,Plantation,0.0716
2018,SKk4,Succulent Karoo,Plantation,0.0176
2018,SKk5,Succulent Karoo,Plantation,0.3896
2018,SKk6,Succulent Karoo,Plantation,0.0088
2018,SKk7,Succulent Karoo,Plantation,0.8276
2018,SKk8,Succulent Karoo,Plantation,0.0012
2018,SKk9,Succulent Karoo,Plantation,0.022
2018,SKn1,Succulent Karoo,Plantation,0
2018,SKn2,Succulent Karoo,Plantation,0
2018,SKn3,Succulent Karoo,Plantation,0
2018,SKn4,Succulent Karoo,Plantation,0
2018,SKn5,Succulent Karoo,Plantation,0
2018,SKn6,Succulent Karoo,Plantation,0
2018,SKn7,Succulent Karoo,Plantation,0
2018,SKr1,Succulent Karoo,Plantation,0
2018,SKr10,Succulent Karoo,Plantation,0
2018,SKr11,Succulent Karoo,Plantation,0
2018,SKr12,Succulent Karoo,Plantation,0
2018,SKr13,Succulent Karoo,Plantation,0
2018,SKr14,Succulent Karoo,Plantation,0
2018,SKr15,Succulent Karoo,Plantation,0
2018,SKr16,Succulent Karoo,Plantation,0
2018,SKr17,Succulent Karoo,Plantation,0
2018,SKr18,Succulent Karoo,Plantation,0
2018,SKr19,Succulent Karoo,Plantation,0.0112
2018,SKr2,Succulent Karoo,Plantation,0
2018,SKr3,Succulent Karoo,Plantation,0
2018,SKr4,Succulent Karoo,Plantation,0
2018,SKr5,Succulent Karoo,Plantation,0
2018,SKr6,Succulent Karoo,Plantation,0
2018,SKr7,Succulent Karoo,Plantation,0
2018,SKr8,Succulent Karoo,Plantation,0
2018,SKr9,Succulent Karoo,Plantation,0
2018,SKs1,Succulent Karoo,Plantation,0
2018,SKs10,Succulent Karoo,Plantation,0
2018,SKs11,Succulent Karoo,Plantation,0
2018,SKs12,Succulent Karoo,Plantation,0.152
2018,SKs13,Succulent Karoo,Plantation,0.4132
2018,SKs14,Succulent Karoo,Plantation,0.0568
2018,SKs2,Succulent Karoo,Plantation,0
2018,SKs3,Succulent Karoo,Plantation,0
2018,SKs4,Succulent Karoo,Plantation,0
2018,SKs5,Succulent Karoo,Plantation,0
2018,SKs6,Succulent Karoo,Plantation,0
2018,SKs7,Succulent Karoo,Plantation,0.612
2018,SKs8,Succulent Karoo,Plantation,0
2018,SKs9,Succulent Karoo,Plantation,0
2018,SKt1,Succulent Karoo,Plantation,0
2018,SKt2,Succulent Karoo,Plantation,0.5284
2018,SKt3,Succulent Karoo,Plantation,0.4028
2018,SKv1,Succulent Karoo,Plantation,0.1984
2018,SKv10,Succulent Karoo,Plantation,0.0024
2018,SKv11,Succulent Karoo,Plantation,0.3508
2018,SKv13,Succulent Karoo,Plantation,0.094
2018,SKv14,Succulent Karoo,Plantation,0.0232
2018,SKv2,Succulent Karoo,Plantation,0
2018,SKv3,Succulent Karoo,Plantation,0.0464
2018,SKv4,Succulent Karoo,Plantation,0.0052
2018,SKv5,Succulent Karoo,Plantation,0.0408
2018,SKv6,Succulent Karoo,Plantation,0.1212
2018,SKv7,Succulent Karoo,Plantation,0.6608
2018,SKv8,Succulent Karoo,Plantation,0.3768
2018,SVcb1,Savanna,Plantation,1.5144
2018,SVcb10,Savanna,Plantation,67.4796
2018,SVcb11,Savanna,Plantation,26.9964
2018,SVcb12,Savanna,Plantation,53.0316
2018,SVcb13,Savanna,Plantation,3.1464
2018,SVcb14,Savanna,Plantation,1.1988
2018,SVcb15,Savanna,Plantation,9.068
2018,SVcb16,Savanna,Plantation,6.5652
2018,SVcb17,Savanna,Plantation,9.1376
2018,SVcb18,Savanna,Plantation,4.0948
2018,SVcb19,Savanna,Plantation,8.8856
2018,SVcb2,Savanna,Plantation,0.372
2018,SVcb20,Savanna,Plantation,65.0688
2018,SVcb21,Savanna,Plantation,263.7672
2018,SVcb22,Savanna,Plantation,0
2018,SVcb23,Savanna,Plantation,5.13
2018,SVcb24,Savanna,Plantation,2.984
2018,SVcb25,Savanna,Plantation,0.5492
2018,SVcb26,Savanna,Plantation,5.3484
2018,SVcb27,Savanna,Plantation,0.092
2018,SVcb28,Savanna,Plantation,0.048
2018,SVcb29,Savanna,Plantation,0.1664
2018,SVcb3,Savanna,Plantation,4.3688
2018,SVcb4,Savanna,Plantation,30.1184
2018,SVcb5,Savanna,Plantation,0.0268
2018,SVcb6,Savanna,Plantation,25.8976
2018,SVcb7,Savanna,Plantation,1.1888
2018,SVcb8,Savanna,Plantation,60.892
2018,SVcb9,Savanna,Plantation,47.0816
2018,SVk1,Savanna,Plantation,6.144
2018,SVk10,Savanna,Plantation,1.6492
2018,SVk11,Savanna,Plantation,0.8284
2018,SVk12,Savanna,Plantation,0.0852
2018,SVk13,Savanna,Plantation,0.4964
2018,SVk14,Savanna,Plantation,0.062
2018,SVk15,Savanna,Plantation,0
2018,SVk16,Savanna,Plantation,0
2018,SVk17,Savanna,Plantation,5.1608
2018,SVk18,Savanna,Plantation,0.1736
2018,SVk2,Savanna,Plantation,10.3028
2018,SVk3,Savanna,Plantation,2.918
2018,SVk4,Savanna,Plantation,33.8228
2018,SVk5,Savanna,Plantation,0.2736
2018,SVk6,Savanna,Plantation,9.5528
2018,SVk7,Savanna,Plantation,4.6288
2018,SVk8,Savanna,Plantation,2.8928
2018,SVk9,Savanna,Plantation,0.6316
2018,SVkd1,Savanna,Plantation,0.0732
2018,SVkd2,Savanna,Plantation,0
2018,SVkd3,Savanna,Plantation,0
2018,SVkd4,Savanna,Plantation,0
2018,SVl1,Savanna,Plantation,0.902
2018,SVl10,Savanna,Plantation,3.3024
2018,SVl11,Savanna,Plantation,0.0012
2018,SVl12,Savanna,Plantation,18.8936
2018,SVl13,Savanna,Plantation,17.6348
2018,SVl14,Savanna,Plantation,8.6084
2018,SVl15,Savanna,Plantation,0
2018,SVl16,Savanna,Plantation,0
2018,SVl17,Savanna,Plantation,0.014
2018,SVl18,Savanna,Plantation,14.2868
2018,SVl19,Savanna,Plantation,0
2018,SVl2,Savanna,Plantation,0
2018,SVl20,Savanna,Plantation,11.6724
2018,SVl21,Savanna,Plantation,0.0232
2018,SVl22,Savanna,Plantation,95.0684
2018,SVl23,Savanna,Plantation,2.9956
2018,SVl24,Savanna,Plantation,5.9836
2018,SVl25,Savanna,Plantation,6.0252
2018,SVl26,Savanna,Plantation,30.2944
2018,SVl27,Savanna,Plantation,5.2744
2018,SVl3,Savanna,Plantation,10.6748
2018,SVl4,Savanna,Plantation,0.6856
2018,SVl5,Savanna,Plantation,0.9356
2018,SVl6,Savanna,Plantation,0
2018,SVl7,Savanna,Plantation,0.186
2018,SVl8,Savanna,Plantation,271.8384
2018,SVl9,Savanna,Plantation,1108.2576
2018,SVmp1,Savanna,Plantation,2.8588
2018,SVmp2,Savanna,Plantation,0.3572
2018,SVmp3,Savanna,Plantation,0
2018,SVmp4,Savanna,Plantation,0
2018,SVmp5,Savanna,Plantation,0.7068
2018,SVmp6,Savanna,Plantation,0.226
2018,SVmp7,Savanna,Plantation,0.1748
2018,SVmp8,Savanna,Plantation,0
2018,SVs1,Savanna,Plantation,0.3368
2018,SVs2,Savanna,Plantation,5.0352
2018,SVs3,Savanna,Plantation,13.746
2018,SVs4,Savanna,Plantation,8.9696
2018,SVs5,Savanna,Plantation,453.0144
2018,SVs6,Savanna,Plantation,25.1944
2018,SVs7,Savanna,Plantation,92.6192
2018,SVs8,Savanna,Plantation,21.2924
2020,AT15,Albany Thicket,Plantation,0
2020,AT16,Albany Thicket,Plantation,0
2020,AT17,Albany Thicket,Plantation,1.5292
2020,AT18,Albany Thicket,Plantation,0.5812
2020,AT19,Albany Thicket,Plantation,0.004
2020,AT20,Albany Thicket,Plantation,0.002
2020,AT21,Albany Thicket,Plantation,0.1284
2020,AT22,Albany Thicket,Plantation,0.0256
2020,AT23,Albany Thicket,Plantation,0.0512
2020,AT24,Albany Thicket,Plantation,0.968
2020,AT25,Albany Thicket,Plantation,0
2020,AT26,Albany Thicket,Plantation,0
2020,AT27,Albany Thicket,Plantation,0
2020,AT28,Albany Thicket,Plantation,1.1596
2020,AT29,Albany Thicket,Plantation,0
2020,AT30,Albany Thicket,Plantation,0.0088
2020,AT31,Albany Thicket,Plantation,0.14
2020,AT32,Albany Thicket,Plantation,1.9408
2020,AT33,Albany Thicket,Plantation,0.008
2020,AT34,Albany Thicket,Plantation,0.0148
2020,AT35,Albany Thicket,Plantation,0
2020,AT36,Albany Thicket,Plantation,9.9912
2020,AT37,Albany Thicket,Plantation,0.0504
2020,AT38,Albany Thicket,Plantation,13.104
2020,AT39,Albany Thicket,Plantation,0
2020,AT40,Albany Thicket,Plantation,0.6568
2020,AT41,Albany Thicket,Plantation,4.2312
2020,AT42,Albany Thicket,Plantation,8.00E-04
2020,AT43,Albany Thicket,Plantation,0.0344
2020,AT44,Albany Thicket,Plantation,0.072
2020,AT45,Albany Thicket,Plantation,0.3596
2020,AT46,Albany Thicket,Plantation,0.0132
2020,AT47,Albany Thicket,Plantation,0
2020,AT48,Albany Thicket,Plantation,0
2020,AT49,Albany Thicket,Plantation,0.1204
2020,AT50,Albany Thicket,Plantation,0.1464
2020,AT51,Albany Thicket,Plantation,1.9256
2020,AT52,Albany Thicket,Plantation,0
2020,AT53,Albany Thicket,Plantation,2.0964
2020,AT54,Albany Thicket,Plantation,0.004
2020,AT55,Albany Thicket,Plantation,0.018
2020,AT56,Albany Thicket,Plantation,10.294
2020,AT57,Albany Thicket,Plantation,0.1768
2020,AT58,Albany Thicket,Plantation,0.0364
2020,AZa1,Azonal,Plantation,0.04
2020,AZa2,Azonal,Plantation,6.55
2020,AZa3,Azonal,Plantation,0.038
2020,AZa4,Azonal,Plantation,6.17
2020,AZa5,Azonal,Plantation,24.6796
2020,AZa6,Azonal,Plantation,10.3084
2020,AZa7,Azonal,Plantation,21.6328
2020,AZd1,Azonal,Plantation,0
2020,AZd2,Azonal,Plantation,0
2020,AZd3,Azonal,Plantation,8.00E-04
2020,AZd4,Azonal,Plantation,0.1348
2020,AZi1,Azonal,Plantation,0.5848
2020,AZi3,Azonal,Plantation,0.076
2020,AZi5,Azonal,Plantation,0.6444
2020,AZi6,Azonal,Plantation,4.4248
2020,AZi7,Azonal,Plantation,0.5768
2020,AZi8,Azonal,Plantation,1.0796
2020,AZs3,Azonal,Plantation,0.07
2020,CB1,IOCB,Plantation,638.2648
2020,CB2,IOCB,Plantation,491.09
2020,CB3,IOCB,Plantation,65.9336
2020,CB4,IOCB,Plantation,86.8164
2020,CB5,IOCB,Plantation,13.028
2020,CB6,IOCB,Plantation,4.9996
2020,Dg1,Desert,Plantation,0
2020,Dg10,Desert,Plantation,4.00E-04
2020,Dg2,Desert,Plantation,0
2020,Dg3,Desert,Plantation,0
2020,Dg4,Desert,Plantation,0
2020,Dg5,Desert,Plantation,0
2020,Dg6,Desert,Plantation,0
2020,Dg7,Desert,Plantation,0
2020,Dg8,Desert,Plantation,0
2020,Dg9,Desert,Plantation,0.0712
2020,Dn1,Desert,Plantation,0
2020,Dn2,Desert,Plantation,0
2020,Dn3,Desert,Plantation,0
2020,Dn4,Desert,Plantation,0
2020,Dn5,Desert,Plantation,0
2020,FFa1,Fynbos,Plantation,0.0956
2020,FFa2,Fynbos,Plantation,7.048
2020,FFa3,Fynbos,Plantation,8.4408
2020,FFa4,Fynbos,Plantation,0.1944
2020,FFb1,Fynbos,Plantation,0.5584
2020,FFb2,Fynbos,Plantation,1.8064
2020,FFb3,Fynbos,Plantation,0.0208
2020,FFb4,Fynbos,Plantation,1.3784
2020,FFb5,Fynbos,Plantation,0.1948
2020,FFb6,Fynbos,Plantation,11.1868
2020,FFc1,Fynbos,Plantation,21.6848
2020,FFd1,Fynbos,Plantation,4.00E-04
2020,FFd10,Fynbos,Plantation,95.9532
2020,FFd11,Fynbos,Plantation,0.1072
2020,FFd2,Fynbos,Plantation,2.092
2020,FFd3,Fynbos,Plantation,0.7012
2020,FFd4,Fynbos,Plantation,3.2596
2020,FFd5,Fynbos,Plantation,3.4944
2020,FFd6,Fynbos,Plantation,0.9328
2020,FFd7,Fynbos,Plantation,0.8264
2020,FFd8,Fynbos,Plantation,0.132
2020,FFd9,Fynbos,Plantation,3.2972
2020,FFf1,Fynbos,Plantation,5.5404
2020,FFf2,Fynbos,Plantation,0.0676
2020,FFg1,Fynbos,Plantation,0
2020,FFg2,Fynbos,Plantation,38.8504
2020,FFg3,Fynbos,Plantation,6.956
2020,FFg4,Fynbos,Plantation,0
2020,FFg5,Fynbos,Plantation,17.1332
2020,FFh1,Fynbos,Plantation,2.2728
2020,FFh10,Fynbos,Plantation,0.1852
2020,FFh11,Fynbos,Plantation,1.0704
2020,FFh2,Fynbos,Plantation,0
2020,FFh3,Fynbos,Plantation,0.1472
2020,FFh4,Fynbos,Plantation,3.8032
2020,FFh5,Fynbos,Plantation,11.5264
2020,FFh6,Fynbos,Plantation,15.9576
2020,FFh7,Fynbos,Plantation,2.1408
2020,FFh8,Fynbos,Plantation,2.2108
2020,FFh9,Fynbos,Plantation,81.7956
2020,FFl1,Fynbos,Plantation,0.0344
2020,FFl2,Fynbos,Plantation,0.1252
2020,FFl3,Fynbos,Plantation,0.682
2020,FFq1,Fynbos,Plantation,0
2020,FFq2,Fynbos,Plantation,0
2020,FFq3,Fynbos,Plantation,0.0232
2020,FFq4,Fynbos,Plantation,0.0088
2020,FFq5,Fynbos,Plantation,0
2020,FFq6,Fynbos,Plantation,1.0672
2020,FFs1,Fynbos,Plantation,0.7968
2020,FFs10,Fynbos,Plantation,9.3468
2020,FFs11,Fynbos,Plantation,34.3952
2020,FFs12,Fynbos,Plantation,3.3564
2020,FFs13,Fynbos,Plantation,0.0428
2020,FFs14,Fynbos,Plantation,7.4428
2020,FFs15,Fynbos,Plantation,1.504
2020,FFs16,Fynbos,Plantation,18.6084
2020,FFs17,Fynbos,Plantation,0.4888
2020,FFs18,Fynbos,Plantation,5.416
2020,FFs19,Fynbos,Plantation,292.5804
2020,FFs2,Fynbos,Plantation,1.2972
2020,FFs20,Fynbos,Plantation,183.5024
2020,FFs21,Fynbos,Plantation,0
2020,FFs22,Fynbos,Plantation,0.004
2020,FFs23,Fynbos,Plantation,0
2020,FFs24,Fynbos,Plantation,0.0496
2020,FFs25,Fynbos,Plantation,0
2020,FFs26,Fynbos,Plantation,0.108
2020,FFs27,Fynbos,Plantation,88.0788
2020,FFs28,Fynbos,Plantation,17.5388
2020,FFs29,Fynbos,Plantation,4.8228
2020,FFs3,Fynbos,Plantation,0.4028
2020,FFs30,Fynbos,Plantation,0
2020,FFs31,Fynbos,Plantation,0
2020,FFs32,Fynbos,Plantation,0.0036
2020,FFs4,Fynbos,Plantation,2.9272
2020,FFs5,Fynbos,Plantation,2.4804
2020,FFs6,Fynbos,Plantation,1.712
2020,FFs7,Fynbos,Plantation,0.4376
2020,FFs8,Fynbos,Plantation,0.0732
2020,FFs9,Fynbos,Plantation,2.738
2020,FFt1,Fynbos,Plantation,0.024
2020,FFt2,Fynbos,Plantation,0.0248
2020,FOa1,Forest,Plantation,0.0072
2020,FOa2,Forest,Plantation,0.898
2020,FOa3,Forest,Plantation,0.0116
2020,FOz1,Forest,Plantation,10.3996
2020,FOz2,Forest,Plantation,2.806
2020,FOz3,Forest,Plantation,6.5288
2020,FOz4,Forest,Plantation,6.0936
2020,FOz5,Forest,Plantation,1.5608
2020,FOz6,Forest,Plantation,0.0124
2020,FOz7,Forest,Plantation,3.3552
2020,FOz8,Forest,Plantation,0.0516
2020,FOz9,Forest,Plantation,0
2020,FRa1,Fynbos,Plantation,1.2256
2020,FRa2,Fynbos,Plantation,0.1568
2020,FRc1,Fynbos,Plantation,0.7092
2020,FRc2,Fynbos,Plantation,1.5592
2020,FRd1,Fynbos,Plantation,0.1176
2020,FRd2,Fynbos,Plantation,0
2020,FRg1,Fynbos,Plantation,0
2020,FRg2,Fynbos,Plantation,10.0812
2020,FRg3,Fynbos,Plantation,0.0024
2020,FRl1,Fynbos,Plantation,0.1936
2020,FRs1,Fynbos,Plantation,0.1056
2020,FRs10,Fynbos,Plantation,0.4584
2020,FRs11,Fynbos,Plantation,7.9988
2020,FRs12,Fynbos,Plantation,7.3416
2020,FRs13,Fynbos,Plantation,5.03
2020,FRs14,Fynbos,Plantation,0.6352
2020,FRs15,Fynbos,Plantation,0.1376
2020,FRs16,Fynbos,Plantation,0.0424
2020,FRs17,Fynbos,Plantation,3.1752
2020,FRs18,Fynbos,Plantation,0
2020,FRs19,Fynbos,Plantation,0.0032
2020,FRs2,Fynbos,Plantation,0.2716
2020,FRs20,Fynbos,Plantation,0.3688
2020,FRs3,Fynbos,Plantation,0.0764
2020,FRs4,Fynbos,Plantation,0.5448
2020,FRs5,Fynbos,Plantation,0.0296
2020,FRs6,Fynbos,Plantation,0.258
2020,FRs7,Fynbos,Plantation,2.8088
2020,FRs8,Fynbos,Plantation,12.7416
2020,FRs9,Fynbos,Plantation,22.9992
2020,FS1,Fynbos,Plantation,0.1092
2020,FS10,Fynbos,Plantation,0.0088
2020,FS11,Fynbos,Plantation,0
2020,FS12,Fynbos,Plantation,0.1544
2020,FS13,Fynbos,Plantation,1.0208
2020,FS14,Fynbos,Plantation,0
2020,FS2,Fynbos,Plantation,0.2608
2020,FS3,Fynbos,Plantation,2.26
2020,FS4,Fynbos,Plantation,8.00E-04
2020,FS5,Fynbos,Plantation,0.02
2020,FS6,Fynbos,Plantation,0.912
2020,FS7,Fynbos,Plantation,0
2020,FS9,Fynbos,Plantation,0.8976
2020,Gd1,Grassland,Plantation,282.422
2020,Gd10,Grassland,Plantation,0
2020,Gd2,Grassland,Plantation,2.1076
2020,Gd3,Grassland,Plantation,1.2032
2020,Gd4,Grassland,Plantation,91.2448
2020,Gd5,Grassland,Plantation,3.7408
2020,Gd6,Grassland,Plantation,4.00E-04
2020,Gd7,Grassland,Plantation,0.0492
2020,Gd8,Grassland,Plantation,0.3772
2020,Gh1,Grassland,Plantation,3.9172
2020,Gh10,Grassland,Plantation,237.9736
2020,Gh11,Grassland,Plantation,11.1696
2020,Gh12,Grassland,Plantation,2.7464
2020,Gh13,Grassland,Plantation,19.1576
2020,Gh14,Grassland,Plantation,35.9348
2020,Gh15,Grassland,Plantation,96.7136
2020,Gh2,Grassland,Plantation,29.504
2020,Gh3,Grassland,Plantation,31.1176
2020,Gh4,Grassland,Plantation,12.2768
2020,Gh5,Grassland,Plantation,30.5692
2020,Gh6,Grassland,Plantation,113.9808
2020,Gh7,Grassland,Plantation,11.7436
2020,Gh8,Grassland,Plantation,0.9328
2020,Gh9,Grassland,Plantation,32.686
2020,Gm1,Grassland,Plantation,17.3372
2020,Gm10,Grassland,Plantation,23.0096
2020,Gm11,Grassland,Plantation,225.1464
2020,Gm12,Grassland,Plantation,1053.3072
2020,Gm13,Grassland,Plantation,36.5636
2020,Gm14,Grassland,Plantation,101.9412
2020,Gm15,Grassland,Plantation,1175.4712
2020,Gm16,Grassland,Plantation,2361.8396
2020,Gm17,Grassland,Plantation,411.6832
2020,Gm19,Grassland,Plantation,13.5844
2020,Gm2,Grassland,Plantation,0.5148
2020,Gm20,Grassland,Plantation,0.0368
2020,Gm21,Grassland,Plantation,10.9608
2020,Gm22,Grassland,Plantation,440.3964
2020,Gm23,Grassland,Plantation,488.7276
2020,Gm24,Grassland,Plantation,0.1724
2020,Gm25,Grassland,Plantation,259.944
2020,Gm26,Grassland,Plantation,12.59
2020,Gm27,Grassland,Plantation,0.4056
2020,Gm28,Grassland,Plantation,1.3824
2020,Gm29,Grassland,Plantation,0.4852
2020,Gm3,Grassland,Plantation,110.2008
2020,Gm30,Grassland,Plantation,646.094
2020,Gm31,Grassland,Plantation,437.1884
2020,Gm4,Grassland,Plantation,148.6648
2020,Gm5,Grassland,Plantation,40.2024
2020,Gm6,Grassland,Plantation,36.1152
2020,Gm7,Grassland,Plantation,0.2052
2020,Gm8,Grassland,Plantation,132.6604
2020,Gm9,Grassland,Plantation,15.1828
2020,Gs1,Grassland,Plantation,180.1456
2020,Gs10,Grassland,Plantation,843.0116
2020,Gs11,Grassland,Plantation,307.056
2020,Gs12,Grassland,Plantation,349.2188
2020,Gs13,Grassland,Plantation,1.2796
2020,Gs14,Grassland,Plantation,184.5856
2020,Gs15,Grassland,Plantation,29.5924
2020,Gs16,Grassland,Plantation,4.8564
2020,Gs17,Grassland,Plantation,0.7892
2020,Gs18,Grassland,Plantation,0.1284
2020,Gs19,Grassland,Plantation,111.2984
2020,Gs2,Grassland,Plantation,55.0244
2020,Gs20,Grassland,Plantation,707.2096
2020,Gs3,Grassland,Plantation,45.0692
2020,Gs4,Grassland,Plantation,209.2264
2020,Gs6,Grassland,Plantation,35.3964
2020,Gs7,Grassland,Plantation,6.2028
2020,Gs8,Grassland,Plantation,294.6388
2020,Gs9,Grassland,Plantation,2385.7552
2020,NKb1,Nama-Karoo,Plantation,0.026
2020,NKb2,Nama-Karoo,Plantation,0
2020,NKb3,Nama-Karoo,Plantation,0.6712
2020,NKb4,Nama-Karoo,Plantation,0
2020,NKb5,Nama-Karoo,Plantation,0.0324
2020,NKb6,Nama-Karoo,Plantation,0.1696
2020,NKl1,Nama-Karoo,Plantation,0.6656
2020,NKl2,Nama-Karoo,Plantation,0.2164
2020,NKl4,Nama-Karoo,Plantation,0.2216
2020,NKu1,Nama-Karoo,Plantation,0.5524
2020,NKu2,Nama-Karoo,Plantation,0.3464
2020,NKu3,Nama-Karoo,Plantation,18.9112
2020,NKu4,Nama-Karoo,Plantation,13.6
2020,NOTVEG,NOTVEG,Plantation,0.3868
2020,SKk1,Succulent Karoo,Plantation,0
2020,SKk2,Succulent Karoo,Plantation,0
2020,SKk3,Succulent Karoo,Plantation,0.0772
2020,SKk4,Succulent Karoo,Plantation,0.0196
2020,SKk5,Succulent Karoo,Plantation,0.422
2020,SKk6,Succulent Karoo,Plantation,0.01
2020,SKk7,Succulent Karoo,Plantation,0.878
2020,SKk8,Succulent Karoo,Plantation,0.0016
2020,SKk9,Succulent Karoo,Plantation,0.0244
2020,SKn1,Succulent Karoo,Plantation,0
2020,SKn2,Succulent Karoo,Plantation,0
2020,SKn3,Succulent Karoo,Plantation,0
2020,SKn4,Succulent Karoo,Plantation,0
2020,SKn5,Succulent Karoo,Plantation,0
2020,SKn6,Succulent Karoo,Plantation,0
2020,SKn7,Succulent Karoo,Plantation,0
2020,SKr1,Succulent Karoo,Plantation,0
2020,SKr10,Succulent Karoo,Plantation,0
2020,SKr11,Succulent Karoo,Plantation,0
2020,SKr12,Succulent Karoo,Plantation,0
2020,SKr13,Succulent Karoo,Plantation,0
2020,SKr14,Succulent Karoo,Plantation,0
2020,SKr15,Succulent Karoo,Plantation,0
2020,SKr16,Succulent Karoo,Plantation,0
2020,SKr17,Succulent Karoo,Plantation,0
2020,SKr18,Succulent Karoo,Plantation,0
2020,SKr19,Succulent Karoo,Plantation,0.0088
2020,SKr2,Succulent Karoo,Plantation,0
2020,SKr3,Succulent Karoo,Plantation,0
2020,SKr4,Succulent Karoo,Plantation,0
2020,SKr5,Succulent Karoo,Plantation,0
2020,SKr6,Succulent Karoo,Plantation,0
2020,SKr7,Succulent Karoo,Plantation,0
2020,SKr8,Succulent Karoo,Plantation,0
2020,SKr9,Succulent Karoo,Plantation,0
2020,SKs1,Succulent Karoo,Plantation,0
2020,SKs10,Succulent Karoo,Plantation,0
2020,SKs11,Succulent Karoo,Plantation,0
2020,SKs12,Succulent Karoo,Plantation,0.1672
2020,SKs13,Succulent Karoo,Plantation,0.446
2020,SKs14,Succulent Karoo,Plantation,0.0544
2020,SKs2,Succulent Karoo,Plantation,0
2020,SKs3,Succulent Karoo,Plantation,0
2020,SKs4,Succulent Karoo,Plantation,0
2020,SKs5,Succulent Karoo,Plantation,0
2020,SKs6,Succulent Karoo,Plantation,0
2020,SKs7,Succulent Karoo,Plantation,0.6496
2020,SKs8,Succulent Karoo,Plantation,0
2020,SKs9,Succulent Karoo,Plantation,0
2020,SKt1,Succulent Karoo,Plantation,0
2020,SKt2,Succulent Karoo,Plantation,0.4496
2020,SKt3,Succulent Karoo,Plantation,0.4368
2020,SKv1,Succulent Karoo,Plantation,0.2336
2020,SKv10,Succulent Karoo,Plantation,0.0044
2020,SKv11,Succulent Karoo,Plantation,0.2588
2020,SKv13,Succulent Karoo,Plantation,0.0692
2020,SKv14,Succulent Karoo,Plantation,0.012
2020,SKv2,Succulent Karoo,Plantation,0
2020,SKv3,Succulent Karoo,Plantation,0.0536
2020,SKv4,Succulent Karoo,Plantation,0.0052
2020,SKv5,Succulent Karoo,Plantation,0.0348
2020,SKv6,Succulent Karoo,Plantation,0.0984
2020,SKv7,Succulent Karoo,Plantation,0.7336
2020,SKv8,Succulent Karoo,Plantation,0.4296
2020,SVcb1,Savanna,Plantation,1.6192
2020,SVcb10,Savanna,Plantation,62.3348
2020,SVcb11,Savanna,Plantation,27.702
2020,SVcb12,Savanna,Plantation,51.3924
2020,SVcb13,Savanna,Plantation,3.0496
2020,SVcb14,Savanna,Plantation,1.1212
2020,SVcb15,Savanna,Plantation,8.4312
2020,SVcb16,Savanna,Plantation,6.0988
2020,SVcb17,Savanna,Plantation,9.094
2020,SVcb18,Savanna,Plantation,4.0672
2020,SVcb19,Savanna,Plantation,8.7912
2020,SVcb2,Savanna,Plantation,0.3436
2020,SVcb20,Savanna,Plantation,65.3284
2020,SVcb21,Savanna,Plantation,264.3856
2020,SVcb22,Savanna,Plantation,0
2020,SVcb23,Savanna,Plantation,5.0832
2020,SVcb24,Savanna,Plantation,2.124
2020,SVcb25,Savanna,Plantation,0.566
2020,SVcb26,Savanna,Plantation,5.3668
2020,SVcb27,Savanna,Plantation,0.0944
2020,SVcb28,Savanna,Plantation,0.046
2020,SVcb29,Savanna,Plantation,0.1564
2020,SVcb3,Savanna,Plantation,4.2388
2020,SVcb4,Savanna,Plantation,31.7236
2020,SVcb5,Savanna,Plantation,0.0268
2020,SVcb6,Savanna,Plantation,24.2668
2020,SVcb7,Savanna,Plantation,0.8924
2020,SVcb8,Savanna,Plantation,58.868
2020,SVcb9,Savanna,Plantation,47.1036
2020,SVk1,Savanna,Plantation,6.3948
2020,SVk10,Savanna,Plantation,1.5224
2020,SVk11,Savanna,Plantation,0.7336
2020,SVk12,Savanna,Plantation,0.0732
2020,SVk13,Savanna,Plantation,0.4472
2020,SVk14,Savanna,Plantation,0.0468
2020,SVk15,Savanna,Plantation,0
2020,SVk16,Savanna,Plantation,0
2020,SVk17,Savanna,Plantation,5.476
2020,SVk18,Savanna,Plantation,0.1772
2020,SVk2,Savanna,Plantation,8.8748
2020,SVk3,Savanna,Plantation,2.9376
2020,SVk4,Savanna,Plantation,39.6628
2020,SVk5,Savanna,Plantation,0.3208
2020,SVk6,Savanna,Plantation,12.4248
2020,SVk7,Savanna,Plantation,5.1968
2020,SVk8,Savanna,Plantation,2.866
2020,SVk9,Savanna,Plantation,0.6092
2020,SVkd1,Savanna,Plantation,0.0136
2020,SVkd2,Savanna,Plantation,0
2020,SVkd3,Savanna,Plantation,0
2020,SVkd4,Savanna,Plantation,0
2020,SVl1,Savanna,Plantation,0.5348
2020,SVl10,Savanna,Plantation,3.3264
2020,SVl11,Savanna,Plantation,0.0012
2020,SVl12,Savanna,Plantation,18.8788
2020,SVl13,Savanna,Plantation,17.6852
2020,SVl14,Savanna,Plantation,9.2736
2020,SVl15,Savanna,Plantation,0
2020,SVl16,Savanna,Plantation,0
2020,SVl17,Savanna,Plantation,0.0068
2020,SVl18,Savanna,Plantation,14.2364
2020,SVl19,Savanna,Plantation,0
2020,SVl2,Savanna,Plantation,0
2020,SVl20,Savanna,Plantation,11.72
2020,SVl21,Savanna,Plantation,0.0232
2020,SVl22,Savanna,Plantation,95.2484
2020,SVl23,Savanna,Plantation,2.7412
2020,SVl24,Savanna,Plantation,5.7012
2020,SVl25,Savanna,Plantation,6.3292
2020,SVl26,Savanna,Plantation,34.0632
2020,SVl27,Savanna,Plantation,5.3232
2020,SVl3,Savanna,Plantation,8.2004
2020,SVl4,Savanna,Plantation,0.6492
2020,SVl5,Savanna,Plantation,0.8684
2020,SVl6,Savanna,Plantation,0
2020,SVl7,Savanna,Plantation,0.2796
2020,SVl8,Savanna,Plantation,267.6728
2020,SVl9,Savanna,Plantation,1117.8928
2020,SVmp1,Savanna,Plantation,2.81
2020,SVmp2,Savanna,Plantation,0.3392
2020,SVmp3,Savanna,Plantation,0
2020,SVmp4,Savanna,Plantation,0
2020,SVmp5,Savanna,Plantation,0.6256
2020,SVmp6,Savanna,Plantation,0.2128
2020,SVmp7,Savanna,Plantation,0.2008
2020,SVmp8,Savanna,Plantation,0
2020,SVs1,Savanna,Plantation,0.3224
2020,SVs2,Savanna,Plantation,4.9484
2020,SVs3,Savanna,Plantation,13.276
2020,SVs4,Savanna,Plantation,8.8024
2020,SVs5,Savanna,Plantation,454.704
2020,SVs6,Savanna,Plantation,24.992
2020,SVs7,Savanna,Plantation,89.6904
2020,SVs8,Savanna,Plantation,19.1124
2022,AT15,Albany Thicket,Plantation,0
2022,AT16,Albany Thicket,Plantation,0
2022,AT17,Albany Thicket,Plantation,1.8284
2022,AT18,Albany Thicket,Plantation,0.9264
2022,AT19,Albany Thicket,Plantation,0.006
2022,AT20,Albany Thicket,Plantation,0.002
2022,AT21,Albany Thicket,Plantation,0.1292
2022,AT22,Albany Thicket,Plantation,0.048
2022,AT23,Albany Thicket,Plantation,0.104
2022,AT24,Albany Thicket,Plantation,1.3796
2022,AT25,Albany Thicket,Plantation,0
2022,AT26,Albany Thicket,Plantation,0
2022,AT27,Albany Thicket,Plantation,8.00E-04
2022,AT28,Albany Thicket,Plantation,1.8308
2022,AT29,Albany Thicket,Plantation,0
2022,AT30,Albany Thicket,Plantation,0.0088
2022,AT31,Albany Thicket,Plantation,0.2408
2022,AT32,Albany Thicket,Plantation,2.5668
2022,AT33,Albany Thicket,Plantation,0.0056
2022,AT34,Albany Thicket,Plantation,0.018
2022,AT35,Albany Thicket,Plantation,0
2022,AT36,Albany Thicket,Plantation,10.118
2022,AT37,Albany Thicket,Plantation,0.0524
2022,AT38,Albany Thicket,Plantation,19.45
2022,AT39,Albany Thicket,Plantation,0
2022,AT40,Albany Thicket,Plantation,0.6368
2022,AT41,Albany Thicket,Plantation,4.2824
2022,AT42,Albany Thicket,Plantation,0.0088
2022,AT43,Albany Thicket,Plantation,0.038
2022,AT44,Albany Thicket,Plantation,0.0624
2022,AT45,Albany Thicket,Plantation,0.6172
2022,AT46,Albany Thicket,Plantation,0.024
2022,AT47,Albany Thicket,Plantation,0
2022,AT48,Albany Thicket,Plantation,0
2022,AT49,Albany Thicket,Plantation,0.1548
2022,AT50,Albany Thicket,Plantation,0.2216
2022,AT51,Albany Thicket,Plantation,2.3424
2022,AT52,Albany Thicket,Plantation,0
2022,AT53,Albany Thicket,Plantation,2.0992
2022,AT54,Albany Thicket,Plantation,0.004
2022,AT55,Albany Thicket,Plantation,0.024
2022,AT56,Albany Thicket,Plantation,11.536
2022,AT57,Albany Thicket,Plantation,0.1832
2022,AT58,Albany Thicket,Plantation,0.0236
2022,AZa1,Azonal,Plantation,0.044
2022,AZa2,Azonal,Plantation,5.6008
2022,AZa3,Azonal,Plantation,0.02
2022,AZa4,Azonal,Plantation,6.7492
2022,AZa5,Azonal,Plantation,23.83
2022,AZa6,Azonal,Plantation,11.7884
2022,AZa7,Azonal,Plantation,21.8696
2022,AZd1,Azonal,Plantation,0
2022,AZd2,Azonal,Plantation,0
2022,AZd3,Azonal,Plantation,0.002
2022,AZd4,Azonal,Plantation,0.1512
2022,AZi1,Azonal,Plantation,0.6196
2022,AZi3,Azonal,Plantation,0.0992
2022,AZi5,Azonal,Plantation,1.028
2022,AZi6,Azonal,Plantation,5.258
2022,AZi7,Azonal,Plantation,0.7232
2022,AZi8,Azonal,Plantation,1.2408
2022,AZs3,Azonal,Plantation,0.0796
2022,CB1,IOCB,Plantation,667.574
2022,CB2,IOCB,Plantation,503.826
2022,CB3,IOCB,Plantation,68.256
2022,CB4,IOCB,Plantation,90.6432
2022,CB5,IOCB,Plantation,13.6772
2022,CB6,IOCB,Plantation,6.014
2022,Dg1,Desert,Plantation,0
2022,Dg10,Desert,Plantation,4.00E-04
2022,Dg2,Desert,Plantation,0
2022,Dg3,Desert,Plantation,0
2022,Dg4,Desert,Plantation,0
2022,Dg5,Desert,Plantation,0
2022,Dg6,Desert,Plantation,0
2022,Dg7,Desert,Plantation,0
2022,Dg8,Desert,Plantation,0
2022,Dg9,Desert,Plantation,0.1016
2022,Dn1,Desert,Plantation,0
2022,Dn2,Desert,Plantation,0
2022,Dn3,Desert,Plantation,0
2022,Dn4,Desert,Plantation,0
2022,Dn5,Desert,Plantation,0
2022,FFa1,Fynbos,Plantation,0.15
2022,FFa2,Fynbos,Plantation,7.0224
2022,FFa3,Fynbos,Plantation,11.3212
2022,FFa4,Fynbos,Plantation,0.1824
2022,FFb1,Fynbos,Plantation,0.4636
2022,FFb2,Fynbos,Plantation,1.9536
2022,FFb3,Fynbos,Plantation,0.0208
2022,FFb4,Fynbos,Plantation,1.3932
2022,FFb5,Fynbos,Plantation,0.1804
2022,FFb6,Fynbos,Plantation,11.2112
2022,FFc1,Fynbos,Plantation,20.9868
2022,FFd1,Fynbos,Plantation,0.0012
2022,FFd10,Fynbos,Plantation,98.4024
2022,FFd11,Fynbos,Plantation,0.1032
2022,FFd2,Fynbos,Plantation,2.2384
2022,FFd3,Fynbos,Plantation,0.7656
2022,FFd4,Fynbos,Plantation,3.336
2022,FFd5,Fynbos,Plantation,3.6528
2022,FFd6,Fynbos,Plantation,0.918
2022,FFd7,Fynbos,Plantation,0.48
2022,FFd8,Fynbos,Plantation,0.158
2022,FFd9,Fynbos,Plantation,3.2284
2022,FFf1,Fynbos,Plantation,5.132
2022,FFf2,Fynbos,Plantation,0.1928
2022,FFg1,Fynbos,Plantation,0
2022,FFg2,Fynbos,Plantation,40.0244
2022,FFg3,Fynbos,Plantation,6.9976
2022,FFg4,Fynbos,Plantation,0
2022,FFg5,Fynbos,Plantation,16.6732
2022,FFh1,Fynbos,Plantation,2.4148
2022,FFh10,Fynbos,Plantation,0.334
2022,FFh11,Fynbos,Plantation,0.8928
2022,FFh2,Fynbos,Plantation,0
2022,FFh3,Fynbos,Plantation,0.1564
2022,FFh4,Fynbos,Plantation,4.1112
2022,FFh5,Fynbos,Plantation,10.2704
2022,FFh6,Fynbos,Plantation,14.9612
2022,FFh7,Fynbos,Plantation,2.1192
2022,FFh8,Fynbos,Plantation,2.2828
2022,FFh9,Fynbos,Plantation,84.294
2022,FFl1,Fynbos,Plantation,0.0324
2022,FFl2,Fynbos,Plantation,0.0936
2022,FFl3,Fynbos,Plantation,0.5952
2022,FFq1,Fynbos,Plantation,0
2022,FFq2,Fynbos,Plantation,0
2022,FFq3,Fynbos,Plantation,0.0244
2022,FFq4,Fynbos,Plantation,0.01
2022,FFq5,Fynbos,Plantation,0
2022,FFq6,Fynbos,Plantation,2.862
2022,FFs1,Fynbos,Plantation,1.2752
2022,FFs10,Fynbos,Plantation,10.3744
2022,FFs11,Fynbos,Plantation,37.104
2022,FFs12,Fynbos,Plantation,3.9336
2022,FFs13,Fynbos,Plantation,0.0084
2022,FFs14,Fynbos,Plantation,7.6248
2022,FFs15,Fynbos,Plantation,1.5268
2022,FFs16,Fynbos,Plantation,19.3196
2022,FFs17,Fynbos,Plantation,0.7208
2022,FFs18,Fynbos,Plantation,6.4864
2022,FFs19,Fynbos,Plantation,306.5588
2022,FFs2,Fynbos,Plantation,1.5256
2022,FFs20,Fynbos,Plantation,184.7972
2022,FFs21,Fynbos,Plantation,0
2022,FFs22,Fynbos,Plantation,0.0072
2022,FFs23,Fynbos,Plantation,0
2022,FFs24,Fynbos,Plantation,0.0624
2022,FFs25,Fynbos,Plantation,0
2022,FFs26,Fynbos,Plantation,0.1196
2022,FFs27,Fynbos,Plantation,99.2808
2022,FFs28,Fynbos,Plantation,18.9508
2022,FFs29,Fynbos,Plantation,5.1852
2022,FFs3,Fynbos,Plantation,0.4228
2022,FFs30,Fynbos,Plantation,0
2022,FFs31,Fynbos,Plantation,0
2022,FFs32,Fynbos,Plantation,0.0068
2022,FFs4,Fynbos,Plantation,3.4056
2022,FFs5,Fynbos,Plantation,2.6984
2022,FFs6,Fynbos,Plantation,1.2492
2022,FFs7,Fynbos,Plantation,0.444
2022,FFs8,Fynbos,Plantation,0.0772
2022,FFs9,Fynbos,Plantation,2.9128
2022,FFt1,Fynbos,Plantation,0.0256
2022,FFt2,Fynbos,Plantation,0.0316
2022,FOa1,Forest,Plantation,0.008
2022,FOa2,Forest,Plantation,0.818
2022,FOa3,Forest,Plantation,0.0012
2022,FOz1,Forest,Plantation,7.24
2022,FOz2,Forest,Plantation,2.7396
2022,FOz3,Forest,Plantation,6.48
2022,FOz4,Forest,Plantation,6.4148
2022,FOz5,Forest,Plantation,1.7048
2022,FOz6,Forest,Plantation,0.0116
2022,FOz7,Forest,Plantation,4.2344
2022,FOz8,Forest,Plantation,0.0428
2022,FOz9,Forest,Plantation,0
2022,FRa1,Fynbos,Plantation,1.2672
2022,FRa2,Fynbos,Plantation,0.1308
2022,FRc1,Fynbos,Plantation,0.6352
2022,FRc2,Fynbos,Plantation,1.5344
2022,FRd1,Fynbos,Plantation,0.2168
2022,FRd2,Fynbos,Plantation,0
2022,FRg1,Fynbos,Plantation,0
2022,FRg2,Fynbos,Plantation,9.7424
2022,FRg3,Fynbos,Plantation,0.0028
2022,FRl1,Fynbos,Plantation,0.2108
2022,FRs1,Fynbos,Plantation,0.1304
2022,FRs10,Fynbos,Plantation,0.4664
2022,FRs11,Fynbos,Plantation,5.8856
2022,FRs12,Fynbos,Plantation,4.6632
2022,FRs13,Fynbos,Plantation,4.4736
2022,FRs14,Fynbos,Plantation,0.4532
2022,FRs15,Fynbos,Plantation,0.166
2022,FRs16,Fynbos,Plantation,0.0352
2022,FRs17,Fynbos,Plantation,3.4552
2022,FRs18,Fynbos,Plantation,0
2022,FRs19,Fynbos,Plantation,0.0036
2022,FRs2,Fynbos,Plantation,0.406
2022,FRs20,Fynbos,Plantation,0.3828
2022,FRs3,Fynbos,Plantation,0.156
2022,FRs4,Fynbos,Plantation,0.5768
2022,FRs5,Fynbos,Plantation,0.064
2022,FRs6,Fynbos,Plantation,0.2648
2022,FRs7,Fynbos,Plantation,3.1508
2022,FRs8,Fynbos,Plantation,15.0468
2022,FRs9,Fynbos,Plantation,21.9332
2022,FS1,Fynbos,Plantation,0.1164
2022,FS10,Fynbos,Plantation,0.0084
2022,FS11,Fynbos,Plantation,0
2022,FS12,Fynbos,Plantation,0.1572
2022,FS13,Fynbos,Plantation,1.1196
2022,FS14,Fynbos,Plantation,0
2022,FS2,Fynbos,Plantation,0.312
2022,FS3,Fynbos,Plantation,2.5624
2022,FS4,Fynbos,Plantation,4.00E-04
2022,FS5,Fynbos,Plantation,0.0844
2022,FS6,Fynbos,Plantation,0.9576
2022,FS7,Fynbos,Plantation,0
2022,FS9,Fynbos,Plantation,0.8888
2022,Gd1,Grassland,Plantation,324.1044
2022,Gd10,Grassland,Plantation,0
2022,Gd2,Grassland,Plantation,2.652
2022,Gd3,Grassland,Plantation,1.8324
2022,Gd4,Grassland,Plantation,95.1476
2022,Gd5,Grassland,Plantation,4.3844
2022,Gd6,Grassland,Plantation,4.00E-04
2022,Gd7,Grassland,Plantation,0.0544
2022,Gd8,Grassland,Plantation,0.554
2022,Gh1,Grassland,Plantation,5.6212
2022,Gh10,Grassland,Plantation,266.1204
2022,Gh11,Grassland,Plantation,15.144
2022,Gh12,Grassland,Plantation,2.8116
2022,Gh13,Grassland,Plantation,24.014
2022,Gh14,Grassland,Plantation,41.942
2022,Gh15,Grassland,Plantation,113.0728
2022,Gh2,Grassland,Plantation,35.4056
2022,Gh3,Grassland,Plantation,37.0844
2022,Gh4,Grassland,Plantation,13.9288
2022,Gh5,Grassland,Plantation,31.1832
2022,Gh6,Grassland,Plantation,142.4592
2022,Gh7,Grassland,Plantation,11.7656
2022,Gh8,Grassland,Plantation,0.9604
2022,Gh9,Grassland,Plantation,27.5488
2022,Gm1,Grassland,Plantation,19.806
2022,Gm10,Grassland,Plantation,26.0916
2022,Gm11,Grassland,Plantation,257.7384
2022,Gm12,Grassland,Plantation,1141.6492
2022,Gm13,Grassland,Plantation,48.0456
2022,Gm14,Grassland,Plantation,118.6136
2022,Gm15,Grassland,Plantation,1204.6684
2022,Gm16,Grassland,Plantation,2425.9264
2022,Gm17,Grassland,Plantation,419.3588
2022,Gm19,Grassland,Plantation,16.4356
2022,Gm2,Grassland,Plantation,0.4884
2022,Gm20,Grassland,Plantation,0.0404
2022,Gm21,Grassland,Plantation,13.2348
2022,Gm22,Grassland,Plantation,447.0168
2022,Gm23,Grassland,Plantation,493.6128
2022,Gm24,Grassland,Plantation,0.1828
2022,Gm25,Grassland,Plantation,263.8676
2022,Gm26,Grassland,Plantation,13.176
2022,Gm27,Grassland,Plantation,0.5348
2022,Gm28,Grassland,Plantation,1.4056
2022,Gm29,Grassland,Plantation,0.7104
2022,Gm3,Grassland,Plantation,124.6948
2022,Gm30,Grassland,Plantation,683.1592
2022,Gm31,Grassland,Plantation,447.8244
2022,Gm4,Grassland,Plantation,161.5092
2022,Gm5,Grassland,Plantation,43.6052
2022,Gm6,Grassland,Plantation,42.7932
2022,Gm7,Grassland,Plantation,0.2776
2022,Gm8,Grassland,Plantation,176.1064
2022,Gm9,Grassland,Plantation,21.7496
2022,Gs1,Grassland,Plantation,182.6648
2022,Gs10,Grassland,Plantation,880.3876
2022,Gs11,Grassland,Plantation,313.002
2022,Gs12,Grassland,Plantation,369.2416
2022,Gs13,Grassland,Plantation,1.7408
2022,Gs14,Grassland,Plantation,193.1448
2022,Gs15,Grassland,Plantation,34.6892
2022,Gs16,Grassland,Plantation,5.7836
2022,Gs17,Grassland,Plantation,0.922
2022,Gs18,Grassland,Plantation,0.6016
2022,Gs19,Grassland,Plantation,116.4676
2022,Gs2,Grassland,Plantation,57.2744
2022,Gs20,Grassland,Plantation,716.8968
2022,Gs3,Grassland,Plantation,48.8744
2022,Gs4,Grassland,Plantation,225.312
2022,Gs6,Grassland,Plantation,40.3772
2022,Gs7,Grassland,Plantation,8.2428
2022,Gs8,Grassland,Plantation,305.4192
2022,Gs9,Grassland,Plantation,2410.1576
2022,NKb1,Nama-Karoo,Plantation,0.0336
2022,NKb2,Nama-Karoo,Plantation,0
2022,NKb3,Nama-Karoo,Plantation,0.886
2022,NKb4,Nama-Karoo,Plantation,0
2022,NKb5,Nama-Karoo,Plantation,0.044
2022,NKb6,Nama-Karoo,Plantation,0.282
2022,NKl1,Nama-Karoo,Plantation,0.874
2022,NKl2,Nama-Karoo,Plantation,0.2628
2022,NKl4,Nama-Karoo,Plantation,0.2748
2022,NKu1,Nama-Karoo,Plantation,0.9008
2022,NKu2,Nama-Karoo,Plantation,0.2544
2022,NKu3,Nama-Karoo,Plantation,24.558
2022,NKu4,Nama-Karoo,Plantation,17.1184
2022,NOTVEG,NOTVEG,Plantation,0.3648
2022,SKk1,Succulent Karoo,Plantation,0
2022,SKk2,Succulent Karoo,Plantation,0
2022,SKk3,Succulent Karoo,Plantation,0.0852
2022,SKk4,Succulent Karoo,Plantation,0.0256
2022,SKk5,Succulent Karoo,Plantation,0.4776
2022,SKk6,Succulent Karoo,Plantation,0.0104
2022,SKk7,Succulent Karoo,Plantation,0.7572
2022,SKk8,Succulent Karoo,Plantation,0.0028
2022,SKk9,Succulent Karoo,Plantation,0.0296
2022,SKn1,Succulent Karoo,Plantation,0
2022,SKn2,Succulent Karoo,Plantation,0
2022,SKn3,Succulent Karoo,Plantation,0
2022,SKn4,Succulent Karoo,Plantation,0
2022,SKn5,Succulent Karoo,Plantation,0
2022,SKn6,Succulent Karoo,Plantation,0
2022,SKn7,Succulent Karoo,Plantation,0
2022,SKr1,Succulent Karoo,Plantation,0
2022,SKr10,Succulent Karoo,Plantation,0
2022,SKr11,Succulent Karoo,Plantation,0
2022,SKr12,Succulent Karoo,Plantation,0
2022,SKr13,Succulent Karoo,Plantation,0
2022,SKr14,Succulent Karoo,Plantation,0
2022,SKr15,Succulent Karoo,Plantation,0
2022,SKr16,Succulent Karoo,Plantation,0
2022,SKr17,Succulent Karoo,Plantation,0
2022,SKr18,Succulent Karoo,Plantation,0
2022,SKr19,Succulent Karoo,Plantation,0.0104
2022,SKr2,Succulent Karoo,Plantation,0
2022,SKr3,Succulent Karoo,Plantation,0
2022,SKr4,Succulent Karoo,Plantation,0
2022,SKr5,Succulent Karoo,Plantation,0
2022,SKr6,Succulent Karoo,Plantation,0
2022,SKr7,Succulent Karoo,Plantation,0
2022,SKr8,Succulent Karoo,Plantation,0
2022,SKr9,Succulent Karoo,Plantation,0
2022,SKs1,Succulent Karoo,Plantation,0
2022,SKs10,Succulent Karoo,Plantation,0
2022,SKs11,Succulent Karoo,Plantation,0
2022,SKs12,Succulent Karoo,Plantation,0.18
2022,SKs13,Succulent Karoo,Plantation,0.4756
2022,SKs14,Succulent Karoo,Plantation,0.0604
2022,SKs2,Succulent Karoo,Plantation,0
2022,SKs3,Succulent Karoo,Plantation,0
2022,SKs4,Succulent Karoo,Plantation,0
2022,SKs5,Succulent Karoo,Plantation,0
2022,SKs6,Succulent Karoo,Plantation,0
2022,SKs7,Succulent Karoo,Plantation,0.746
2022,SKs8,Succulent Karoo,Plantation,0
2022,SKs9,Succulent Karoo,Plantation,8.00E-04
2022,SKt1,Succulent Karoo,Plantation,0
2022,SKt2,Succulent Karoo,Plantation,0.7352
2022,SKt3,Succulent Karoo,Plantation,0.5668
2022,SKv1,Succulent Karoo,Plantation,0.2488
2022,SKv10,Succulent Karoo,Plantation,0.0076
2022,SKv11,Succulent Karoo,Plantation,0.354
2022,SKv13,Succulent Karoo,Plantation,0.0816
2022,SKv14,Succulent Karoo,Plantation,0.0216
2022,SKv2,Succulent Karoo,Plantation,0
2022,SKv3,Succulent Karoo,Plantation,0.06
2022,SKv4,Succulent Karoo,Plantation,0.0068
2022,SKv5,Succulent Karoo,Plantation,0.0716
2022,SKv6,Succulent Karoo,Plantation,0.1644
2022,SKv7,Succulent Karoo,Plantation,0.7124
2022,SKv8,Succulent Karoo,Plantation,0.4468
2022,SVcb1,Savanna,Plantation,1.9516
2022,SVcb10,Savanna,Plantation,65.8288
2022,SVcb11,Savanna,Plantation,38.8268
2022,SVcb12,Savanna,Plantation,56.7608
2022,SVcb13,Savanna,Plantation,3.5648
2022,SVcb14,Savanna,Plantation,1.1536
2022,SVcb15,Savanna,Plantation,8.9332
2022,SVcb16,Savanna,Plantation,6.35
2022,SVcb17,Savanna,Plantation,9.2336
2022,SVcb18,Savanna,Plantation,4.0652
2022,SVcb19,Savanna,Plantation,8.9748
2022,SVcb2,Savanna,Plantation,0.398
2022,SVcb20,Savanna,Plantation,65.566
2022,SVcb21,Savanna,Plantation,265.2808
2022,SVcb22,Savanna,Plantation,0
2022,SVcb23,Savanna,Plantation,4.918
2022,SVcb24,Savanna,Plantation,3.21
2022,SVcb25,Savanna,Plantation,0.5672
2022,SVcb26,Savanna,Plantation,5.5412
2022,SVcb27,Savanna,Plantation,0.0904
2022,SVcb28,Savanna,Plantation,0.048
2022,SVcb29,Savanna,Plantation,0.1624
2022,SVcb3,Savanna,Plantation,4.4232
2022,SVcb4,Savanna,Plantation,33.7836
2022,SVcb5,Savanna,Plantation,0.0272
2022,SVcb6,Savanna,Plantation,26.4404
2022,SVcb7,Savanna,Plantation,0.8104
2022,SVcb8,Savanna,Plantation,64.0376
2022,SVcb9,Savanna,Plantation,50.6184
2022,SVk1,Savanna,Plantation,7.2684
2022,SVk10,Savanna,Plantation,1.858
2022,SVk11,Savanna,Plantation,1.2836
2022,SVk12,Savanna,Plantation,0.0912
2022,SVk13,Savanna,Plantation,0.488
2022,SVk14,Savanna,Plantation,0.0612
2022,SVk15,Savanna,Plantation,0
2022,SVk16,Savanna,Plantation,0
2022,SVk17,Savanna,Plantation,6.9088
2022,SVk18,Savanna,Plantation,0.1972
2022,SVk2,Savanna,Plantation,11.874
2022,SVk3,Savanna,Plantation,3.5856
2022,SVk4,Savanna,Plantation,40.542
2022,SVk5,Savanna,Plantation,0.376
2022,SVk6,Savanna,Plantation,10.808
2022,SVk7,Savanna,Plantation,6.9752
2022,SVk8,Savanna,Plantation,3.5552
2022,SVk9,Savanna,Plantation,0.7116
2022,SVkd1,Savanna,Plantation,0.0708
2022,SVkd2,Savanna,Plantation,0
2022,SVkd3,Savanna,Plantation,0
2022,SVkd4,Savanna,Plantation,0
2022,SVl1,Savanna,Plantation,0.6384
2022,SVl10,Savanna,Plantation,3.3264
2022,SVl11,Savanna,Plantation,0.0012
2022,SVl12,Savanna,Plantation,19.268
2022,SVl13,Savanna,Plantation,17.8644
2022,SVl14,Savanna,Plantation,9.6884
2022,SVl15,Savanna,Plantation,0
2022,SVl16,Savanna,Plantation,0
2022,SVl17,Savanna,Plantation,0.012
2022,SVl18,Savanna,Plantation,15.0804
2022,SVl19,Savanna,Plantation,0
2022,SVl2,Savanna,Plantation,0
2022,SVl20,Savanna,Plantation,12.4044
2022,SVl21,Savanna,Plantation,0.0232
2022,SVl22,Savanna,Plantation,97.3128
2022,SVl23,Savanna,Plantation,3.4708
2022,SVl24,Savanna,Plantation,6.1256
2022,SVl25,Savanna,Plantation,8.6528
2022,SVl26,Savanna,Plantation,43.468
2022,SVl27,Savanna,Plantation,5.8756
2022,SVl3,Savanna,Plantation,8.3508
2022,SVl4,Savanna,Plantation,0.6484
2022,SVl5,Savanna,Plantation,0.8684
2022,SVl6,Savanna,Plantation,0
2022,SVl7,Savanna,Plantation,0.2052
2022,SVl8,Savanna,Plantation,267.8992
2022,SVl9,Savanna,Plantation,1125.8224
2022,SVmp1,Savanna,Plantation,2.7936
2022,SVmp2,Savanna,Plantation,0.3444
2022,SVmp3,Savanna,Plantation,0
2022,SVmp4,Savanna,Plantation,0
2022,SVmp5,Savanna,Plantation,0.628
2022,SVmp6,Savanna,Plantation,0.2112
2022,SVmp7,Savanna,Plantation,0.21
2022,SVmp8,Savanna,Plantation,0
2022,SVs1,Savanna,Plantation,0.3416
2022,SVs2,Savanna,Plantation,5.4152
2022,SVs3,Savanna,Plantation,14.0596
2022,SVs4,Savanna,Plantation,10.5124
2022,SVs5,Savanna,Plantation,454.4136
2022,SVs6,Savanna,Plantation,27.9204
2022,SVs7,Savanna,Plantation,104.5584
2022,SVs8,Savanna,Plantation,22.3344
